tau_P,L_base,weather_code,weather_name,hour,N,mean,median,population_SD,min,max,P95,P99
0.25,3.0486708328788574,1,Clear,0,95857,0.6250671761182398,0.6923861501173046,25.86925987937313,-843.0594068380428,3794.596583361384,2.4294468633249884,10.503750754751087
0.25,3.0486708328788574,1,Clear,1,57138,0.6984865270058055,0.7256202120730457,27.746113722942674,-846.2829860712675,3968.6698619555245,2.3769793461078907,9.860877510333415
0.25,3.0486708328788574,1,Clear,2,35962,0.7734538122281521,0.7568967763563452,29.469185424664158,-961.2573120562857,3125.1666292616983,2.443074127268292,9.303494043385541
0.25,3.0486708328788574,1,Clear,3,23657,0.2518232930928244,0.7296863982573202,26.453990601775423,-866.6989878816914,2777.0200720734183,2.599662840500708,11.78996854407364
0.25,3.0486708328788574,1,Clear,4,19549,0.800645314750895,0.5246056297800246,37.503970942273604,-767.8425580627973,3518.443295715126,2.640356557621221,10.749649456473684
0.25,3.0486708328788574,1,Clear,5,32073,0.6706809965114615,0.5034953748132528,44.05785873068291,-767.8425580627973,7342.682792730826,2.406963904882875,10.122328774988134
0.25,3.0486708328788574,1,Clear,6,64967,0.6168935422714255,0.6881494708995354,21.37286801709578,-1198.7276489038468,2102.2174859183583,2.4975254966963556,10.4313063388896
0.25,3.0486708328788574,1,Clear,7,119329,0.9770890809733821,0.7866587309730704,36.82911032691054,-1186.9078583820224,4026.6942881535697,2.6619559557170724,11.179057453413446
0.25,3.0486708328788574,1,Clear,8,165769,1.1042333245733784,0.7439431607546183,42.862116730606964,-1971.3121384667263,6262.783749600513,2.353061079390711,11.30426312413545
0.25,3.0486708328788574,1,Clear,9,165688,0.9412972428098805,0.7111363489177833,40.58056193932284,-767.8425580627973,9008.198729896978,1.8839179901913812,8.42590487457861
0.25,3.0486708328788574,1,Clear,10,154738,0.8289950118276762,0.6926859810781436,25.384849374037618,-692.6257092875517,3638.790253755518,1.6106744351824849,6.468839967812195
0.25,3.0486708328788574,1,Clear,11,143812,0.887062409274631,0.6814187430628873,29.090810309736337,-848.4320388934175,4530.647174947715,1.5377491629480402,6.618873241786935
0.25,3.0486708328788574,1,Clear,12,169540,0.7796068060150093,0.6962415076400659,21.54142657993368,-1090.2004813852782,2671.7164837880755,1.5707574637702952,6.752950702222935
0.25,3.0486708328788574,1,Clear,13,153917,0.7935127091621006,0.7049489789059826,23.25045226190844,-767.8425580627973,5012.035007109287,1.6512005279251096,7.129490946403537
0.25,3.0486708328788574,1,Clear,14,193383,0.9204263392453922,0.707389017513751,29.81411838953327,-821.5688786165441,4873.421100080621,1.6145130822044422,6.8573351898462285
0.25,3.0486708328788574,1,Clear,15,209387,0.7129102248608228,0.6899415762287435,24.886271330466514,-1837.9695076196247,5425.7276753731385,1.6062193985797455,7.1336022593737365
0.25,3.0486708328788574,1,Clear,16,189733,0.7902012425440154,0.7466162413531328,17.718326088769594,-729.9247677573944,2435.320673351589,1.4926197948224866,5.6008325991442875
0.25,3.0486708328788574,1,Clear,17,187292,0.8412779203130796,0.7684678097750354,26.090427626361393,-1971.3121384667263,4548.914123935989,1.5733574421119996,6.161584143498457
0.25,3.0486708328788574,1,Clear,18,170739,0.7747534142096242,0.7833269704991337,23.11540683950957,-767.8425580627973,4964.75584502199,1.6779009651606702,6.8554680612917505
0.25,3.0486708328788574,1,Clear,19,149037,0.7771444849038766,0.8005239616409037,27.984046577150618,-843.0594068380428,7101.988876650039,1.7213135923310805,6.238845637472503
0.25,3.0486708328788574,1,Clear,20,169635,0.8685508593854887,0.800959380793484,34.60669663351473,-1242.521055917237,7059.007820207043,2.088504190803519,9.020227165838595
0.25,3.0486708328788574,1,Clear,21,157395,0.8707150116486985,0.7825520954388441,43.08427775411913,-1228.8496253525625,5887.774032135361,2.274698972167203,10.698651324644928
0.25,3.0486708328788574,1,Clear,22,143199,0.7690579635861853,0.7327154809842268,31.753543221956072,-1126.7256861947533,4497.336856204393,2.304775356822658,10.579158374665388
0.25,3.0486708328788574,1,Clear,23,113775,0.6684163946806948,0.6981388357798902,29.453438789060208,-1083.7533229188286,4208.289251625234,2.2962859935803404,9.06318479817018
0.25,3.0486708328788574,8,Rain,0,14421,0.5334763516172659,0.7583389330411416,38.702647337562034,-882.8168840478154,4172.829880059761,3.210451806011887,13.987180979506354
0.25,3.0486708328788574,8,Rain,1,978,-0.07944782529501693,0.4345420777284721,15.090514557463742,-466.97516296181493,23.023375160397325,1.5765357468823453,5.240236073707092
0.25,3.0486708328788574,8,Rain,2,5155,0.8340546078602664,0.7698162101430428,43.172036807493896,-521.0648405765846,2303.153924789372,3.221693363294087,13.682427260452034
0.25,3.0486708328788574,8,Rain,3,6361,1.4110710248953966,0.7882658603097288,51.29602397915256,-692.6257092875517,2456.811201573088,3.172524511409741,12.17949712190379
0.25,3.0486708328788574,8,Rain,4,2463,-0.18762232607861257,0.5753772100106929,19.96708181655004,-617.4088605123061,65.7438375088783,2.6933226009294553,9.584666318889346
0.25,3.0486708328788574,8,Rain,6,2326,0.735528718650731,0.6776859443908079,3.8680879982704397,-64.99809424764514,106.17380508944358,2.326553319474477,10.8967272434338
0.25,3.0486708328788574,8,Rain,7,25151,1.1510839571658398,0.8136638445779651,38.63929144650481,-767.8425580627973,3431.4066564180553,2.4972313158779214,10.594067438125297
0.25,3.0486708328788574,8,Rain,8,12292,1.4137681417230252,0.7872220137281716,32.030175200506754,-316.541465411324,1540.2401729261667,2.0510720676807583,8.943672476989876
0.25,3.0486708328788574,8,Rain,9,10663,0.6569695027994953,0.7783896543208838,12.039605314239994,-617.4088605123061,638.7125140342947,1.5907086642293484,5.299697430305797
0.25,3.0486708328788574,8,Rain,13,18437,0.8396648868204526,0.7466162413531328,22.42063427058696,-740.9793977859238,2455.736675162013,1.4622073713903927,5.4808819026331514
0.25,3.0486708328788574,8,Rain,14,14207,1.0688593208482255,0.7256534131504315,23.757356376091188,-391.75831418656946,1803.4991436395264,1.3611614756475021,5.919111620233024
0.25,3.0486708328788574,8,Rain,15,17036,0.9204382900706164,0.7282693743159815,21.322400484305174,-396.0453731237182,1686.3757648323583,1.4512322347512399,6.340258724236607
0.25,3.0486708328788574,8,Rain,16,3628,0.646348080272756,0.9027763441929111,9.751567249507787,-391.75831418656946,140.76417157837895,1.8831080158096232,6.509432031719379
0.25,3.0486708328788574,8,Rain,17,11290,0.7965876386641477,0.8354181406969954,14.285673177957037,-617.4088605123061,688.1407289437419,1.7141261240138288,6.6210710510233755
0.25,3.0486708328788574,8,Rain,18,18540,0.7430645757061402,0.7986267641684947,18.58687764022682,-542.1920117370604,1877.641466003697,1.5295605061220792,5.625986759160521
0.25,3.0486708328788574,8,Rain,19,19235,0.7129591240520512,0.7481518687623703,13.316012193214508,-391.75831418656946,1216.807723192611,1.9275438751469667,8.059949702543907
0.25,3.0486708328788574,8,Rain,20,9975,0.2945974103726002,0.8315645870703362,16.477637049306008,-542.1920117370604,833.2017944388587,2.1858109778471504,10.561990590407685
0.25,3.0486708328788574,8,Rain,21,12438,0.6141582752343584,0.8250797447918357,20.107833101042612,-692.6257092875517,1268.3849909242078,2.115982515893227,7.55160824625103
0.25,3.0486708328788574,8,Rain,22,6028,0.4624996438190558,0.807203455237042,15.323428596610235,-466.97516296181493,593.5824047691477,2.285896130528566,8.028151518154965
0.25,3.0486708328788574,8,Rain,23,6912,0.33182713590943985,0.6820751377457168,24.847797109211864,-652.868232077779,1701.4191345874074,2.575948806806729,11.920829486953524
0.5,2.9910786705717562,1,Clear,0,95857,0.5348841940809861,0.6866610236020846,35.53724919010609,-4008.099231413386,1110.1493630291739,2.4514606835836275,10.720535898331756
0.5,2.9910786705717562,1,Clear,1,57138,0.6833063564948151,0.720926840639511,25.49347532910832,-2059.527431498706,1049.0941132985142,2.4128572659912937,9.925377285020229
0.5,2.9910786705717562,1,Clear,2,35962,0.658805477436842,0.7531735128591887,36.20846942398423,-3462.499127437275,1019.216012366489,2.437265139157978,9.916965788259292
0.5,2.9910786705717562,1,Clear,3,23657,0.8801808070895144,0.7214225451756417,32.7921092251778,-3019.5238049233385,928.282661703804,2.610304476742513,10.993915295045655
0.5,2.9910786705717562,1,Clear,4,19549,0.5844343565690591,0.5103431704108322,44.21410430925258,-4521.223138724251,1444.0046647478891,2.714569234622563,12.070864801832016
0.5,2.9910786705717562,1,Clear,5,32073,0.66387737262942,0.48760649952893637,23.748132320506414,-1867.268347240457,1019.216012366489,2.414044296096346,10.29020270409975
0.5,2.9910786705717562,1,Clear,6,64967,0.3990355609622518,0.6747114390895899,42.226560640570824,-6320.404433978807,1219.269383824396,2.5271259496749527,9.986414653931527
0.5,2.9910786705717562,1,Clear,7,119329,0.34204186355961963,0.7888338329971691,37.278946915674226,-5544.872857612764,1019.216012366489,2.714902188766042,10.993915295045655
0.5,2.9910786705717562,1,Clear,8,165769,-0.33732236445492375,0.7500976976232874,68.35851882108906,-10111.026108746166,1019.216012366489,2.3912878520892766,11.337513142916237
0.5,2.9910786705717562,1,Clear,9,165688,0.21674725547557883,0.7166407927788996,40.457959244220405,-8294.957191225683,2383.216272306765,1.9250157107325798,8.40702159770959
0.5,2.9910786705717562,1,Clear,10,154738,0.41936228260615666,0.6983449708162965,25.751009621245004,-3748.2896580914285,2383.216272306765,1.6504627618716536,6.557205253432856
0.5,2.9910786705717562,1,Clear,11,143812,0.36986536161419303,0.6866305991136541,28.90819187921371,-3813.242051421918,2383.216272306765,1.58425922986708,7.016597601945519
0.5,2.9910786705717562,1,Clear,12,169540,0.37080258626991625,0.6999961366072338,27.630454578391117,-3785.962046223112,928.282661703804,1.6030015699505449,6.758307105919139
0.5,2.9910786705717562,1,Clear,13,153917,0.2715143527275428,0.709990947554747,30.311138851251943,-3891.1849234185047,732.1264338457261,1.679750316934436,7.5514829942105
0.5,2.9910786705717562,1,Clear,14,193383,0.40202275292116796,0.7129129226290319,25.090115063212522,-3745.6915623582086,999.7950858997527,1.6422712034779665,7.035255376276541
0.5,2.9910786705717562,1,Clear,15,209387,0.07467666725682458,0.6948345082742642,42.61411366263469,-8389.787685488198,2546.8963034995986,1.6405007148563324,7.352633404741046
0.5,2.9910786705717562,1,Clear,16,189733,0.4211938875665385,0.7528905869920853,33.701444580822404,-9464.100271174491,928.282661703804,1.5280944907495109,5.742493726816934
0.5,2.9910786705717562,1,Clear,17,187292,0.5214808022084826,0.776515225044028,26.536283684918427,-6330.796816911685,1019.216012366489,1.6268260005346045,6.388600843213144
0.5,2.9910786705717562,1,Clear,18,170739,0.48902141166056984,0.7903207360302609,30.51331409538066,-6793.257857424769,837.3493110411189,1.712128485443006,6.751348456705807
0.5,2.9910786705717562,1,Clear,19,149037,0.4731602190096311,0.8058797607697259,32.15427443536359,-7619.452300588592,1058.1874483647828,1.7821365478109812,6.6861172679002046
0.5,2.9910786705717562,1,Clear,20,169635,0.41258188649795574,0.8047979665502668,33.907922828066845,-7432.389407796783,1154.6629551177848,2.146554779709528,8.89462864478775
0.5,2.9910786705717562,1,Clear,21,157395,0.26918471451266535,0.7846870561561824,42.303522914843576,-5974.8577014606035,1110.1493630291739,2.332487256479436,10.514040769528382
0.5,2.9910786705717562,1,Clear,22,143199,0.31109872698967306,0.7314907829340898,43.26468671376157,-7327.166530601391,1267.3341548889582,2.3701774196521725,10.125957069739561
0.5,2.9910786705717562,1,Clear,23,113775,0.5055888195632969,0.6911543329694416,27.074004288245735,-2463.5313180143494,1178.998899959493,2.312567817551652,8.840016281472929
0.5,2.9910786705717562,8,Rain,0,14421,0.35481029183563245,0.7488451342183948,50.25458341487178,-4401.71073499615,837.3493110411189,3.1272089713967515,12.798636965798831
0.5,2.9910786705717562,8,Rain,1,978,0.2629493429321776,0.42316884695864915,4.929644796578107,-123.23256613770107,38.53078095436714,1.5203767420901533,4.737934528396049
0.5,2.9910786705717562,8,Rain,2,5155,-0.19555810736867552,0.7622059102345788,79.81643743448443,-5539.676666146323,928.282661703804,3.398421312253049,14.677186446849745
0.5,2.9910786705717562,8,Rain,3,6361,0.12517631392056533,0.7883061199849462,46.80369820198232,-2707.752316936989,890.6102735721201,3.168078810557507,12.367396923247066
0.5,2.9910786705717562,8,Rain,4,2463,1.2624345224830311,0.5656721771758042,30.87652927953103,-711.115745957747,745.1169125118241,2.765186149277434,11.71909724296497
0.5,2.9910786705717562,8,Rain,6,2326,0.9761779793901719,0.6532930307522669,24.106804328582115,-123.23256613770107,837.3493110411189,2.2541098969428446,6.318529497990531
0.5,2.9910786705717562,8,Rain,7,25151,0.10655353550376868,0.8186561228520725,43.2642091153108,-4399.112639262931,837.3493110411189,2.5709598510387894,9.815268390148699
0.5,2.9910786705717562,8,Rain,8,12292,-0.026082974752723923,0.7960432249287612,33.814770692389466,-1664.61688004933,837.3493110411189,2.064504094753201,8.285491614334635
0.5,2.9910786705717562,8,Rain,9,10663,0.3077748039211631,0.7846858964296647,18.208789170746496,-1552.8987635208882,200.81585640232328,1.637946550147504,5.395514413384189
0.5,2.9910786705717562,8,Rain,13,18437,0.7511642095323297,0.7533725635541777,15.589553239771021,-1132.0072547393177,564.5492590530636,1.488021935698278,5.609167761113843
0.5,2.9910786705717562,8,Rain,14,14207,-0.008857278164782567,0.7327376981390545,42.756068893711436,-4182.171645539096,655.4826097157486,1.386395042002281,5.604782628372644
0.5,2.9910786705717562,8,Rain,15,17036,0.44779238266982396,0.7358777053047407,20.7592117784992,-2060.826479365315,387.5486820337395,1.4781441721105946,6.739200639734799
0.5,2.9910786705717562,8,Rain,16,3628,0.48179038817359,0.9079869840494065,26.473112878856814,-1413.9006417936412,564.5492590530636,1.9120819623943197,5.830922075847258
0.5,2.9910786705717562,8,Rain,17,11290,0.98642292185278,0.8407142424520438,13.963368298973935,-153.09462057888948,928.282661703804,1.7551115706716267,6.85613011286412
0.5,2.9910786705717562,8,Rain,18,18540,0.20598942264387565,0.8059690841781102,62.41242799876634,-6994.610276749286,746.4159603784339,1.5910911718786438,5.753642285204231
0.5,2.9910786705717562,8,Rain,19,19235,0.551351459113605,0.752997272832067,22.893882393660377,-2012.7617083007538,837.3493110411189,1.9386382843314691,8.50397315872672
0.5,2.9910786705717562,8,Rain,20,9975,0.5386593011386076,0.8341628212018959,23.513117950868892,-1668.5140236491593,655.4826097157486,2.2701419412398436,9.97013632331431
0.5,2.9910786705717562,8,Rain,21,12438,0.012595315357986104,0.8289909099843131,39.18030362102561,-3262.445755979368,1019.216012366489,2.2299406459187514,7.763066774686566
0.5,2.9910786705717562,8,Rain,22,6028,0.4014583215629737,0.807071041386461,18.140569154936504,-824.1329103527986,564.5492590530636,2.3668115938272978,8.055956407581142
0.5,2.9910786705717562,8,Rain,23,6912,0.3902831851483771,0.6797184258454912,40.16460521534128,-3096.1676290533155,655.4826097157486,2.7583079499118464,13.749567009541714
1.0,3.01799878914405,1,Clear,0,95857,0.7863816312254588,0.6910159375946465,24.32260578817501,-615.3702739311351,2384.0238772643047,2.4758255802884905,11.2122309855363
1.0,3.01799878914405,1,Clear,1,57138,0.6436743326569125,0.7238034568375911,18.14174534406725,-938.6471031837347,1230.308863215474,2.3903689338704632,9.935181346098013
1.0,3.01799878914405,1,Clear,2,35962,0.47689591148286936,0.7553918754945217,18.42388011574341,-1140.8740856540126,1788.4441118980064,2.4495589334809793,9.48576902262005
1.0,3.01799878914405,1,Clear,3,23657,0.5580114952570104,0.7286116941543967,16.42836370547174,-699.8499967853853,1401.988439708962,2.653818822871968,11.589347204877244
1.0,3.01799878914405,1,Clear,4,19549,0.6756132604013855,0.5178218145757093,26.53964522642276,-643.6516765129246,2644.015993106294,2.680953821698369,11.947025584722946
1.0,3.01799878914405,1,Clear,5,32073,0.6316258012490927,0.4960453627752229,19.1623657105983,-648.2754738058601,1785.6181106388547,2.422043640423851,10.526004729189388
1.0,3.01799878914405,1,Clear,6,64967,0.7892381417022485,0.6835656663714237,19.07744520857354,-1296.1362624664707,1741.8150911219977,2.554674109988967,11.48110260854056
1.0,3.01799878914405,1,Clear,7,119329,1.0015109674558764,0.7892092548910767,29.5009905951073,-993.2805159302984,5927.122955926204,2.726129444913436,12.035206928582273
1.0,3.01799878914405,1,Clear,8,165769,0.7845945391746907,0.7475198106835609,24.98277255547774,-775.8672335827908,4441.352793927007,2.362700215268331,11.553183685025179
1.0,3.01799878914405,1,Clear,9,165688,0.7343106835576194,0.7140292348514006,19.479445947223923,-1040.2983477225234,2814.2825689702054,1.910577427321817,8.438550171118871
1.0,3.01799878914405,1,Clear,10,154738,0.6352785171881016,0.6948264589061942,15.318294065050596,-1402.111309684673,1656.3285530326477,1.6312956805185255,6.498986523460318
1.0,3.01799878914405,1,Clear,11,143812,0.6653888745610009,0.6840497251719494,13.74135810989173,-602.218557988941,1473.344971502552,1.5522940564530827,6.782703956088821
1.0,3.01799878914405,1,Clear,12,169540,0.6577413284757389,0.6984474521271102,15.965369293054895,-1296.1362624664707,2561.355456276096,1.5813754702318596,6.677953610782731
1.0,3.01799878914405,1,Clear,13,153917,0.793886850059015,0.7074578515291577,21.14803398584324,-1296.1362624664707,3142.098715031845,1.6744714536849854,7.216290619490886
1.0,3.01799878914405,1,Clear,14,193383,0.6750693187634241,0.7102224672282411,17.44272519954614,-1296.1362624664707,3502.4138755737335,1.6268093499948444,6.9710876392005945
1.0,3.01799878914405,1,Clear,15,209387,0.6573773168364789,0.6920377598862176,16.868871870236926,-664.8627284492668,1967.1886915393748,1.6231179659311137,7.216290619490886
1.0,3.01799878914405,1,Clear,16,189733,0.7363339586702291,0.7503010280470894,18.022947865763935,-1296.1362624664707,4688.627904102812,1.502171677000127,5.751859906312736
1.0,3.01799878914405,1,Clear,17,187292,0.7358825550816136,0.7734894235899158,19.1653568599297,-701.0982755071847,3299.648285229573,1.6030047177509845,6.269908281978326
1.0,3.01799878914405,1,Clear,18,170739,0.6844240935284757,0.7871166057620406,12.348556734638327,-609.3604758825048,2532.3889433697873,1.7054559139661019,6.955916320282255
1.0,3.01799878914405,1,Clear,19,149037,0.694555508721438,0.8030727930110193,14.938371672840496,-889.699878974494,2073.163738757577,1.7593732257909114,6.644546132016856
1.0,3.01799878914405,1,Clear,20,169635,0.7432788958960173,0.8040628172323497,22.523475550918906,-577.4744117112863,3819.6325169135525,2.136745906573305,9.253383326933735
1.0,3.01799878914405,1,Clear,21,157395,0.8507868250240721,0.7847621025620782,32.68645840347699,-1266.54956837684,5486.9732598132705,2.332559470926048,11.449990091582773
1.0,3.01799878914405,1,Clear,22,143199,0.6974849150723803,0.733169823609965,23.209555821013996,-1001.2346604064265,4003.3225987584374,2.3521654584117795,10.739302009330363
1.0,3.01799878914405,1,Clear,23,113775,0.5565722039910761,0.6950953477450983,14.646356210931424,-860.0044062636149,1402.6949400237502,2.322992563210824,9.036093545378865
1.0,3.01799878914405,8,Rain,0,14421,0.6175904560237421,0.7551001807979886,23.12877632924607,-616.0773089956799,1755.9450974177582,3.1876348113067468,16.32336307829339
1.0,3.01799878914405,8,Rain,1,978,0.5859963022924017,0.42934673503805765,3.457437420362015,-19.780632249524263,64.44394062863162,1.6207675045496022,6.871259934309295
1.0,3.01799878914405,8,Rain,2,5155,0.5368140201915286,0.768103818400481,27.389150967769567,-554.3109319390541,1260.6883767513586,3.3240482115430527,15.482211119081674
1.0,3.01799878914405,8,Rain,3,6361,0.9259027950006167,0.7905509270997307,18.818600006493504,-433.4993781103032,1019.7717694086455,3.2625154628884734,12.415915207884284
1.0,3.01799878914405,8,Rain,4,2463,0.7437873414978008,0.5766853537394996,9.427725264317482,-264.3627702422968,313.42180834900995,2.760132868201427,12.186109012157269
1.0,3.01799878914405,8,Rain,6,2326,0.2606283431565139,0.6668854220695689,15.563883163490589,-455.4008878687318,101.56328151723042,2.3195304552795353,9.007172079785503
1.0,3.01799878914405,8,Rain,7,25151,0.8902868567380772,0.8173649976867318,20.91072265251602,-405.9458658335707,1684.588565624168,2.591813534768715,11.037417809839136
1.0,3.01799878914405,8,Rain,8,12292,1.10418779602544,0.7928834155045732,22.42209283637846,-356.4908437984095,1500.8984837792846,2.061039285811823,8.636213323522178
1.0,3.01799878914405,8,Rain,9,10663,0.5658141371998349,0.7820933161871755,7.845021876653064,-316.64795916098274,219.2920545093017,1.6046473278170423,5.847825467186053
1.0,3.01799878914405,8,Rain,13,18437,0.88608479151071,0.7503010280470894,24.899369301111797,-307.0358217632484,2297.830838860166,1.4731331466337105,5.55876649352095
1.0,3.01799878914405,8,Rain,14,14207,0.7363112180449531,0.7298196420221424,10.878362473075398,-431.1876396172306,830.4296850454573,1.375897345839398,5.800426007118734
1.0,3.01799878914405,8,Rain,15,17036,0.700393750446868,0.7317372426561328,7.83663834458493,-208.12577769292633,335.87946469384616,1.4627080138890598,6.5834492514018015
1.0,3.01799878914405,8,Rain,16,3628,0.6627617951847785,0.9055191634173957,9.348201064758753,-382.63135544556616,200.9379045693351,1.9124739536576263,6.60873711447148
1.0,3.01799878914405,8,Rain,17,11290,0.7063202148524266,0.8382868690735412,5.864447340690006,-356.4908437984095,138.05937655320162,1.7179452345781365,6.581094343827144
1.0,3.01799878914405,8,Rain,18,18540,0.8077280827286556,0.8028747055174312,30.369152430848235,-356.4908437984095,3098.2956955149884,1.568311144079199,5.736452817217319
1.0,3.01799878914405,8,Rain,19,19235,0.6794818085622895,0.7514078926572739,21.544262192768027,-1543.5305549122415,1998.9812057048355,1.930959393899255,8.356414662066193
1.0,3.01799878914405,8,Rain,20,9975,0.5417086147838075,0.8325076164419278,24.700166103695263,-800.4367020757205,1670.4585593284082,2.2306909533149293,10.323939348945338
1.0,3.01799878914405,8,Rain,21,12438,0.7381188997252792,0.8279283635765621,12.508321911007947,-405.9458658335707,707.4986302723423,2.1887640898812353,8.516416969454124
1.0,3.01799878914405,8,Rain,22,6028,0.8484255815592964,0.807930297562923,17.07646166957741,-405.9458658335707,1119.3883137937555,2.3830200457141326,8.240413174309069
1.0,3.01799878914405,8,Rain,23,6912,1.6634776271577207,0.6802470206786686,50.955897227372375,-714.7087004996711,2094.3587482012176,2.6367935760359247,12.368974910119588
2.0,3.0333960338928465,1,Clear,0,95857,0.5106036855893906,0.691680411588104,15.448382896774147,-2212.934782526625,617.0220494323526,2.449123002671695,10.983768714258481
2.0,3.0333960338928465,1,Clear,1,57138,0.5376850324700085,0.7245759242426699,14.79766665951125,-1643.006308868222,381.8717263983049,2.3782706711461588,9.777022654096983
2.0,3.0333960338928465,1,Clear,2,35962,0.5821468720045105,0.7559408374512495,10.696424383668827,-788.9504977545662,362.4591129196806,2.4531667849164975,9.668668366822333
2.0,3.0333960338928465,1,Clear,3,23657,0.8045184011714116,0.729987958476041,13.906489631316477,-947.9613788046343,600.8832326627412,2.6434410134464996,12.496934784493579
2.0,3.0333960338928465,1,Clear,4,19549,0.5958741596070966,0.5211649657795825,13.496380857565484,-678.061330706492,856.0917218461974,2.653473889114301,11.310692471069418
2.0,3.0333960338928465,1,Clear,5,32073,0.5412130169590631,0.4998958480757812,18.102037857296274,-1910.3956588445214,584.8454254812855,2.4156623442267344,9.927577071151074
2.0,3.0333960338928465,1,Clear,6,64967,0.6046418084514058,0.6860165390843277,13.946119555615986,-1373.9431601440276,555.479361484234,2.526433557675689,10.864947462582299
2.0,3.0333960338928465,1,Clear,7,119329,0.5727286430149678,0.7881008896247793,18.80257529984851,-2503.7573149734603,1330.5729348727752,2.6937874953251657,11.455425624123787
2.0,3.0333960338928465,1,Clear,8,165769,0.5087782446880641,0.7451929563903112,19.0982217941486,-2442.663660675276,1262.574720216812,2.3560967341103787,11.726036386072671
2.0,3.0333960338928465,1,Clear,9,165688,0.5553236742011834,0.7127617360805684,13.458376333153264,-1826.7057214497484,922.1532784898073,1.8968888169264941,8.465241547722835
2.0,3.0333960338928465,1,Clear,10,154738,0.5388979844215721,0.6938801966815271,10.339767815201464,-1517.0529530890888,689.7543170074015,1.6211777395899922,6.396641506116043
2.0,3.0333960338928465,1,Clear,11,143812,0.48353714485881866,0.6825977469935716,12.392683670818922,-1487.7614750009184,939.3680163773928,1.5412753186985895,6.603386055317675
2.0,3.0333960338928465,1,Clear,12,169540,0.5310408165922837,0.696952312036855,12.138234291178444,-1440.0582106858978,767.6823377882074,1.5724192749672838,6.7408826391361085
2.0,3.0333960338928465,1,Clear,13,153917,0.5496674116321035,0.7061285907042527,11.348397116563905,-1076.8438823925842,1001.7714412198906,1.659580404419005,7.156408438106059
2.0,3.0333960338928465,1,Clear,14,193383,0.5302773158647281,0.7084417539280015,11.441898782108575,-1793.648196178813,812.409324456449,1.6251418534273456,6.877063807450786
2.0,3.0333960338928465,1,Clear,15,209387,0.4316112938707731,0.6909785956002662,18.03064822139469,-2710.4714603385487,2401.114447257004,1.6103929076263932,7.059010017978203
2.0,3.0333960338928465,1,Clear,16,189733,0.6223252780590378,0.7483176311832972,8.9610056898423,-780.163054328115,953.5701751346508,1.495593090411989,5.662880977609689
2.0,3.0333960338928465,1,Clear,17,187292,0.5548391026479362,0.7709065491755659,11.719130082452642,-2082.378480190779,933.9884107875223,1.5850991460855204,6.103907495775244
2.0,3.0333960338928465,1,Clear,18,170739,0.5830253019353814,0.7852000723999875,14.255503440954554,-3565.7826205131264,793.0427443329153,1.6896797033002393,6.8933230649631625
2.0,3.0333960338928465,1,Clear,19,149037,0.6157895007407913,0.8015085565551338,9.641698024493646,-1167.229014778939,896.1159874348339,1.7402428342476444,6.539404685060524
2.0,3.0333960338928465,1,Clear,20,169635,0.6075251552993199,0.8023834016949765,15.381639210925469,-1714.142755653779,1623.2234789617303,2.1141880988571526,9.194078910241533
2.0,3.0333960338928465,1,Clear,21,157395,0.5215521852053235,0.7841745812679977,23.00557085808137,-2755.245576844752,1605.3631884033603,2.310517994817289,11.330183290765419
2.0,3.0333960338928465,1,Clear,22,143199,0.5926577786317685,0.7335480151500515,16.76873630063014,-2077.3570839470926,1471.9489697745719,2.343070819553364,11.056003240031355
2.0,3.0333960338928465,1,Clear,23,113775,0.6560256045630698,0.6973038576352083,12.18934652620148,-2035.9305649366804,537.4038867022692,2.319645857418988,9.396973732042396
2.0,3.0333960338928465,8,Rain,0,14421,0.6379102703521919,0.7593151200921351,11.559639884419267,-362.5502667281989,728.702661478064,3.201757762687306,15.51391821531389
2.0,3.0333960338928465,8,Rain,1,978,0.43787676594008856,0.43222248413605674,2.4722948886399543,-37.19461885810584,33.38577437850539,1.5981450224826215,6.149240156769715
2.0,3.0333960338928465,8,Rain,2,5155,0.40511110578195,0.7709065491755659,24.888489219951488,-872.2219854623648,680.7165796164192,3.2974504627373618,14.81556546392053
2.0,3.0333960338928465,8,Rain,3,6361,0.5511288292889014,0.7898372070883783,19.08207769082338,-892.3075704371104,299.0186883774799,3.2402375604781666,11.726956255803389
2.0,3.0333960338928465,8,Rain,4,2463,0.09255162628891855,0.5774254575235214,22.93493443232984,-1113.2490051593106,56.00050984987488,2.7357205694530724,11.181396277940005
2.0,3.0333960338928465,8,Rain,6,2326,0.8540295054501948,0.6740356352213717,7.473632083288258,-138.70494383265478,211.14425411296844,2.3650753535985913,11.285075484455287
2.0,3.0333960338928465,8,Rain,7,25151,0.6243578185579831,0.8153872012448791,12.62923787883953,-861.7607432880183,663.9322101760233,2.5360285915610854,10.438123369428268
2.0,3.0333960338928465,8,Rain,8,12292,0.6035623219294582,0.7901403419660775,9.319884473494222,-515.284402473659,240.43573220113896,2.044335437844535,8.547460357011929
2.0,3.0333960338928465,8,Rain,9,10663,0.5853275312267683,0.7801854479735951,9.686096059088904,-778.9077052671934,107.88090324058842,1.6118247395286187,5.818721997235987
2.0,3.0333960338928465,8,Rain,13,18437,0.5593051537226182,0.7480782752255111,9.14295313193387,-809.0360827293115,343.52290124333655,1.4693753218887728,5.318645837118164
2.0,3.0333960338928465,8,Rain,14,14207,0.564744890264384,0.7272717372636321,9.577699858287607,-700.2391641161068,362.67429714327557,1.358473448783047,5.483341709962811
2.0,3.0333960338928465,8,Rain,15,17036,0.6143642035882957,0.7304789895004946,13.764607832325252,-1124.9655963945784,517.3917539079509,1.455614596218116,6.495954309733267
2.0,3.0333960338928465,8,Rain,16,3628,0.6747872830830579,0.904124183578266,6.072804379803881,-183.89363078756693,173.48378228532076,1.8885927238887918,6.1286477457016595
2.0,3.0333960338928465,8,Rain,17,11290,0.7798086948624591,0.8368023957272002,6.822515423550171,-415.2749272869056,269.7272102893094,1.7381415213490155,6.8815231888339286
2.0,3.0333960338928465,8,Rain,18,18540,0.6203409314363793,0.800799588027955,7.939005858586975,-465.21052264704355,299.0186883774799,1.5540244819878792,5.961738824652594
2.0,3.0333960338928465,8,Rain,19,19235,0.4940591754826949,0.7502409639154247,10.011053817784125,-698.5653653682115,211.14425411296844,1.920355274724882,8.356517843359564
2.0,3.0333960338928465,8,Rain,20,9975,0.34384534711113157,0.8324747369977226,9.544802063414364,-579.7256542676342,181.852776024798,2.218035809463562,10.055397921847131
2.0,3.0333960338928465,8,Rain,21,12438,0.6150807898312388,0.8260990385106561,16.337369979954307,-1040.4387596258582,678.9951058276606,2.151417649379736,7.895755105176204
2.0,3.0333960338928465,8,Rain,22,6028,0.7094632432828916,0.8081930063045255,14.243430041698195,-855.902447670384,423.78661664420434,2.343070819553364,7.796188384310103
2.0,3.0333960338928465,8,Rain,23,6912,0.16952012149006898,0.6793122070400683,14.473148129606757,-746.6870793702057,256.15810646383966,2.5893082228726203,12.163643141340154
