weather_code,weather_name,hour,N,mean,median,population_SD,P05,P95,P99
1,Clear,0,95750,0.6325151040559226,0.6912264408019609,7.593617293338318,-1.5387509590112036,2.4529801470906567,10.70358277904824
1,Clear,1,57087,0.6464019655453582,0.7243376513709142,7.526391204844337,-1.458203503522418,2.3809511819479026,9.400885065133776
1,Clear,2,35927,0.5908769048206461,0.7562050472096753,8.893890420221178,-1.5074997784767883,2.432893772587338,9.400885065133776
1,Clear,3,23632,0.7607183562748092,0.7294213979911814,6.589596420502405,-1.5037468774490281,2.6529318906114496,11.48110260854056
1,Clear,4,19531,0.605609945331642,0.5179184822716557,9.264331185659872,-1.735643189036577,2.6730280842836676,11.687696537468085
1,Clear,5,32044,0.6279206287059704,0.4962482547808149,9.265654969315694,-1.2904500736401232,2.417047976763364,10.196150689878259
1,Clear,6,64917,0.6982138338122295,0.6835750712456727,8.669655276741675,-1.269429226654286,2.5385080436123895,10.980931317943734
1,Clear,7,119217,0.7025386481814029,0.7892092548910767,8.912995070940957,-1.678801897741533,2.698363575282383,11.340977536936888
1,Clear,8,165632,0.545921868010736,0.7473440647625816,9.483413109828938,-1.808455410109864,2.345771547793225,11.138358055296324
1,Clear,9,165555,0.5572974814183318,0.7140292348514006,8.076030965160415,-1.1181826981428173,1.8980971307391328,8.107684862304282
1,Clear,10,154629,0.5486044910783899,0.6948252881322178,6.045066069858895,-0.854721532354277,1.6213700745933701,6.220139362105072
1,Clear,11,143727,0.5304463419067387,0.6838250013869668,6.534435549147783,-0.864113110800019,1.5449790046172571,6.604032013154524
1,Clear,12,169434,0.5497648007664145,0.6980747175411979,6.688524395706529,-0.8624440341380416,1.571571328190892,6.586358360399421
1,Clear,13,153787,0.5622214519133789,0.7074144251306469,6.6120049918950965,-0.8376269293471185,1.6668583293959387,6.88844270798435
1,Clear,14,193256,0.563995539377671,0.7102224672282411,6.604216497320584,-0.8627770572366987,1.620991998389703,6.816118177531031
1,Clear,15,209228,0.4806619818024097,0.6920377598862176,8.539957247382588,-1.2131941066202319,1.6124843180474784,6.884674660876447
1,Clear,16,189594,0.6295449071343567,0.7503010280470894,4.8839706646135586,-0.6124109633909794,1.497229287601665,5.573559543149214
1,Clear,17,187132,0.6121795616644745,0.7734894235899158,6.088274005971846,-0.8733416700571739,1.5937401294393003,6.045937859457337
1,Clear,18,170613,0.6426833734738748,0.7871166057620406,6.338151036047922,-0.9275029565217611,1.6941841967779627,6.710206587470745
1,Clear,19,148925,0.6443585039678378,0.803151672533464,6.063394991410441,-0.9554790082588741,1.7531795587212553,6.60575319696018
1,Clear,20,169470,0.657864510058433,0.8041140652042125,7.361544719709701,-1.3121159089287053,2.1293359320823266,9.036093545378865
1,Clear,21,157238,0.6283209384387255,0.7847621025620782,10.357051929958159,-1.6905847764062485,2.3162862056658113,10.962547381733652
1,Clear,22,143034,0.6216936846516475,0.7331987016535697,8.87546666217204,-1.5298937449940784,2.3403536019384528,10.415331860265356
1,Clear,23,113668,0.6397171849972889,0.6955570072266617,7.179897307433156,-1.3100213721134581,2.317685898033906,8.887659558199585
8,Rain,0,14404,0.4804418373903523,0.7561565114668521,10.820923670308577,-2.5591463089812976,3.175939347311824,15.713314261589995
8,Rain,1,978,0.5859963022924017,0.42934673503805765,3.457437420362015,-0.7838825577875116,1.6207675045496022,6.871259934309295
8,Rain,2,5145,0.5696972199576127,0.7687329838815968,12.646691989612584,-2.532384191616104,3.2797011310153414,14.006900585742393
8,Rain,3,6353,0.7068443310729902,0.7879931382420009,8.70089915171286,-1.9693622918720475,3.208257522477215,11.597716832377435
8,Rain,4,2463,0.7437873414978008,0.5766853537394996,9.427725264317482,-1.3854693549208486,2.760132868201427,12.186109012157269
8,Rain,6,2321,0.8730034828469827,0.6687412050454687,5.076463448903433,-0.9009418310371713,2.3207026456166884,9.03503105282865
8,Rain,7,25130,0.6757443576381035,0.8171840075531723,7.209549185499662,-1.3182410214720792,2.5628030683211387,10.574712284937103
8,Rain,8,12278,0.6492666136683912,0.7927662344945584,5.339831562358156,-1.032532581924152,2.0228084770633017,8.013978557919108
8,Rain,9,10654,0.674998106404421,0.7821940494244985,5.279277000735676,-0.4944670246740938,1.6026144535338427,5.658045486103906
8,Rain,13,18420,0.6144657008395791,0.7503010280470894,4.5721977550546535,-0.4042588039707813,1.4648488077264579,5.270107313681769
8,Rain,14,14196,0.6337363240996133,0.7298196420221424,5.688568004989218,-0.3727074195690151,1.3617167071391152,5.6198872867767005
8,Rain,15,17025,0.6301114496686223,0.7317372426561328,5.8322337872756655,-0.8038249434147383,1.4563118644870316,6.191532825876161
8,Rain,16,3624,0.8271245300742118,0.9055191634173957,3.2972237008155347,-0.4041964495945094,1.9104847958218019,6.608050813443881
8,Rain,17,11283,0.7657498286778164,0.8389588264769634,3.3910248054528265,-0.521994556385266,1.7171078215849227,6.5216127259018615
8,Rain,18,18525,0.5644842599225676,0.8028747055174312,5.430647813426021,-0.8974231710300334,1.5666265324791824,5.573594495907772
8,Rain,19,19211,0.5061268042071607,0.7514078926572739,12.569028424167083,-1.117171149917944,1.9145312221206785,7.87580366768391
8,Rain,20,9963,0.36451584487801003,0.8330591494175498,9.963001633164962,-2.484090021986198,2.214508043460719,10.004094597127295
8,Rain,21,12427,0.7532386327712399,0.8279283635765621,6.186308804294262,-1.0580432367508137,2.18027713065476,8.264257839560734
8,Rain,22,6022,0.7927839362070322,0.8079319448784859,5.289592207474144,-1.2172473554432581,2.3615240539765354,8.102819624815009
8,Rain,23,6900,0.19644486367491137,0.6786174861083073,14.828491387033361,-2.2490890337856917,2.5820640382592415,11.637307727271285
