record_type,statistic,value,left,right,right_inclusive,N,percentage
statistic,P0,0.01,,,,,
statistic,P0.1,0.01,,,,,
statistic,P0.5,0.01,,,,,
statistic,P1,0.15,,,,,
statistic,P5,0.5,,,,,
statistic,P10,0.68,,,,,
statistic,P50,1.89,,,,,
statistic,P90,8.68,,,,,
statistic,P95,12.62,,,,,
statistic,P99,19.56,,,,,
statistic,P100,99.93,,,,,
statistic,mean,3.46907003958134,,,,,
empirical_quantile_band,,,0.01,0.15,False,104594.0,0.9848396610714334
empirical_quantile_band,,,0.15,0.5,False,378549.0,3.5643542541534887
empirical_quantile_band,,,0.5,0.68,False,557921.0,5.25329109265001
empirical_quantile_band,,,0.68,1.89,False,4251954.0,40.03568977428271
empirical_quantile_band,,,1.89,8.68,False,4265219.0,40.160590802105645
empirical_quantile_band,,,8.68,12.62,False,530930.0,4.999148337884163
empirical_quantile_band,,,12.62,19.56,False,424760.0,3.9994693236390426
empirical_quantile_band,,,19.56,99.93,True,106482.0,1.002616754213515
