candidate,weather_code,weather_name,hour,original_N,retained_N,retained_pct,excluded_pct,mean,median,population_SD,mean_change,median_change,SD_change
P0.01–P99.99,1,Clear,0,95750,95726,99.97493472584857,0.02506527415143678,0.6395111912114958,0.6912264408019609,5.516086057155386,0.006996087155573205,0.0,-2.0775312361829323
P0.01–P99.99,1,Clear,1,57087,57072,99.97372431551842,0.026275684481580353,0.6640476981909328,0.7243433626931772,5.212719006026216,0.017645732645574563,5.7113222630134075e-06,-2.3136721988181215
P0.01–P99.99,1,Clear,2,35927,35919,99.97773262448855,0.022267375511453302,0.6433802724603358,0.7562753384552399,5.160354586556379,0.05250336763968966,7.029124556456878e-05,-3.7335358336647984
P0.01–P99.99,1,Clear,3,23632,23625,99.97037914691943,0.02962085308056972,0.7421185497262232,0.7292450926311884,5.499917615543986,-0.018599806548586062,-0.0001763053599930231,-1.0896788049584183
P0.01–P99.99,1,Clear,4,19531,19524,99.96415954124213,0.03584045875787423,0.6433554525407333,0.5179184822716557,6.0604312345322615,0.03774550720909131,0.0,-3.2038999511276103
P0.01–P99.99,1,Clear,5,32044,32033,99.965672200724,0.0343277992759905,0.6470716118091634,0.4962482547808149,5.67327801549931,0.019150983103192964,0.0,-3.592376953816384
P0.01–P99.99,1,Clear,6,64917,64898,99.97073185760279,0.02926814239720965,0.7300233356023939,0.6836586993523106,5.557479118433255,0.031809501790164396,8.362810663786746e-05,-3.1121761583084204
P0.01–P99.99,1,Clear,7,119217,119178,99.9672865447042,0.03271345529580749,0.6975192450138931,0.7892004626898304,6.170716805446395,-0.005019403167509817,-8.792201246388132e-06,-2.742278265494562
P0.01–P99.99,1,Clear,8,165632,165553,99.9523039026275,0.047696097372484925,0.5555799536324268,0.7472978429143361,6.390344520547912,0.009658085621690793,-4.622184824554232e-05,-3.0930685892810255
P0.01–P99.99,1,Clear,9,165555,165507,99.97100661411615,0.02899338588384648,0.5743576775478859,0.7140292348514006,5.11337689732405,0.017060196129554117,0.0,-2.9626540678363646
P0.01–P99.99,1,Clear,10,154629,154606,99.98512568793693,0.014874312063062334,0.5495222869331317,0.6947590356501145,4.776815492727413,0.0009177958547417209,-6.625248210323509e-05,-1.2682505771314823
P0.01–P99.99,1,Clear,11,143727,143692,99.97564827763746,0.024351722362536687,0.5347365361717926,0.6838250013869668,4.9635482651694804,0.004290194265053948,0.0,-1.5708872839783021
P0.01–P99.99,1,Clear,12,169434,169398,99.97875278869648,0.02124721130352114,0.5602730185469359,0.6980747175411979,4.79464337662322,0.010508217780521356,0.0,-1.8938810190833086
P0.01–P99.99,1,Clear,13,153787,153751,99.9765909992392,0.02340900076078789,0.5947341093796727,0.7074144251306469,4.668764414383778,0.03251265746629384,0.0,-1.9432405775113182
P0.01–P99.99,1,Clear,14,193256,193213,99.97774972057789,0.02225027942210911,0.5861470914576723,0.7102224672282411,4.701088837019946,0.022151552080001302,0.0,-1.9031276603006377
P0.01–P99.99,1,Clear,15,209228,209152,99.96367598982928,0.03632401017071851,0.4904112305300915,0.6920377598862176,4.853713699911595,0.009749248727681792,0.0,-3.686243547470993
P0.01–P99.99,1,Clear,16,189594,189571,99.98786881441396,0.012131185586039539,0.6326266173591143,0.7503010280470894,3.96090566363949,0.003081710224757561,0.0,-0.9230650009740686
P0.01–P99.99,1,Clear,17,187132,187100,99.98289977128444,0.017100228715560828,0.6214394441666321,0.7734894235899158,4.387397506881329,0.00925988250215759,0.0,-1.7008764990905174
P0.01–P99.99,1,Clear,18,170613,170587,99.98476083299632,0.01523916700368888,0.6370196031774834,0.7871166057620406,4.535346266437503,-0.005663770296391424,0.0,-1.802804769610419
P0.01–P99.99,1,Clear,19,148925,148901,99.98388450562364,0.0161154943763675,0.6552498430110922,0.8031193164165062,4.030147760822663,0.010891339043254455,-3.235611695773244e-05,-2.0332472305877776
P0.01–P99.99,1,Clear,20,169470,169427,99.97462677760076,0.025373222399249773,0.6461630958705951,0.8041140652042125,5.397492906580486,-0.011701414187837988,0.0,-1.964051813129215
P0.01–P99.99,1,Clear,21,157238,157163,99.9523016064819,0.04769839351810301,0.6168060921972138,0.7847621025620782,5.914808455772049,-0.011514846241511667,0.0,-4.442243474186111
P0.01–P99.99,1,Clear,22,143034,142988,99.96783981430988,0.03216018569011103,0.6329556402760594,0.7331987016535697,5.792988869933085,0.011261955624411901,0.0,-3.0824777922389544
P0.01–P99.99,1,Clear,23,113668,113654,99.98768342893338,0.012316571066617321,0.6639745374727335,0.6957162822093225,5.23433008546273,0.024257352475444582,0.0001592749826607731,-1.9455672219704256
P0.01–P99.99,8,Rain,0,14404,14398,99.95834490419328,0.04165509580672522,0.5860762089606291,0.7562283504585565,6.652007837719598,0.10563437157027677,7.183899170437602e-05,-4.1689158325889775
P0.01–P99.99,8,Rain,1,978,978,100.0,0.0,0.5859963022924017,0.42934673503805765,3.457437420362015,0.0,5.551115123125783e-17,0.0
P0.01–P99.99,8,Rain,2,5145,5136,99.82507288629738,0.1749271137026276,0.6016971503435679,0.7684184011410389,6.789912900889403,0.031999930385955166,-0.000314582740557956,-5.856779088723181
P0.01–P99.99,8,Rain,3,6353,6349,99.93703762002204,0.06296237997795995,0.652452811861898,0.7878446525184731,6.080998528063042,-0.0543915192110922,-0.00014848572352776923,-2.6199006236498183
P0.01–P99.99,8,Rain,4,2463,2461,99.91879821356069,0.08120178643929998,0.7244572060147787,0.5766853537394996,4.546317850266031,-0.019330135483022093,0.0,-4.881407414051451
P0.01–P99.99,8,Rain,6,2321,2321,100.0,0.0,0.8730034828469827,0.6687412050454687,5.076463448903433,0.0,0.0,0.0
P0.01–P99.99,8,Rain,7,25130,25125,99.98010346199761,0.019896538002384112,0.6930068508473595,0.8173649976867318,6.1481527628966415,0.01726249320925599,0.00018099013355943327,-1.0613964226030204
P0.01–P99.99,8,Rain,8,12278,12277,99.99185535103437,0.008144648965624501,0.6696979836861028,0.7927662344945584,4.83640202196386,0.02043137001771156,0.0,-0.5034295403942961
P0.01–P99.99,8,Rain,9,10654,10652,99.98122770790313,0.018772292096869148,0.6842645259373248,0.7821940494244985,3.7331037056857697,0.009266419532903747,0.0,-1.5461732950499063
P0.01–P99.99,8,Rain,13,18420,18418,99.98914223669924,0.01085776330076449,0.6150248499233836,0.7503010280470894,3.878670206788739,0.0005591490838044999,0.0,-0.6935275482659145
P0.01–P99.99,8,Rain,14,14196,14193,99.97886728655959,0.021132713440408235,0.6388523959414144,0.7298196420221424,3.8265665796502537,0.005116071841801073,0.0,-1.8620014253389643
P0.01–P99.99,8,Rain,15,17025,17023,99.98825256975037,0.011747430249631208,0.5968293691137303,0.7315779648933649,4.946028971770424,-0.03328208055489201,-0.0001592777627679176,-0.8862048155052413
P0.01–P99.99,8,Rain,16,3624,3624,100.0,0.0,0.8271245300742118,0.9055191634173957,3.2972237008155347,0.0,1.1102230246251565e-16,0.0
P0.01–P99.99,8,Rain,17,11283,11283,100.0,0.0,0.7657498286778164,0.8389588264769634,3.3910248054528265,0.0,0.0,0.0
P0.01–P99.99,8,Rain,18,18525,18522,99.98380566801619,0.016194331983809818,0.6117003086494011,0.8028747055174312,3.9595865348064394,0.04721604872683349,0.0,-1.4710612786195818
P0.01–P99.99,8,Rain,19,19211,19208,99.9843839466972,0.015616053302791588,0.5989302629039341,0.7514511217593369,4.694454167930143,0.09280345869677342,4.322910206300268e-05,-7.874574256236942
P0.01–P99.99,8,Rain,20,9963,9961,99.97992572518318,0.020074274816817006,0.4285607178240999,0.8330591494175498,5.677630485538381,0.0640448729460899,0.0,-4.285371147626582
P0.01–P99.99,8,Rain,21,12427,12422,99.95976502776213,0.040234972237873645,0.6989156683417507,0.8279283635765621,4.191569423470265,-0.05432296442948925,0.0,-1.9947393808239964
P0.01–P99.99,8,Rain,22,6022,6021,99.98339422118897,0.016605778811029648,0.7528941819916737,0.8079319448784859,4.289786891139885,-0.039889754215358564,0.0,-0.9998053163342595
P0.01–P99.99,8,Rain,23,6900,6894,99.91304347826087,0.08695652173913437,0.5087073428194854,0.6794810897046331,5.69388833110261,0.31226247914457406,0.0008636035963257571,-9.13460305593075
P0.1–P99.9,1,Clear,0,95750,95501,99.73994778067885,0.26005221932114964,0.6238721660198271,0.690863268289817,3.3444806841685506,-0.008642938036095504,-0.00036317251214390556,-4.249136609169767
P0.1–P99.9,1,Clear,1,57087,56938,99.73899486748296,0.2610051325170337,0.6263924948470563,0.7236339447673099,3.1595436067071425,-0.020009470698301945,-0.0007037066036043038,-4.366847598137195
P0.1–P99.9,1,Clear,2,35927,35851,99.78845993264119,0.21154006735880637,0.621330630117019,0.7559083437393869,3.245252556782297,0.030453725296372802,-0.0002967034702884286,-5.64863786343888
P0.1–P99.9,1,Clear,3,23632,23563,99.7080230196344,0.2919769803656047,0.6896599246592963,0.7285597769128465,3.3990562879636723,-0.07105843161551295,-0.0008616210783349842,-3.1905401325387324
P0.1–P99.9,1,Clear,4,19531,19458,99.62623521581077,0.3737647841892344,0.6119688691542704,0.5175839174310375,3.3333947308390033,0.006358923822628371,-0.00033456484061822334,-5.930936454820868
P0.1–P99.9,1,Clear,5,32044,31948,99.70041193359131,0.29958806640868474,0.6025506249240574,0.4956015638932942,3.3420081702445885,-0.02537000378191301,-0.0006466908875207289,-5.923646799071106
P0.1–P99.9,1,Clear,6,64917,64743,99.7319654327834,0.2680345672166018,0.7204964538282005,0.6834340729892208,3.511247479450129,0.022282620015971033,-0.00014099825645197406,-5.158407797291547
P0.1–P99.9,1,Clear,7,119217,118849,99.69131919105497,0.3086808089450277,0.6982469898028253,0.7888751140955611,3.509944777394416,-0.00429165837857759,-0.00033414079551563614,-5.40305029354654
P0.1–P99.9,1,Clear,8,165632,165091,99.67337229520865,0.32662770479134906,0.5950668121775659,0.7476354353446168,3.5287614131654492,0.049144944166829796,0.0002913705820352108,-5.954651696663488
P0.1–P99.9,1,Clear,9,165555,165173,99.7692609706744,0.23073902932559953,0.6104004856074875,0.7141556143462912,3.024094867477786,0.0531030041891557,0.00012637949489058276,-5.0519360976826295
P0.1–P99.9,1,Clear,10,154629,154343,99.81504116304185,0.18495883695813786,0.594342763396547,0.6950361919614045,2.6342610865466938,0.04573827231815708,0.00021090382918675932,-3.410804983312201
P0.1–P99.9,1,Clear,11,143727,143437,99.798228586139,0.20177141386099606,0.5801501640988269,0.6842363565587876,2.6649035063276694,0.04970382219208824,0.00041135517182078196,-3.869532042820113
P0.1–P99.9,1,Clear,12,169434,169123,99.81644770235017,0.18355229764982495,0.5960613893774152,0.6984747133501106,2.6120649046702353,0.04629658861100061,0.0003999958089127009,-4.076459491036294
P0.1–P99.9,1,Clear,13,153787,153498,99.81207774389253,0.1879222561074756,0.6116184054430875,0.7074578515291577,2.7442928469828534,0.04939695352970863,4.342639851084851e-05,-3.867712144912243
P0.1–P99.9,1,Clear,14,193256,192888,99.8095790040154,0.19042099598459705,0.60767863361736,0.7102224672282411,2.7270266676518964,0.04368309423968897,0.0,-3.8771898296686875
P0.1–P99.9,1,Clear,15,209228,208778,99.78492362398914,0.21507637601085872,0.5448812436950247,0.6920377598862176,2.729943994034144,0.06421926189261495,0.0,-5.810013253348444
P0.1–P99.9,1,Clear,16,189594,189354,99.87341371562391,0.12658628437608455,0.6490785842368718,0.7503010280470894,2.3598016910280784,0.01953367710251508,0.0,-2.52416897358548
P0.1–P99.9,1,Clear,17,187132,186841,99.84449479511788,0.1555052048821115,0.636140465187072,0.7734894235899158,2.5552122094017613,0.0239609035225975,0.0,-3.533061796570085
P0.1–P99.9,1,Clear,18,170613,170333,99.83588589380645,0.16411410619354694,0.6598147042283834,0.7871166057620406,2.698940356833523,0.017131330754508567,0.0,-3.639210679214399
P0.1–P99.9,1,Clear,19,148925,148742,99.87711935538023,0.12288064461977166,0.6662603377274726,0.8033945038864315,2.704399303711476,0.021901833759634837,0.000242831352967543,-3.3589956876989646
P0.1–P99.9,1,Clear,20,169470,169067,99.76219979937451,0.23780020062548202,0.6631811713287891,0.8041140652042125,3.1997515967989356,0.005316661270356016,0.0,-4.161793122910765
P0.1–P99.9,1,Clear,21,157238,156752,99.69091441000268,0.3090855899973266,0.6334341192129168,0.7847621025620782,3.4414226898152305,0.005113180774191317,0.0,-6.9156292401429305
P0.1–P99.9,1,Clear,22,143034,142628,99.71615140456116,0.28384859543885144,0.6424106484525395,0.7331987016535697,3.363705522608287,0.02071696380089194,0.0,-5.5117611395637525
P0.1–P99.9,1,Clear,23,113668,113397,99.76158637435339,0.23841362564661628,0.6314852166997544,0.6952035807465887,3.1175671618529956,-0.008231968297534475,-0.0003534264800729714,-4.062330145580161
P0.1–P99.9,8,Rain,0,14404,14353,99.64593168564288,0.3540683143571255,0.5982554392828423,0.7562537512540971,4.244644350198649,0.11781360189249002,9.723978724496263e-05,-6.5762793201099266
P0.1–P99.9,8,Rain,1,978,976,99.79550102249489,0.2044989775051076,0.45802141921434303,0.42932583807220104,1.9914027800709941,-0.1279748830780587,-2.0896965856553873e-05,-1.466034640291021
P0.1–P99.9,8,Rain,2,5145,5119,99.49465500485908,0.5053449951409106,0.6020977329432204,0.7679233872272567,3.629134168568393,0.032400512985607755,-0.0008095966543401056,-9.017557821044191
P0.1–P99.9,8,Rain,3,6353,6324,99.54352274515976,0.4564772548402374,0.6524977193826387,0.787918895380237,3.4943198691903836,-0.05434661169035149,-7.424286176394013e-05,-5.206579282522477
P0.1–P99.9,8,Rain,4,2463,2460,99.87819732034104,0.12180267965895553,0.6784360930307345,0.5763688926518622,3.9325755810474963,-0.0653512484670663,-0.00031646108763738745,-5.495149683269986
P0.1–P99.9,8,Rain,6,2321,2315,99.7414907367514,0.25850926324859635,0.7282999493074716,0.6677335521231497,3.1599428622560266,-0.14470353353951115,-0.00100765292231908,-1.9165205866474064
P0.1–P99.9,8,Rain,7,25130,25061,99.72542777556706,0.27457222443294516,0.7245821634276417,0.8173649976867318,3.3407776034501544,0.048837805789538224,0.00018099013355943327,-3.8687715820495074
P0.1–P99.9,8,Rain,8,12278,12254,99.8045284248249,0.19547157517511016,0.6969849837629538,0.7928661752016546,3.0409901819470346,0.04771837009456259,9.994070709617997e-05,-2.298841380411121
P0.1–P99.9,8,Rain,9,10654,10640,99.86859395532194,0.13140604467805073,0.6854472714572042,0.7822947826618215,2.190225873792122,0.01044916505278315,0.00010073323732295858,-3.089051126943554
P0.1–P99.9,8,Rain,13,18420,18399,99.88599348534201,0.11400651465798273,0.6437398093873677,0.750355804599962,2.466266938156546,0.02927410854778867,5.477655287255967e-05,-2.1059308168981077
P0.1–P99.9,8,Rain,14,14196,14180,99.8872921949845,0.11270780501549948,0.6711292838818478,0.7298196420221424,2.203432906086325,0.03739295978223445,0.0,-3.485135098902893
P0.1–P99.9,8,Rain,15,17025,16988,99.7826725403818,0.21732745961821065,0.6342402495523456,0.7317372426561328,2.4656428372379255,0.0041287998837232776,0.0,-3.36659095003774
P0.1–P99.9,8,Rain,16,3624,3621,99.91721854304636,0.08278145695364003,0.839333757737633,0.9055191634173957,2.8126619464141043,0.01220922766342114,1.1102230246251565e-16,-0.48456175440143046
P0.1–P99.9,8,Rain,17,11283,11274,99.92023398032438,0.07976601967562003,0.765543071004154,0.8389588264769634,2.6977825877614814,-0.0002067576736624055,0.0,-0.6932422176913451
P0.1–P99.9,8,Rain,18,18525,18500,99.86504723346829,0.13495276653171517,0.6408902635591402,0.8028747055174312,2.4761932025519693,0.07640600363657268,0.0,-2.954454610874052
P0.1–P99.9,8,Rain,19,19211,19181,99.84383946697204,0.1561605330279492,0.6304403577449753,0.7514943508613998,2.810952518475727,0.12431355353781459,8.645820412589433e-05,-9.758075905691358
P0.1–P99.9,8,Rain,20,9963,9946,99.82936866405701,0.1706313359429945,0.5148533873224549,0.8334619102691111,3.965489804880082,0.15033754244444492,0.00040276085156132346,-5.99751182828488
P0.1–P99.9,8,Rain,21,12427,12408,99.8471071054961,0.15289289450389765,0.6970886524714587,0.8279283635765621,3.1363750799498824,-0.056149980299781244,0.0,-3.0499337243443794
P0.1–P99.9,8,Rain,22,6022,6015,99.88375954832281,0.11624045167718533,0.6647803166195629,0.8074806743367127,3.2004368690570413,-0.1280036195874693,-0.0004512705417731855,-2.089155338417103
P0.1–P99.9,8,Rain,23,6900,6876,99.65217391304348,0.3478260869565264,0.5954283264126524,0.6811289491569088,3.3661792945167344,0.3989834627377411,0.0025114630486015033,-11.462312092516626
P0.5–P99.5,1,Clear,0,95750,94466,98.65900783289817,1.3409921671018288,0.5984329673243352,0.6906587366963226,1.662968383505969,-0.03408213673158744,-0.0005677041056383336,-5.93064890983235
P0.5–P99.5,1,Clear,1,57087,56391,98.78080824005465,1.2191917599453483,0.6109066909479987,0.7238383530127476,1.6275366254579704,-0.03549527459735957,-0.0004992983581666444,-5.8988545793863665
P0.5–P99.5,1,Clear,2,35927,35516,98.85601358309906,1.1439864169009328,0.6107220556197488,0.7557885863606996,1.6857285705086587,0.01984515079910265,-0.00041646084897573044,-7.2081618497125195
P0.5–P99.5,1,Clear,3,23632,23313,98.65013540961408,1.3498645903859186,0.6414715803995302,0.7270704502756884,1.7075135478797652,-0.11924677587527899,-0.002350947715493046,-4.8820828726226395
P0.5–P99.5,1,Clear,4,19531,19257,98.59710204290614,1.4028979570938516,0.5811928961746947,0.5171074168535321,1.7981441030603966,-0.024417049156947312,-0.000811065418123591,-7.466187082599475
P0.5–P99.5,1,Clear,5,32044,31605,98.63000873798526,1.3699912620147248,0.5866008699097299,0.49589052106436127,1.6054244239551354,-0.0413197587962405,-0.0003577337164536454,-7.660230545360559
P0.5–P99.5,1,Clear,6,64917,64055,98.67215059229477,1.3278494077052283,0.6653848154065725,0.6821869836328238,1.6497571178154828,-0.032829018405656996,-0.0013880876128489206,-7.019898158926193
P0.5–P99.5,1,Clear,7,119217,117426,98.4976974760311,1.5023025239689014,0.6733392685910262,0.7889836142023974,1.7480303967461743,-0.029199379590376662,-0.0002256406886793627,-7.164964674194782
P0.5–P99.5,1,Clear,8,165632,163042,98.43629250386398,1.5637074961360131,0.6137949676631904,0.7482381827757053,1.7225808872339439,0.06787309965245436,0.0008941180131236681,-7.760832222594994
P0.5–P99.5,1,Clear,9,165555,163703,98.88133852798164,1.1186614720183674,0.6144051200743551,0.714804597174999,1.4804209519837859,0.05710763865602331,0.0007753623235984275,-6.595610013176629
P0.5–P99.5,1,Clear,10,154629,153317,99.15151750318505,0.8484824968149618,0.598404848658577,0.6952035807465887,1.3241217252951694,0.04980035758018708,0.0003782926143709453,-4.720944344563725
P0.5–P99.5,1,Clear,11,143727,142417,99.08854982014513,0.9114501798548669,0.5854976330686645,0.6845311275340878,1.329943424560903,0.055051291161925864,0.0007061261471210667,-5.20449212458688
P0.5–P99.5,1,Clear,12,169434,167979,99.14125854314955,0.8587414568504537,0.5982787984943126,0.6985477962272834,1.327537160626149,0.048513997727898106,0.00047307868608548187,-5.36098723508038
P0.5–P99.5,1,Clear,13,153787,152341,99.0597384694415,0.9402615305584949,0.6161767622754484,0.7074578515291577,1.3451360216803072,0.053955310362069464,4.342639851084851e-05,-5.266868970214789
P0.5–P99.5,1,Clear,14,193256,191474,99.07790702487891,0.9220929751210805,0.6114261798367369,0.7104267270516574,1.3651808086137756,0.047430640459065865,0.00020425982341631954,-5.239035688706808
P0.5–P99.5,1,Clear,15,209228,207217,99.03884757298259,0.9611524270174199,0.5660795711866596,0.6925427891895951,1.4367438321929327,0.08541758938424993,0.00050502930337748,-7.103213415189655
P0.5–P99.5,1,Clear,16,189594,188333,99.33489456417396,0.66510543582603,0.6512571574658815,0.7503010280470894,1.2208516855020743,0.021712250331524796,0.0,-3.663118979111484
P0.5–P99.5,1,Clear,17,187132,185684,99.22621465062095,0.7737853493790525,0.6384705660433814,0.7734894235899158,1.3049779256931293,0.026291004378906857,0.0,-4.783296080278717
P0.5–P99.5,1,Clear,18,170613,169155,99.14543440417788,0.854565595822121,0.6529298249008428,0.7871166057620406,1.3455233542126077,0.010246451426968006,0.0,-4.992627681835314
P0.5–P99.5,1,Clear,19,148925,147729,99.1969111969112,0.8030888030888028,0.6503316405395002,0.8029692142532177,1.3418181065143089,0.00597313657166243,-0.0001824582802463226,-4.721576884896132
P0.5–P99.5,1,Clear,20,169470,167377,98.76497315159025,1.2350268484097482,0.657487115026388,0.8041140652042125,1.5737152137589567,-0.0003773950320450359,0.0,-5.787829505950745
P0.5–P99.5,1,Clear,21,157238,154879,98.49972652921049,1.5002734707895038,0.626672250248116,0.785350026028712,1.6870896532869184,-0.001648688190609482,0.0005879234666337219,-8.669962276671242
P0.5–P99.5,1,Clear,22,143034,141078,98.63249297369856,1.36750702630144,0.6210324078140261,0.7331814335030937,1.6456219783620436,-0.0006612768376214051,-1.7268150475979738e-05,-7.229844683809995
P0.5–P99.5,1,Clear,23,113668,112367,98.85543864588098,1.1445613541190114,0.6261232889595361,0.6955343457414775,1.582830852933968,-0.01359389603775285,-2.266148518415001e-05,-5.5970664544991875
P0.5–P99.5,8,Rain,0,14404,14109,97.95195778950291,2.048042210497081,0.5602117056864759,0.7561100732706882,1.932934434184344,0.07976986829612365,-4.6438196163900436e-05,-8.88798923612423
P0.5–P99.5,8,Rain,1,978,970,99.18200408997956,0.8179959100204526,0.4519689400576497,0.42932583807220104,1.3002907042013991,-0.13402736223475203,-2.0896965856553873e-05,-2.157146716160616
P0.5–P99.5,8,Rain,2,5145,5060,98.34791059280855,1.6520894071914483,0.5676935416313932,0.7664030963789121,2.0713003877845892,-0.0020036783262195046,-0.002329887502684702,-10.575391601827995
P0.5–P99.5,8,Rain,3,6353,6262,98.56760585550134,1.432394144498661,0.6587815278323764,0.7905455961659138,2.002698283923624,-0.04806280324061374,0.0025524579239128986,-6.698200867789237
P0.5–P99.5,8,Rain,4,2463,2429,98.61956963053187,1.380430369468133,0.6519030268955908,0.5766853537394996,1.7623058984679705,-0.09188431460221003,0.0,-7.665419365849512
P0.5–P99.5,8,Rain,6,2321,2296,98.9228780697975,1.077121930202496,0.6594479614596858,0.6658504009800781,1.4722657782449484,-0.21355552138729694,-0.002890804065390662,-3.6041976706584844
P0.5–P99.5,8,Rain,7,25130,24795,98.66693195384003,1.3330680461599687,0.7295584225759116,0.818512122585838,1.6757921208315025,0.05381406493780816,0.001328115032665722,-5.533757064668159
P0.5–P99.5,8,Rain,8,12278,12153,98.9819188792963,1.0180811207036955,0.664989565481437,0.7926711798183047,1.48571661866754,0.015722951813045727,-9.505467625370301e-05,-3.854114943690616
P0.5–P99.5,8,Rain,9,10654,10587,99.37112821475502,0.6288717852449777,0.6808659864494789,0.7822947826618215,1.2446882153906982,0.005867880045057894,0.00010073323732295858,-4.034588785344978
P0.5–P99.5,8,Rain,13,18420,18293,99.31053203040173,0.6894679695982675,0.6759225626732489,0.7511544366967565,1.1622150946225205,0.06145686183366983,0.0008534086496670978,-3.4099826604321333
P0.5–P99.5,8,Rain,14,14196,14109,99.38715131022823,0.6128486897717722,0.6572363534595504,0.7298196420221424,1.1375591451351912,0.023500029359937114,0.0,-4.551008859854027
P0.5–P99.5,8,Rain,15,17025,16887,99.18942731277534,0.8105726872246644,0.6111576786385188,0.7315779648933649,1.2486211984297633,-0.01895377103010354,-0.0001592777627679176,-4.583612588845902
P0.5–P99.5,8,Rain,16,3624,3593,99.14459161147903,0.8554083885209729,0.7913841274689837,0.9055191634173957,1.3688788537938497,-0.03574040260522815,1.1102230246251565e-16,-1.928344847021685
P0.5–P99.5,8,Rain,17,11283,11200,99.2643800407693,0.7356199592307044,0.7318695667077892,0.838207004118244,1.2518286772873708,-0.03388026197002714,-0.0007518223587194006,-2.1391961281654557
P0.5–P99.5,8,Rain,18,18525,18393,99.28744939271255,0.7125506072874543,0.6389405231084968,0.8028747055174312,1.285709553861544,0.07445626318592924,0.0,-4.144938259564477
P0.5–P99.5,8,Rain,19,19211,19030,99.05783145073136,0.9421685492686516,0.6379020435696399,0.7521993477323365,1.4894758290860473,0.13177523936247915,0.0007914550750626193,-11.079552595081038
P0.5–P99.5,8,Rain,20,9963,9786,98.22342667871123,1.7765733212887658,0.5733900319982139,0.8343192621799325,1.7899129826813858,0.20887418712020395,0.0012601127623826924,-8.173088650483576
P0.5–P99.5,8,Rain,21,12427,12305,99.018266677396,0.9817333226040059,0.7081301180155432,0.8279283635765621,1.5304778911068675,-0.04510851475569677,0.0,-4.655830913187394
P0.5–P99.5,8,Rain,22,6022,5957,98.92062437728329,1.079375622716705,0.6729013389844056,0.8079319448784859,1.5545569176715843,-0.11988259722262662,0.0,-3.73503528980256
P0.5–P99.5,8,Rain,23,6900,6800,98.55072463768116,1.449275362318836,0.5485602768388994,0.6802470206786686,1.874207503496781,0.3521154131639881,0.0016295345703613018,-12.95428388353658
P1–P99,1,Clear,0,95750,93220,97.35770234986946,2.642297650130543,0.5928565315519587,0.6903471189556838,1.1965365160669803,-0.039658572503963874,-0.0008793218462771479,-6.397080777271338
P1–P99,1,Clear,1,57087,55693,97.55811305551177,2.4418869444882363,0.6009335953296118,0.7228162098215487,1.1834033334827614,-0.045468370215746456,-0.0015214415493655098,-6.342987871361576
P1–P99,1,Clear,2,35927,35035,97.5171876304729,2.4828123695270987,0.6089440186747624,0.7557916760705674,1.212265933755912,0.0180671138541163,-0.0004133711391078876,-7.681624486465266
P1–P99,1,Clear,3,23632,22984,97.25795531482736,2.742044685172651,0.6385495772434033,0.7264940914968532,1.220952748893921,-0.12216877903140588,-0.0029273064943282634,-5.368643671608484
P1–P99,1,Clear,4,19531,18934,96.9433208745072,3.0566791254928116,0.5631139933762951,0.5147957093253062,1.249221398435727,-0.042495951955346944,-0.00312277294634955,-8.015109787224144
P1–P99,1,Clear,5,32044,31206,97.38484583697416,2.6151541630258346,0.5857284971151686,0.49566006564805964,1.1439012605158878,-0.04219213159080182,-0.000588189132755268,-8.121753708799806
P1–P99,1,Clear,6,64917,63191,97.34122032749511,2.658779672504896,0.6621081076184397,0.681888878758643,1.1619658513620439,-0.03610572619378971,-0.0016861924870297251,-7.507689425379631
P1–P99,1,Clear,7,119217,115656,97.01300988952917,2.986990110470822,0.676288646989184,0.7892180312001267,1.2372684553211004,-0.026250001192218875,8.776309049940423e-06,-7.6757266156198565
P1–P99,1,Clear,8,165632,160592,96.95710973724884,3.0428902627511634,0.6172341764269241,0.7483735255758998,1.1945512237052747,0.07131230841618807,0.0010294608133181171,-8.288861886123662
P1–P99,1,Clear,9,165555,161914,97.80073087493582,2.199269125064174,0.6137235663780152,0.7148439000291842,1.0420893823397777,0.056426084959683376,0.0008146651777836134,-7.0339415828206375
P1–P99,1,Clear,10,154629,152038,98.32437641063449,1.6756235893655158,0.5984797727624964,0.6952035807465887,0.9519580144396599,0.04987528168410649,0.0003782926143709453,-5.093108055419235
P1–P99,1,Clear,11,143727,141210,98.24876328038573,1.7512367196142686,0.5866952407703321,0.6846321062497837,0.9479368541103047,0.05624889886359341,0.0008071048628168764,-5.586498695037478
P1–P99,1,Clear,12,169434,166565,98.30671529917254,1.6932847008274576,0.5930741046707625,0.6984747133501106,0.9527705198498139,0.04330930390434795,0.0003999958089127009,-5.735753875856715
P1–P99,1,Clear,13,153787,151009,98.19360544129218,1.8063945587078245,0.6121775649979111,0.7074578515291577,0.9571873388224227,0.04995611308453218,4.342639851084851e-05,-5.654817653072674
P1–P99,1,Clear,14,193256,189717,98.16875025872417,1.83124974127582,0.611720707840072,0.7106579900777433,0.9570350286403885,0.047725168462401046,0.0004355228495022123,-5.647181468680196
P1–P99,1,Clear,15,209228,205127,98.03993729328771,1.9600627067122955,0.5653710301408794,0.6928858646953595,1.0202795445719608,0.0847090483384697,0.0008481048091418808,-7.519677702810627
P1–P99,1,Clear,16,189594,187015,98.63972488580862,1.3602751141913783,0.6444135720857191,0.7503010280470894,0.884301824412853,0.01486866495136241,0.0,-3.9996688402007057
P1–P99,1,Clear,17,187132,184201,98.43372592608426,1.566274073915741,0.6383829048565611,0.7734894235899158,0.9497589567740168,0.026203343192086614,0.0,-5.13851504919783
P1–P99,1,Clear,18,170613,167721,98.30493573174377,1.69506426825623,0.6460944610618203,0.7870070410745352,0.9712026241911398,0.003411087587945505,-0.00010956468750533688,-5.366948411856782
P1–P99,1,Clear,19,148925,146516,98.38240725197247,1.6175927480275298,0.650750870644147,0.8031193164165062,0.990085418002386,0.006392366676309269,-3.235611695773244e-05,-5.073309573408054
P1–P99,1,Clear,20,169470,165278,97.5264058535434,2.4735941464566036,0.6634350297724696,0.8041140652042125,1.1070466392838392,0.005570519714036548,0.0,-6.254498080425861
P1–P99,1,Clear,21,157238,152688,97.10629745990155,2.893702540098453,0.6338535098486255,0.7860717826923529,1.182383554246802,0.0055325714099000445,0.0013096801302746597,-9.17466837571136
P1–P99,1,Clear,22,143034,139190,97.31252709146077,2.6874729085392235,0.6233178154024858,0.7332973831387891,1.1719737382205808,0.0016241307508382263,9.868148521940956e-05,-7.703492923951458
P1–P99,1,Clear,23,113668,111045,97.69240243516205,2.3075975648379488,0.6207480925801813,0.6950361919614045,1.1514219115038224,-0.018969092417107647,-0.0005208152652571574,-6.028475395929333
P1–P99,8,Rain,0,14404,13874,96.32046653707303,3.679533462926965,0.5723720882567114,0.7592691521268523,1.433567448144061,0.09193025086635909,0.0031126406600001655,-9.387356222164515
P1–P99,8,Rain,1,978,964,98.56850715746421,1.4314928425357865,0.45276830259384004,0.42932583807220104,1.0075355482209023,-0.1332279996985617,-2.0896965856553873e-05,-2.4499018721411128
P1–P99,8,Rain,2,5145,4945,96.11273080660835,3.8872691933916403,0.5735464468303397,0.7670623180791695,1.4252988057840166,0.0038492268727270407,-0.0016706658024273624,-11.221393183828567
P1–P99,8,Rain,3,6353,6125,96.4111443412561,3.5888556587439058,0.6423735231386651,0.7864674428417108,1.3466330521474439,-0.06447080793432503,-0.001525695400290128,-7.354266099565416
P1–P99,8,Rain,4,2463,2392,97.11733658140479,2.8826634185952105,0.596234141293371,0.5696834317654875,1.1865298737793954,-0.14755320020442975,-0.00700192197401206,-8.241195390538087
P1–P99,8,Rain,6,2321,2270,97.80267126238691,2.1973287376131023,0.662550597098795,0.6658504009800781,1.0842273564611695,-0.21045288574818766,-0.002890804065390662,-3.9922360924422637
P1–P99,8,Rain,7,25130,24438,97.24631914046955,2.7536808595304385,0.7104479916214107,0.8166247253194852,1.1563222101108304,0.034703633983307225,-0.000559282233687175,-6.0532269753888315
P1–P99,8,Rain,8,12278,12022,97.91496986479882,2.0850301352011713,0.6706630997036057,0.7927662344945584,1.0530937223427705,0.02139648603521449,0.0,-4.286737840015386
P1–P99,8,Rain,9,10654,10505,98.60146423878355,1.3985357612164462,0.6773578472916049,0.7820933161871755,0.8945928027138901,0.0023597408871838255,-0.0001007332373230696,-4.384684198021786
P1–P99,8,Rain,13,18420,18168,98.63192182410424,1.3680781758957705,0.6663166133275178,0.7507046541126045,0.8287509787776166,0.051850912487938716,0.0004036260655150281,-3.743446776277037
P1–P99,8,Rain,14,14196,14022,98.77430262045647,1.2256973795435333,0.6441809955714047,0.7293587752337183,0.8223593212201891,0.0104446714717914,-0.0004608667884241635,-4.866208683769029
P1–P99,8,Rain,15,17025,16762,98.45521292217327,1.5447870778267259,0.6068787145348475,0.7315779648933649,0.9193471092588918,-0.023232735133774773,-0.0001592777627679176,-4.912886678016774
P1–P99,8,Rain,16,3624,3561,98.26158940397352,1.738410596026485,0.8327401399136932,0.905807741926151,0.9261560812508748,0.005615609839481395,0.00028857850875541047,-2.37106761956466
P1–P99,8,Rain,17,11283,11121,98.56421164583887,1.4357883541611272,0.7291667382990682,0.8380237486461493,0.9472840620836626,-0.036583090378748184,-0.0009350778308141461,-2.443740743369164
P1–P99,8,Rain,18,18525,18251,98.52091767881241,1.4790823211875859,0.6429868048260409,0.8029692142532177,0.9338424390179555,0.0785025449034733,9.450873578642494e-05,-4.496805374408066
P1–P99,8,Rain,19,19211,18825,97.99073447504034,2.009265524959658,0.617432328711077,0.7511544366967565,1.0477580981875632,0.11130552450391629,-0.0002534559605174014,-11.521270325979522
P1–P99,8,Rain,20,9963,9613,96.48700190705611,3.5129980929438975,0.6141524675170845,0.836361043297109,1.2276339001703327,0.24963662263907455,0.003301893879559259,-8.73536773299463
P1–P99,8,Rain,21,12427,12160,97.85145248249779,2.1485475175022084,0.7046517451348935,0.8279283635765621,1.0692819468121453,-0.04858688763634644,0.0,-5.1170268574821165
P1–P99,8,Rain,22,6022,5884,97.70840252407838,2.291597475921625,0.6940785982609666,0.8101771120154204,1.1348616886895595,-0.09870533794606562,0.002245167136934567,-4.154730518784585
P1–P99,8,Rain,23,6900,6684,96.8695652173913,3.130434782608693,0.5364535095072913,0.6787671967845236,1.3282614552016478,0.34000864583238,0.00014971067621627476,-13.500229931831711
P2.5–P97.5,1,Clear,0,95750,89386,93.35352480417754,6.646475195822454,0.5970430991472658,0.6895195844029307,0.7605516382159277,-0.03547200490865676,-0.0017068563990302321,-6.8330656551223905
P2.5–P97.5,1,Clear,1,57087,53514,93.74113195648746,6.258868043512534,0.596280010397825,0.7199926217529458,0.7690138221106441,-0.05012195514753326,-0.0043450296179684544,-6.757377382733694
P2.5–P97.5,1,Clear,2,35927,33564,93.42277395830433,6.577226041695661,0.6098802549073887,0.7536956126773423,0.7728140107558179,0.019003350086742588,-0.002509434532332988,-8.12107640946536
P2.5–P97.5,1,Clear,3,23632,21982,93.01794177386594,6.982058226134058,0.6236072346346816,0.7199812094753197,0.7682744860823237,-0.13711112164012762,-0.009440188515861703,-5.821321934420081
P2.5–P97.5,1,Clear,4,19531,18081,92.57590497158364,7.4240950284163665,0.5701232868868557,0.5150273076071415,0.7741002114001287,-0.03548665844478638,-0.0028911746645141623,-8.490230974259743
P2.5–P97.5,1,Clear,5,32044,29979,93.55573586318812,6.444264136811883,0.5852163982929834,0.49464485728676927,0.7108887176227074,-0.04270423041298699,-0.0016033974940456441,-8.554766251692987
P2.5–P97.5,1,Clear,6,64917,60623,93.38539981822943,6.6146001817705695,0.6530735370346388,0.6768369948548543,0.7220193898325571,-0.04514029677759068,-0.00673807639081847,-7.947635886909119
P2.5–P97.5,1,Clear,7,119217,110335,92.54972025801689,7.450279741983101,0.6786276664928287,0.7871553803330965,0.744189923941942,-0.023910981688574195,-0.0020538745579802287,-8.168805146999015
P2.5–P97.5,1,Clear,8,165632,153586,92.72725077279753,7.2727492272024685,0.6380007170218611,0.7501719469984106,0.7028831377313236,0.09207884901112506,0.0028278822358289712,-8.780529972097614
P2.5–P97.5,1,Clear,9,165555,156751,94.68212980580472,5.317870194195285,0.6227319475523448,0.7152521514444031,0.6421689849199996,0.06543446613401305,0.0012229165930025543,-7.433861980240415
P2.5–P97.5,1,Clear,10,154629,148186,95.83325249468082,4.166747505319179,0.608960367337117,0.696322792334168,0.6084853229226578,0.06035587625872707,0.0014975042019502727,-5.4365807469362375
P2.5–P97.5,1,Clear,11,143727,137674,95.78854355827367,4.211456441726325,0.5962740726612922,0.685489722804993,0.5978177109144535,0.0658277307545535,0.0016647214180262049,-5.936617838233329
P2.5–P97.5,1,Clear,12,169434,162276,95.77534615248415,4.224653847515847,0.6059517107333743,0.6994309482348655,0.6006192538064454,0.05618690996695974,0.0013562306936676372,-6.087905141900084
P2.5–P97.5,1,Clear,13,153787,147037,95.6108123573514,4.389187642648595,0.6205684673992965,0.7077521861528588,0.6010369566340978,0.058347015485917586,0.0003377610222119465,-6.010968035260999
P2.5–P97.5,1,Clear,14,193256,184687,95.56598501469553,4.434014985304469,0.6231383480563857,0.7109219900537501,0.5938860972470404,0.05914280867871469,0.0006995228255090025,-6.010330400073544
P2.5–P97.5,1,Clear,15,209228,198846,95.03794903167837,4.962050968321641,0.5869370275837664,0.6953444796451114,0.6293885847610793,0.10627504578135671,0.003306719758893739,-7.910568662621509
P2.5–P97.5,1,Clear,16,189594,182900,96.46929755161028,3.530702448389722,0.6505294833833041,0.7503010280470894,0.5690893627743208,0.02098457624894734,0.0,-4.314881301839238
P2.5–P97.5,1,Clear,17,187132,179594,95.97182737319112,4.028172626808879,0.6493753427064576,0.774090842236569,0.614199416558369,0.03719578104198307,0.0006014186466531957,-5.474074589413477
P2.5–P97.5,1,Clear,18,170613,163325,95.72834426450505,4.27165573549495,0.6578034114157747,0.7876239060809981,0.6295639756913723,0.015120037941899866,0.0005073003189575154,-5.70858706035655
P2.5–P97.5,1,Clear,19,148925,142643,95.78176934698674,4.218230653013267,0.6565659033619897,0.8033250423019577,0.6558470558053152,0.012207399394151941,0.0001733697684936919,-5.407547935605125
P2.5–P97.5,1,Clear,20,169470,159439,94.08095828170178,5.919041718298224,0.6762178699049809,0.8048287188956669,0.6864437317982458,0.018353359846547845,0.0007146536914544033,-6.675100987911455
P2.5–P97.5,1,Clear,21,157238,146411,93.11425991172618,6.885740088273828,0.6580887113651472,0.7884402070034401,0.7196238599291399,0.029767772926421743,0.0036781044413618513,-9.63742807002902
P2.5–P97.5,1,Clear,22,143034,133588,93.3959757819819,6.60402421801809,0.6332823628809501,0.7343563962647215,0.7259531135424305,0.01158867822930254,0.0011576946111517827,-8.149513548629608
P2.5–P97.5,1,Clear,23,113668,106895,94.04141886898688,5.95858113101313,0.6217106689216569,0.6931107196505915,0.7282111799061626,-0.018006516075631973,-0.0024462875760702385,-6.451686127526993
P2.5–P97.5,8,Rain,0,14404,13020,90.39155790058317,9.608442099416825,0.5946102323116877,0.7616835586065573,0.8790801417600954,0.11416839492133546,0.005527047139705199,-9.94184352854848
P2.5–P97.5,8,Rain,1,978,939,96.0122699386503,3.9877300613496924,0.49343905170219227,0.43030619130379294,0.5999377150521872,-0.09255725059020947,0.0009594562657353478,-2.857499705309828
P2.5–P97.5,8,Rain,2,5145,4639,90.16520894071914,9.834791059280857,0.5965688730614361,0.7690855732847456,0.8859692019303755,0.026871653103823445,0.00035258940314875087,-11.760722787682209
P2.5–P97.5,8,Rain,3,6353,5798,91.26396977805761,8.736030221942393,0.629922780866212,0.7799439820460509,0.8380157569270444,-0.07692155020677816,-0.008049156195950036,-7.8628833947858165
P2.5–P97.5,8,Rain,4,2463,2300,93.38205440519691,6.617945594803087,0.5882604986603703,0.5632133801409489,0.7704186567733743,-0.15552684283743046,-0.01347197359855068,-8.657306607544108
P2.5–P97.5,8,Rain,6,2321,2194,94.52822059457131,5.4717794054286895,0.6585766077527226,0.6626673921478028,0.6831670311837328,-0.21442687509426006,-0.006073812897665953,-4.3932964177197
P2.5–P97.5,8,Rain,7,25130,23468,93.38639076800636,6.6136092319936335,0.7027320884246815,0.8140122838534691,0.716722351531965,0.026987730786578012,-0.0031717236997031995,-6.492826833967697
P2.5–P97.5,8,Rain,8,12278,11635,94.76299071510017,5.237009284899818,0.6771283316410942,0.7927662344945584,0.6529853603987428,0.027861717972702982,0.0,-4.686846201959413
P2.5–P97.5,8,Rain,9,10654,10277,96.46142293974094,3.5385770602590627,0.6875410894285297,0.7822947826618215,0.5709918375612574,0.012542983024108612,0.00010073323732295858,-4.708285163174419
P2.5–P97.5,8,Rain,13,18420,17814,96.71009771986971,3.289902280130297,0.6677684356521398,0.7503010280470894,0.5346082453154387,0.05330273481256076,0.0,-4.037589509739215
P2.5–P97.5,8,Rain,14,14196,13748,96.84418145956607,3.15581854043393,0.6448003853886527,0.7289802557747436,0.5124744794926533,0.011064061289039362,-0.0008393862473988767,-5.176093525496564
P2.5–P97.5,8,Rain,15,17025,16346,96.01174743024963,3.9882525697503723,0.6270017464808813,0.7331614824062249,0.5783985481658589,-0.003109703187741064,0.0014242397500920934,-5.253835239109806
P2.5–P97.5,8,Rain,16,3624,3473,95.83333333333333,4.1666666666666625,0.8111171621679888,0.9052567328919957,0.5953196848634275,-0.016007367906223036,-0.00026243052539987044,-2.701904015952107
P2.5–P97.5,8,Rain,17,11283,10842,96.09146503589471,3.9085349641052924,0.7347897609938056,0.8380237486461493,0.5754624620436507,-0.030960067684010828,-0.0009350778308141461,-2.8155623434091757
P2.5–P97.5,8,Rain,18,18525,17803,96.1025641025641,3.897435897435897,0.6587859105745173,0.8040628172323497,0.6155631754532629,0.09430165065194973,0.001188111714918505,-4.815084637972758
P2.5–P97.5,8,Rain,19,19211,18249,94.99245224090365,5.0075477590963535,0.6256319866032578,0.7514078926572739,0.6672683340014873,0.11950518239609709,0.0,-11.901760090165597
P2.5–P97.5,8,Rain,20,9963,9181,92.1509585466225,7.849041453377492,0.6686219776301398,0.8402392204136567,0.7437052625253129,0.3041061327521298,0.0071800709961069575,-9.21929637063965
P2.5–P97.5,8,Rain,21,12427,11746,94.51999678120222,5.48000321879778,0.697179172374725,0.8271395363594196,0.6806487976825635,-0.05605946039651488,-0.0007888272171424626,-5.5056600066116985
P2.5–P97.5,8,Rain,22,6022,5670,94.15476585851876,5.845234141481237,0.6945155826078873,0.8086147637476089,0.7230033710693453,-0.09826835359914499,0.0006828188691230253,-4.566588836404799
P2.5–P97.5,8,Rain,23,6900,6338,91.85507246376811,8.144927536231883,0.5763024234884963,0.6886679515846181,0.8090810918252672,0.37985755981358493,0.010050465476310833,-14.019410295208093
P5–P95,1,Clear,0,95750,82669,86.33838120104438,13.66161879895561,0.615529076572569,0.6920760955275588,0.5165763115587393,-0.01698602748335365,0.0008496547255978371,-7.077040981779579
P5–P95,1,Clear,1,57087,49475,86.66596598174716,13.334034018252838,0.6181826095298812,0.7245805389631892,0.5293157934860223,-0.028219356015476982,0.00024288759227497625,-6.997075411358315
P5–P95,1,Clear,2,35927,31023,86.35009881147883,13.649901188521163,0.6278451664999013,0.7557760002977261,0.5364137125882116,0.036968261679255154,-0.00042904691194922684,-8.357476707632966
P5–P95,1,Clear,3,23632,20345,86.09089370345295,13.909106296547058,0.6336238862722323,0.7163526082810426,0.5306029946308461,-0.1270944700025769,-0.013068789710138806,-6.0589934258715585
P5–P95,1,Clear,4,19531,16663,85.31565204034612,14.684347959653888,0.5722947666440006,0.5085468293493651,0.5239922006924917,-0.033315178687641445,-0.009371652922290585,-8.74033898496738
P5–P95,1,Clear,5,32044,28028,87.46723255523655,12.532767444763449,0.5821299495344134,0.4902361256450597,0.486675920175662,-0.04579067917155699,-0.006012129135755218,-8.778979049140032
P5–P95,1,Clear,6,64917,56467,86.98337877597548,13.016621224024528,0.6469403997720525,0.6619307428037584,0.4924875164815628,-0.051273434040176924,-0.02164432844191433,-8.177167760260113
P5–P95,1,Clear,7,119217,102024,85.57839905382622,14.421600946173784,0.6850864058879483,0.7828186912828778,0.4877037705524174,-0.017452242293454545,-0.006390563608198896,-8.425291300388539
P5–P95,1,Clear,8,165632,143543,86.66380892581144,13.336191074188564,0.6597203200640598,0.7519989639852291,0.45778836377956933,0.11379845205332373,0.004654899222647502,-9.025624746049369
P5–P95,1,Clear,9,165555,148627,89.77499924496391,10.225000755036096,0.6399878559305059,0.7172448999633677,0.4324994108699002,0.08269037451217409,0.0032156651119671364,-7.643531554290515
P5–P95,1,Clear,10,154629,141570,91.55462429427857,8.445375705721435,0.6266087177502534,0.6985477962272834,0.4206003667424841,0.07800422667186346,0.0037225080950655798,-5.624465703116411
P5–P95,1,Clear,11,143727,131780,91.68771351242286,8.312286487577147,0.6165830808269254,0.688343535866729,0.41469579725395334,0.0861367389201867,0.004518534479762248,-6.119739751893829
P5–P95,1,Clear,12,169434,155226,91.61443393887886,8.385566061121141,0.6254335917222916,0.7029745917421658,0.4159162280693366,0.07566879095587709,0.004899874200967935,-6.272608167637192
P5–P95,1,Clear,13,153787,140535,91.38288671994381,8.617113280056177,0.6353944617180235,0.7106049009148492,0.4133410307823995,0.07317300980464458,0.0031904757842022846,-6.198663961112697
P5–P95,1,Clear,14,193256,176644,91.40414786604296,8.595852133957028,0.6400250453099342,0.7125387305749628,0.4034495908342528,0.07602950593226321,0.0023162633467216365,-6.200766906486331
P5–P95,1,Clear,15,209228,188884,90.2766360143002,9.723363985699807,0.6207887901167495,0.7011116863651531,0.41866762053434997,0.14012680831433977,0.009073926478935457,-8.121289626848238
P5–P95,1,Clear,16,189594,176019,92.83996328997753,7.1600367100224656,0.6647517284724767,0.7514943508613998,0.4001515440671612,0.03520682133811992,0.0011933228143103936,-4.483819120546397
P5–P95,1,Clear,17,187132,171397,91.5914969112712,8.408503088728814,0.6729416118942799,0.7771397469067786,0.42128906879762634,0.06076205022980541,0.003650323316862769,-5.66698493717422
P5–P95,1,Clear,18,170613,155436,91.1044293225018,8.895570677498199,0.67885317105091,0.7902570335812995,0.43401602101234565,0.0361697975770352,0.0031404278192589397,-5.9041350150355765
P5–P95,1,Clear,19,148925,135261,90.82491186839013,9.175088131609865,0.6806244160823042,0.8057675257754859,0.45664986220025733,0.03626591211446639,0.0026158532420219593,-5.606745129210183
P5–P95,1,Clear,20,169470,149944,88.47819673098483,11.521803269015162,0.6913231452026257,0.8044644219638033,0.4648668470566215,0.03345863514419267,0.0003503567595908308,-6.896677872653079
P5–P95,1,Clear,21,157238,136639,86.89947722560704,13.100522774392953,0.6771340750367103,0.7892092548910767,0.48064571658923766,0.04881313659798481,0.004447152328998505,-9.876406213368924
P5–P95,1,Clear,22,143034,124467,87.01917026720919,12.980829732790799,0.64971405025501,0.7347340405924533,0.4898898646503933,0.028020365603362407,0.0015353389388835792,-8.385576797521646
P5–P95,1,Clear,23,113668,99566,87.5936939156139,12.40630608438611,0.630179292072358,0.6910303408326297,0.49690580059556755,-0.009537892924930902,-0.004526666394031986,-6.682991506837588
P5–P95,8,Rain,0,14404,11633,80.76228825326298,19.23771174673702,0.6292707296544873,0.7733487149980752,0.5699746342108033,0.14882889226413498,0.017192203531223083,-10.250949036097772
P5–P95,8,Rain,1,978,899,91.92229038854806,8.077709611451944,0.4969554963622642,0.43030619130379294,0.4410779410736601,-0.08904080593013752,0.0009594562657353478,-3.016359479288355
P5–P95,8,Rain,2,5145,4125,80.17492711370262,19.825072886297377,0.6192937765172922,0.770280957492512,0.577021744837261,0.04959655655967954,0.0015479736109151876,-12.069670244775324
P5–P95,8,Rain,3,6353,5242,82.51219896112073,17.48780103887927,0.6306741395909632,0.7680740248496805,0.5615629673522353,-0.07617019148202697,-0.019919113392320442,-8.139336184360625
P5–P95,8,Rain,4,2463,2129,86.43930166463662,13.560698335363375,0.5963802323511873,0.5624474380800423,0.521382491409294,-0.14740710914661348,-0.014237915659457312,-8.906342772908188
P5–P95,8,Rain,6,2321,2059,88.71176217147782,11.288237828522185,0.6503006066775505,0.6520273285007607,0.4621985459016076,-0.22270287616943218,-0.016713876544708017,-4.614264903001826
P5–P95,8,Rain,7,25130,21840,86.90807799442896,13.091922005571032,0.7023843314456126,0.809093104256269,0.4758457343793622,0.026639973807509154,-0.008090903296903318,-6.7337034511202996
P5–P95,8,Rain,8,12278,10984,89.46082423847533,10.539175761524678,0.685664036006531,0.7908656491337014,0.44070080603801476,0.03639742233813981,-0.0019005853608570211,-4.899130756320141
P5–P95,8,Rain,9,10654,9872,92.66003379012578,7.339966209874227,0.6898710505220419,0.7807987386694233,0.40255495028165966,0.014872944117620857,-0.001395310755075263,-4.876722050454016
P5–P95,8,Rain,13,18420,17200,93.37676438653638,6.623235613463629,0.674858496214246,0.749941903490333,0.3659225727568602,0.06039279537466691,-0.0003591245567564627,-4.2062751822977935
P5–P95,8,Rain,14,14196,13336,93.94195548041702,6.0580445195829835,0.656342590542765,0.7298368239599975,0.3675257103324819,0.022606266443151668,1.7181937855048623e-05,-5.321042294656736
P5–P95,8,Rain,15,17025,15681,92.10572687224669,7.894273127753304,0.6496332414354443,0.7352271084242443,0.388865305897162,0.019521791766822005,0.0034898657681114997,-5.443368481378504
P5–P95,8,Rain,16,3624,3318,91.55629139072848,8.443708609271528,0.8090730546753404,0.9023824071554626,0.42049637726696254,-0.01805147539887142,-0.0031367562619329936,-2.876727323548572
P5–P95,8,Rain,17,11283,10407,92.23610741823983,7.763892581760167,0.7351382964402308,0.8363627227179313,0.40639194378267196,-0.030611532237585615,-0.0025961037590320757,-2.9846328616701543
P5–P95,8,Rain,18,18525,16995,91.74089068825911,8.259109311740886,0.6836736758789669,0.8062143539447356,0.431823415404753,0.11918941595639931,0.003339648427304387,-4.998824398021268
P5–P95,8,Rain,19,19211,17211,89.58929779813649,10.41070220186352,0.6487169176471942,0.7546413137253581,0.45811779605841885,0.14259011344003347,0.003233421068084219,-12.110910628108666
P5–P95,8,Rain,20,9963,8491,85.22533373481883,14.77466626518117,0.7100947546069787,0.8436468432005853,0.4760106379781784,0.3455789097289687,0.010587693783035479,-9.486990995186783
P5–P95,8,Rain,21,12427,11042,88.85491269011024,11.145087309889757,0.703676780514654,0.8235886341560615,0.4652289182736987,-0.049561852256585937,-0.004339729420500538,-5.721079886020563
P5–P95,8,Rain,22,6022,5275,87.5954832281634,12.404516771836605,0.6817606994806185,0.7996635921298773,0.4943674465557241,-0.11102323672641379,-0.008268352748608598,-4.79522476091842
P5–P95,8,Rain,23,6900,5757,83.43478260869566,16.565217391304344,0.6141687404877091,0.700235409869964,0.5119691551183734,0.41772387681279777,0.02161792376165672,-14.316522231914986
