source_row_index,pickup_timestamp,hour,fare,trip_distance,weather_code,tau_P,L_base,relative_price_deviation,relative_distance_deviation,epsilon
2078856,2026-01-25 09:07:01,9,250.0,3.05,14,0.25,3.0486708328788574,10.711867685066464,0.0004359824966368253,24569.49021508421
3389024,2026-01-28 09:09:33,9,105.18,3.05,1,0.25,3.0486708328788574,3.927416972461163,0.0004359824966368253,9008.198729896978
9835894,2026-03-03 21:29:42,21,103.9,3.05,9,0.25,3.0486708328788574,3.867452209913623,0.0004359824966368253,8870.659349279385
4166625,2026-02-07 23:08:08,23,100.0,3.05,3,0.25,3.0486708328788574,3.684747074026586,0.0004359824966368253,8451.59404896016
6153887,2026-02-08 00:30:11,0,95.54,3.05,3,0.25,3.0486708328788574,3.4758073545250006,0.0004359824966368253,7972.355269620739
3354050,2026-01-27 09:08:52,9,89.93,3.05,1,0.25,3.0486708328788574,3.212993043672109,0.0004359824966368253,7369.5459530077
10355160,2026-03-21 05:34:33,5,89.68,3.05,1,0.25,3.0486708328788574,3.2012811759870425,0.0004359824966368253,7342.682792730826
1033971,2026-01-13 18:39:59,18,89.0,3.05,3,0.25,3.0486708328788574,3.1694248958836613,0.0004359824966368253,7269.614996777729
3970345,2026-02-05 19:09:32,19,87.44,3.05,1,0.25,3.0486708328788574,3.0963428415288465,0.0004359824966368253,7101.988876650039
3442735,2026-01-29 20:14:00,20,87.04,3.05,1,0.25,3.0486708328788574,3.0776038532327408,0.0004359824966368253,7059.007820207043
9829110,2026-03-03 18:04:00,18,85.86,3.05,12,0.25,3.0486708328788574,3.0223238377592265,0.0004359824966368253,6932.213703700199
10341979,2026-03-20 23:19:13,23,85.3,3.05,3,0.25,3.0486708328788574,2.9960892541446777,0.0004359824966368253,6872.040224680003
918706,2026-01-12 13:10:10,13,85.0,3.05,2,0.25,3.0486708328788574,2.982035012922598,0.0004359824966368253,6839.804432347754
9837974,2026-03-03 21:15:43,21,84.82,3.05,9,0.25,3.0486708328788574,2.9736024681893496,0.0004359824966368253,6820.462956948405
390297,2026-01-06 14:23:55,14,84.56,3.05,3,0.25,3.0486708328788574,2.961422125796881,0.0004359824966368253,6792.5252702604585
4419434,2026-02-11 09:30:05,9,83.94,3.05,1,0.25,3.0486708328788574,2.932376693937916,0.0004359824966368253,6725.9046327738115
9837621,2026-03-03 21:24:21,21,83.74,3.05,9,0.25,3.0486708328788574,2.9230071997898626,0.0004359824966368253,6704.414104552312
6507111,2026-02-18 21:49:42,21,83.0,3.05,5,0.25,3.0486708328788574,2.8883400714420664,0.0004359824966368253,6624.899150132768
10059051,2026-03-11 21:09:38,21,82.88,3.05,3,0.25,3.0486708328788574,2.8827183749532344,0.0004359824966368253,6612.004833199869
3349883,2026-01-27 08:27:01,8,79.63,3.05,1,0.25,3.0486708328788574,2.73046409504737,0.0004359824966368253,6262.783749600513
1125330,2026-01-14 17:58:12,17,110.0,2.99,3,0.5,2.9910786705717562,4.153221781429244,-0.0003606292881456853,-11516.595900417953
3349874,2026-01-27 08:53:35,8,99.18,2.99,1,0.5,2.9910786705717562,3.6463321480195683,-0.0003606292881456853,-10111.026108746166
3369381,2026-01-27 20:20:45,20,98.73,2.99,3,0.5,2.9910786705717562,3.6252507861864482,-0.0003606292881456853,-10052.568954748724
3405028,2026-01-28 20:19:50,20,95.22,2.99,3,0.5,2.9910786705717562,3.460816163888115,-0.0003606292881456853,-9596.603153568689
10027799,2026-03-10 16:01:27,16,94.2,2.99,1,0.5,2.9910786705717562,3.413031743733044,-0.0003606292881456853,-9464.100271174491
9832211,2026-03-03 20:15:58,20,93.0,2.99,12,0.5,2.9910786705717562,3.3568147788447247,-0.0003606292881456853,-9308.214527181315
10069943,2026-03-12 08:29:40,8,90.04,2.99,3,0.5,2.9910786705717562,3.218146265453538,-0.0003606292881456853,-8923.69635866482
9891008,2026-03-05 21:38:36,21,88.73,2.99,3,0.5,2.9910786705717562,3.15677607878379,-0.0003606292881456853,-8753.521088138938
3374184,2026-01-27 21:25:09,21,86.34,2.99,3,0.5,2.9910786705717562,3.0448106237145542,-0.0003606292881456853,-8443.048648019198
9835430,2026-03-03 21:20:59,21,86.01,2.99,9,0.5,2.9910786705717562,3.0293509583702667,-0.0003606292881456853,-8400.180068421076
6346533,2026-02-13 15:41:58,15,85.93,2.99,1,0.5,2.9910786705717562,3.0256031607110456,-0.0003606292881456853,-8389.787685488198
10021360,2026-03-10 08:33:12,8,85.54,2.99,1,0.5,2.9910786705717562,3.007332647122342,-0.0003606292881456853,-8339.124818690416
3353367,2026-01-27 09:11:34,9,85.2,2.99,1,0.5,2.9910786705717562,2.9914045070706514,-0.0003606292881456853,-8294.957191225683
9896608,2026-03-05 22:12:20,22,83.4,2.99,5,0.5,2.9910786705717562,2.907079059738173,-0.0003606292881456853,-8061.128575235922
3466859,2026-01-30 08:37:05,8,81.0,2.99,1,0.5,2.9910786705717562,2.7946451299615345,-0.0003606292881456853,-7749.357087249571
3410271,2026-01-28 21:15:28,21,80.64,2.99,3,0.5,2.9910786705717562,2.777780040495039,-0.0003606292881456853,-7702.591364051619
9091467,2026-03-24 19:58:31,19,80.0,2.99,1,0.5,2.9910786705717562,2.7477976592212685,-0.0003606292881456853,-7619.452300588592
10032677,2026-03-10 20:38:56,20,78.56,2.99,1,0.5,2.9910786705717562,2.680337301355286,-0.0003606292881456853,-7432.389407796783
6046413,2026-02-05 22:02:55,22,77.75,2.99,1,0.5,2.9910786705717562,2.6423908500556705,-0.0003606292881456853,-7327.166530601391
10245463,2026-03-17 22:08:40,22,76.86,2.99,3,0.5,2.9910786705717562,2.6006966010968338,-0.0003606292881456853,-7211.55127047312
4571601,2026-02-12 18:18:20,18,130.0,3.02,3,1.0,3.01799878914405,5.090171196234562,0.0006630920009472657,7676.4177353413315
9873224,2026-03-05 09:18:00,9,110.94,3.02,3,1.0,3.01799878914405,4.197258403925094,0.0006630920009472657,6329.828135355373
2577035,2026-01-01 02:37:07,2,105.94,3.02,3,1.0,3.01799878914405,3.963021050223765,0.0006630920009472657,5976.577977961366
3348925,2026-01-27 07:22:36,7,105.24,3.02,1,1.0,3.01799878914405,3.9302278207055785,0.0006630920009472657,5927.122955926204
3449934,2026-01-29 21:03:27,21,99.01,3.02,1,1.0,3.01799878914405,3.638368077993723,0.0006630920009472657,5486.9732598132705
5981781,2026-02-03 21:09:46,21,92.26,3.02,3,1.0,3.01799878914405,3.3221476504969285,0.0006630920009472657,5010.08554733136
6725357,2026-02-26 21:11:48,21,89.01,3.02,3,1.0,3.01799878914405,3.169893370591064,0.0006630920009472657,4780.472945025254
3437400,2026-01-29 16:22:28,16,87.71,3.02,1,1.0,3.01799878914405,3.1089916586287183,0.0006630920009472657,4688.627904102812
9869374,2026-03-05 08:31:49,8,87.19,3.02,3,1.0,3.01799878914405,3.08463097384378,0.0006630920009472657,4651.889887733835
5392428,2026-02-22 05:54:39,5,87.0,3.02,3,1.0,3.01799878914405,3.07572995440313,0.0006630920009472657,4638.4663817528635
5963932,2026-02-03 08:59:18,8,84.21,3.02,1,1.0,3.01799878914405,2.945025511037788,0.0006630920009472657,4441.352793927007
6681309,2026-02-25 08:46:35,8,83.65,3.02,3,1.0,3.01799878914405,2.9187909274232395,0.0006630920009472657,4401.7887762988785
10069896,2026-03-12 08:34:08,8,83.19,3.02,3,1.0,3.01799878914405,2.8972410908827166,0.0006630920009472657,4369.289761818629
10244960,2026-03-17 21:22:00,21,82.2,3.02,1,1.0,3.01799878914405,2.8508620948498535,0.0006630920009472657,4299.346230654615
9836963,2026-03-03 21:47:28,21,81.99,3.02,9,1.0,3.01799878914405,2.8410241259943976,0.0006630920009472657,4284.509724044067
9835185,2026-03-03 21:48:57,21,80.94,3.02,9,1.0,3.01799878914405,2.7918342817171187,0.0006630920009472657,4210.327190991326
9895234,2026-03-05 22:12:36,22,80.87,3.02,5,1.0,3.01799878914405,2.7885549587653,0.0006630920009472657,4205.381688787809
10270789,2026-03-18 21:11:30,21,80.2,3.02,3,1.0,3.01799878914405,2.757167153369322,0.0006630920009472657,4158.046167697013
2574582,2026-01-01 01:25:42,1,79.83,3.02,3,1.0,3.01799878914405,2.7398335891954235,0.0006630920009472657,4131.905656049856
6810364,2026-02-28 23:53:48,23,79.21,3.02,2,1.0,3.01799878914405,2.7107881573364585,0.0006630920009472657,4088.1026365329985
2085239,2026-01-25 23:00:10,23,300.0,3.03,16,2.0,3.0333960338928465,13.054241222079757,-0.001119548471383895,-11660.273365335548
6678981,2026-02-25 07:34:41,7,121.72,3.03,3,2.0,3.0333960338928465,4.70227413850516,-0.001119548471383895,-4200.152345965504
5935044,2026-02-02 07:46:13,7,113.21,3.03,3,2.0,3.0333960338928465,4.303602162505498,-0.001119548471383895,-3844.0516623507456
3439454,2026-01-29 18:40:53,18,106.56,3.03,1,2.0,3.0333960338928465,3.99206648208273,-0.001119548471383895,-3565.7826205131264
10268934,2026-03-18 20:19:13,20,92.55,3.03,3,2.0,3.0333960338928465,3.335733417011605,-0.001119548471383895,-2979.534609062743
2924115,2026-01-14 07:58:07,7,92.3,3.03,3,2.0,3.0333960338928465,3.3240215493265386,-0.001119548471383895,-2969.0733668883963
9895796,2026-03-05 22:00:13,22,90.0,3.03,5,2.0,3.0333960338928465,3.2162723666239272,-0.001119548471383895,-2872.829938884408
10243725,2026-03-17 21:33:00,21,87.19,3.03,1,2.0,3.0333960338928465,3.08463097384378,-0.001119548471383895,-2755.245576844752
8413665,2026-03-17 19:19:55,19,87.0,3.03,3,2.0,3.0333960338928465,3.07572995440313,-0.001119548471383895,-2747.295032792249
3143398,2026-01-20 21:15:57,21,86.2,3.03,1,2.0,3.0333960338928465,3.038251977810917,-0.001119548471383895,-2713.8190578343397
1730436,2026-01-21 15:39:58,15,86.12,3.03,1,2.0,3.0333960338928465,3.034504180151696,-0.001119548471383895,-2710.4714603385487
3436551,2026-01-29 15:37:50,15,85.91,3.03,1,2.0,3.0333960338928465,3.02466621129624,-0.001119548471383895,-2701.684016912098
9833034,2026-03-03 20:17:08,20,84.47,3.03,12,2.0,3.0333960338928465,2.957205853430257,-0.001119548471383895,-2641.427261987861
10303127,2026-03-19 22:14:22,22,83.98,3.03,3,2.0,3.0333960338928465,2.934250592767527,-0.001119548471383895,-2620.9232273261423
9849063,2026-03-04 09:40:53,9,83.34,3.03,3,2.0,3.0333960338928465,2.904268211493757,-0.001119548471383895,-2594.142447359815
10300161,2026-03-19 21:29:59,21,82.98,3.03,3,2.0,3.0333960338928465,2.887403122027261,-0.001119548471383895,-2579.0782586287555
9836912,2026-03-03 21:06:56,21,82.61,3.03,9,2.0,3.0333960338928465,2.8700695578533626,-0.001119548471383895,-2563.5956202107227
3348298,2026-01-27 07:29:50,7,81.18,3.03,1,2.0,3.0333960338928465,2.8030776746947828,-0.001119548471383895,-2503.7573149734603
6481327,2026-02-17 20:57:24,20,80.92,3.03,5,2.0,3.0333960338928465,2.7908973323023134,-0.001119548471383895,-2492.8776231121396
3468202,2026-01-30 08:00:28,8,79.72,3.03,1,2.0,3.0333960338928465,2.7346803674139943,-0.001119548471383895,-2442.663660675276
