tau_P,rank,source_row_index,pickup_timestamp,hour,price,distance,weather,relative_price_deviation,relative_distance_deviation,epsilon,abs_epsilon
0.25,1,2078856,2026-01-25 09:07:01,9,250.0,3.05,14,10.711867685066464,0.0004359824966368253,24569.49021508421,24569.49021508421
0.25,2,3389024,2026-01-28 09:09:33,9,105.18,3.05,1,3.927416972461163,0.0004359824966368253,9008.198729896978,9008.198729896978
0.25,3,9835894,2026-03-03 21:29:42,21,103.9,3.05,9,3.867452209913623,0.0004359824966368253,8870.659349279385,8870.659349279385
0.25,4,4166625,2026-02-07 23:08:08,23,100.0,3.05,3,3.684747074026586,0.0004359824966368253,8451.59404896016,8451.59404896016
0.25,5,6153887,2026-02-08 00:30:11,0,95.54,3.05,3,3.4758073545250006,0.0004359824966368253,7972.355269620739,7972.355269620739
0.25,6,3354050,2026-01-27 09:08:52,9,89.93,3.05,1,3.212993043672109,0.0004359824966368253,7369.5459530077,7369.5459530077
0.25,7,10355160,2026-03-21 05:34:33,5,89.68,3.05,1,3.2012811759870425,0.0004359824966368253,7342.682792730826,7342.682792730826
0.25,8,1033971,2026-01-13 18:39:59,18,89.0,3.05,3,3.1694248958836613,0.0004359824966368253,7269.614996777729,7269.614996777729
0.25,9,3970345,2026-02-05 19:09:32,19,87.44,3.05,1,3.0963428415288465,0.0004359824966368253,7101.988876650039,7101.988876650039
0.25,10,3442735,2026-01-29 20:14:00,20,87.04,3.05,1,3.0776038532327408,0.0004359824966368253,7059.007820207043,7059.007820207043
0.25,11,9829110,2026-03-03 18:04:00,18,85.86,3.05,12,3.0223238377592265,0.0004359824966368253,6932.213703700199,6932.213703700199
0.25,12,10341979,2026-03-20 23:19:13,23,85.3,3.05,3,2.9960892541446777,0.0004359824966368253,6872.040224680003,6872.040224680003
0.25,13,918706,2026-01-12 13:10:10,13,85.0,3.05,2,2.982035012922598,0.0004359824966368253,6839.804432347754,6839.804432347754
0.25,14,9837974,2026-03-03 21:15:43,21,84.82,3.05,9,2.9736024681893496,0.0004359824966368253,6820.462956948405,6820.462956948405
0.25,15,390297,2026-01-06 14:23:55,14,84.56,3.05,3,2.961422125796881,0.0004359824966368253,6792.5252702604585,6792.5252702604585
0.25,16,4419434,2026-02-11 09:30:05,9,83.94,3.05,1,2.932376693937916,0.0004359824966368253,6725.9046327738115,6725.9046327738115
0.25,17,9837621,2026-03-03 21:24:21,21,83.74,3.05,9,2.9230071997898626,0.0004359824966368253,6704.414104552312,6704.414104552312
0.25,18,6507111,2026-02-18 21:49:42,21,83.0,3.05,5,2.8883400714420664,0.0004359824966368253,6624.899150132768,6624.899150132768
0.25,19,10059051,2026-03-11 21:09:38,21,82.88,3.05,3,2.8827183749532344,0.0004359824966368253,6612.004833199869,6612.004833199869
0.25,20,3349883,2026-01-27 08:27:01,8,79.63,3.05,1,2.73046409504737,0.0004359824966368253,6262.783749600513,6262.783749600513
0.25,21,8359273,2026-03-17 11:08:20,11,78.6,3.05,2,2.6822112001848963,0.0004359824966368253,6152.107529259795,6152.107529259795
0.25,22,3448248,2026-01-29 21:50:50,21,76.14,3.05,1,2.5669664221638424,0.0004359824966368253,5887.774032135361,5887.774032135361
0.25,23,6263032,2026-02-10 21:49:13,21,74.38,3.05,3,2.4845148736609746,0.0004359824966368253,5698.657383786172,5698.657383786172
0.25,24,10299209,2026-03-19 21:30:54,21,73.45,3.05,3,2.4409467258725273,0.0004359824966368253,5598.726427556203,5598.726427556203
0.25,25,3446729,2026-01-29 21:49:56,21,73.21,3.05,1,2.429703332894863,0.0004359824966368253,5572.937793690404,5572.937793690404
0.25,26,6505336,2026-02-18 21:38:18,21,72.72,3.05,5,2.406748072232133,0.0004359824966368253,5520.285999547732,5520.285999547732
0.25,27,10246039,2026-03-17 22:04:59,22,72.18,3.05,3,2.38145043803239,0.0004359824966368253,5462.261573349687,5462.261573349687
0.25,28,6347914,2026-02-13 15:06:37,15,71.84,3.05,1,2.3655222979806996,0.0004359824966368253,5425.7276753731385,5425.7276753731385
0.25,29,9970667,2026-03-08 03:50:48,3,71.19,3.05,5,2.3350714419995264,0.0004359824966368253,5355.883458653268,5355.883458653268
0.25,30,10218338,2026-03-16 17:17:42,17,71.19,3.05,5,2.3350714419995264,0.0004359824966368253,5355.883458653268,5355.883458653268
0.25,31,2914526,2026-01-13 21:39:02,21,70.01,3.05,3,2.279791426526013,0.0004359824966368253,5229.089342146425,5229.089342146425
0.25,32,54990,2026-01-01 19:07:14,19,70.0,3.05,1,2.27932295181861,0.0004359824966368253,5228.01481573535,5228.01481573535
0.25,33,10240773,2026-03-17 20:31:27,20,70.0,3.05,2,2.27932295181861,0.0004359824966368253,5228.01481573535,5228.01481573535
0.25,34,2571131,2026-01-01 01:56:05,1,69.96,3.05,3,2.2774490529889992,0.0004359824966368253,5223.716710091049,5223.716710091049
0.25,35,6263981,2026-02-10 21:51:36,21,68.59,3.05,3,2.2132680180748356,0.0004359824966368253,5076.506591773785,5076.506591773785
0.25,36,1542366,2026-01-19 13:36:39,13,67.99,3.05,1,2.1851595356306754,0.0004359824966368253,5012.035007109287,5012.035007109287
0.25,37,6038039,2026-02-05 18:09:33,18,67.55,3.05,1,2.1645466485049587,0.0004359824966368253,4964.75584502199,4964.75584502199
0.25,38,9879791,2026-03-05 15:34:28,15,67.43,3.05,9,2.158924952016127,0.0004359824966368253,4951.861528089092,4951.861528089092
0.25,39,1818212,2026-01-22 14:01:34,14,67.0,3.05,3,2.138780539597813,0.0004359824966368253,4905.65689241287,4905.65689241287
0.25,40,8377525,2026-03-17 14:34:59,14,66.7,3.05,1,2.124726298375733,0.0004359824966368253,4873.421100080621,4873.421100080621
0.25,41,3314763,2026-01-25 20:08:59,20,66.56,3.05,16,2.1181676524720956,0.0004359824966368253,4858.377730325572,4858.377730325572
0.25,42,10483786,2026-03-26 08:42:10,8,66.21,3.05,3,2.1017710377130023,0.0004359824966368253,4820.769305937948,4820.769305937948
0.25,43,3387639,2026-01-28 08:32:33,8,66.18,3.05,1,2.100365613590795,0.0004359824966368253,4817.545726704725,4817.545726704725
0.25,44,6725984,2026-02-26 21:08:53,21,65.97,3.05,3,2.0905276447353387,0.0004359824966368253,4794.98067207215,4794.98067207215
0.25,45,10240879,2026-03-17 20:26:35,20,65.68,3.05,2,2.076941878220662,0.0004359824966368253,4763.8194061509785,4763.8194061509785
0.25,46,10036333,2026-03-10 21:12:28,21,65.19,3.05,2,2.053986617557931,0.0004359824966368253,4711.167612008305,4711.167612008305
0.25,47,10246628,2026-03-17 22:19:28,22,65.0,3.05,3,2.045085598117281,0.0004359824966368253,4690.751610197882,4690.751610197882
0.25,48,10342613,2026-03-20 23:02:34,23,64.21,3.05,3,2.0080760962324704,0.0004359824966368253,4605.86402372296,4605.86402372296
0.25,49,9867550,2026-03-05 07:55:17,7,64.19,3.05,3,2.0071391468176656,0.0004359824966368253,4603.714970900812,4603.714970900812
0.25,50,9859650,2026-03-04 21:39:30,21,63.78,3.05,7,1.9879316838141565,0.0004359824966368253,4559.659388046739,4559.659388046739
0.25,51,3400381,2026-01-28 17:25:00,17,63.68,3.05,1,1.9832469367401295,0.0004359824966368253,4548.914123935989,4548.914123935989
0.25,52,6030146,2026-02-05 11:49:01,11,63.51,3.05,1,1.9752828667142843,0.0004359824966368253,4530.647174947715,4530.647174947715
0.25,53,3447895,2026-01-29 21:29:11,21,63.21,3.05,1,1.9612286254922047,0.0004359824966368253,4498.411382615467,4498.411382615467
0.25,54,3478132,2026-01-30 14:11:10,14,63.2,3.05,1,1.9607601507848025,0.0004359824966368253,4497.336856204393,4497.336856204393
0.25,55,3498834,2026-01-30 22:30:42,22,63.2,3.05,1,1.9607601507848025,0.0004359824966368253,4497.336856204393,4497.336856204393
0.25,56,2572755,2026-01-01 01:08:27,1,63.18,3.05,3,1.9598232013699965,0.0004359824966368253,4495.187803382242,4495.187803382242
0.25,57,5979154,2026-02-03 20:35:10,20,62.73,3.05,1,1.938741839536877,0.0004359824966368253,4446.83411488387,4446.83411488387
0.25,58,6679254,2026-02-25 07:11:32,7,62.47,3.05,3,1.9265614971444083,0.0004359824966368253,4418.896428195922,4418.896428195922
0.25,59,10341218,2026-03-20 23:08:49,23,61.78,3.05,3,1.8942367423336248,0.0004359824966368253,4344.754105831752,4344.754105831752
0.25,60,9833714,2026-03-03 20:26:58,20,61.55,3.05,12,1.8834618240633636,0.0004359824966368253,4320.0399983770285,4320.0399983770285
0.25,61,6048334,2026-02-05 22:20:08,22,60.96,3.05,1,1.8558218163266065,0.0004359824966368253,4256.642940123606,4256.642940123606
0.25,62,6766225,2026-02-27 23:32:27,23,60.51,3.05,1,1.8347404544934867,0.0004359824966368253,4208.289251625234,4208.289251625234
0.25,63,5964508,2026-02-03 08:07:30,8,60.48,3.05,1,1.8333350303712788,0.0004359824966368253,4205.065672392009,4205.065672392009
0.25,64,10074252,2026-03-12 09:56:17,9,60.21,3.05,3,1.820686213271407,0.0004359824966368253,4176.053459292986,4176.053459292986
0.25,65,3451905,2026-01-29 22:20:41,22,60.2,3.05,1,1.8202177385640048,0.0004359824966368253,4174.978932881912,4174.978932881912
0.25,66,6314179,2026-02-12 18:15:09,18,60.18,3.05,3,1.819280789149199,0.0004359824966368253,4172.829880059761,4172.829880059761
0.25,67,6681757,2026-02-25 08:55:29,8,60.18,3.05,3,1.819280789149199,0.0004359824966368253,4172.829880059761,4172.829880059761
0.25,68,10345753,2026-03-21 00:36:09,0,60.18,3.05,8,1.819280789149199,0.0004359824966368253,4172.829880059761,4172.829880059761
0.25,69,10061770,2026-03-11 22:04:15,22,60.1,3.05,3,1.8155329914899778,0.0004359824966368253,4164.233668771162,4164.233668771162
0.25,70,10172526,2026-03-15 00:13:21,0,60.09,3.05,2,1.8150645167825756,0.0004359824966368253,4163.159142360088,4163.159142360088
0.25,71,10341161,2026-03-20 23:33:20,23,60.03,3.05,3,1.8122536685381596,0.0004359824966368253,4156.711983893638,4156.711983893638
0.25,72,6291147,2026-02-11 21:32:52,21,59.81,3.05,3,1.8019472249753012,0.0004359824966368253,4133.07240284999,4133.07240284999
0.25,73,9872674,2026-03-05 09:27:02,9,59.4,3.05,3,1.7827397619717917,0.0004359824966368253,4089.016819995916,4089.016819995916
0.25,74,6156244,2026-02-08 00:01:36,0,59.19,3.05,3,1.7729017931163362,0.0004359824966368253,4066.4517653633434,4066.4517653633434
0.25,75,3421732,2026-01-29 07:39:37,7,58.82,3.05,1,1.7555682289424375,0.0004359824966368253,4026.6942881535697,4026.6942881535697
0.25,76,3397306,2026-01-28 14:56:31,14,58.73,3.05,1,1.7513519565758136,0.0004359824966368253,4017.0235504538955,4017.0235504538955
0.25,77,6012508,2026-02-04 21:28:47,21,58.44,3.05,1,1.7377661900611368,0.0004359824966368253,3985.8622845327227,3985.8622845327227
0.25,78,3097009,2026-01-19 04:15:23,4,58.39,3.05,14,1.7354238165241236,0.0004359824966368253,3980.4896524773485,3980.4896524773485
0.25,79,3053589,2026-01-18 01:14:40,1,58.28,3.05,1,1.7302705947426944,0.0004359824966368253,3968.6698619555245,3968.6698619555245
0.25,80,10058002,2026-03-11 21:55:28,21,58.2,3.05,3,1.7265227970834731,0.0004359824966368253,3960.073650666925,3960.073650666925
0.25,81,10341942,2026-03-20 23:29:55,23,58.19,3.05,3,1.7260543223760703,0.0004359824966368253,3958.9991242558494,3958.9991242558494
0.25,82,10024378,2026-03-10 11:35:08,11,57.81,3.05,1,1.7082522834947695,0.0004359824966368253,3918.1671206350024,3918.1671206350024
0.25,83,6223733,2026-02-09 08:41:06,8,57.78,3.05,1,1.7068468593725614,0.0004359824966368253,3914.9435414017776,3914.9435414017776
0.25,84,9770908,2026-03-01 03:33:49,3,57.23,3.05,5,1.6810807504654146,0.0004359824966368253,3855.8445887926546,3855.8445887926546
0.25,85,10283574,2026-03-19 08:53:51,8,57.21,3.05,1,1.6801438010506096,0.0004359824966368253,3853.6955359705053,3853.6955359705053
0.25,86,6221048,2026-02-09 07:28:04,7,57.19,3.05,1,1.6792068516358043,0.0004359824966368253,3851.5464831483555,3851.5464831483555
0.25,87,10243941,2026-03-17 21:54:23,21,57.18,3.05,1,1.6787383769284014,0.0004359824966368253,3850.47195673728,3850.47195673728
0.25,88,6537811,2026-02-20 05:50:16,5,56.81,3.05,3,1.6614048127545036,0.0004359824966368253,3810.7144795275085,3810.7144795275085
0.25,89,6698944,2026-02-25 21:16:33,21,56.72,3.05,1,1.6571885403878794,0.0004359824966368253,3801.043741827834,3801.043741827834
0.25,90,6768271,2026-02-28 00:38:24,0,56.66,3.05,1,1.6543776921434634,0.0004359824966368253,3794.596583361384,3794.596583361384
0.25,91,6013244,2026-02-04 21:30:52,21,56.61,3.05,1,1.6520353186064503,0.0004359824966368253,3789.2239513060094,3789.2239513060094
0.25,92,9859256,2026-03-04 21:37:42,21,56.48,3.05,7,1.6459451474102154,0.0004359824966368253,3775.255107962035,3775.255107962035
0.25,93,10066247,2026-03-12 06:25:25,6,56.41,3.05,5,1.642665824458397,0.0004359824966368253,3767.7334230845104,3767.7334230845104
0.25,94,5964933,2026-02-03 08:04:40,8,56.3,3.05,1,1.6375126026769677,0.0004359824966368253,3755.9136325626864,3755.9136325626864
0.25,95,3201974,2026-01-22 22:19:25,22,56.2,3.05,3,1.6328278556029414,0.0004359824966368253,3745.1683684519376,3745.1683684519376
0.25,96,10068396,2026-03-12 07:56:26,7,56.19,3.05,5,1.6323593808955386,0.0004359824966368253,3744.093842040862,3744.093842040862
0.25,97,10076125,2026-03-12 11:24:16,11,56.16,3.05,5,1.6309539567733304,0.0004359824966368253,3740.870262807637,3740.870262807637
0.25,98,10261861,2026-03-18 14:31:46,14,56.0,3.05,1,1.623458361454888,0.0004359824966368253,3723.6778402304385,3723.6778402304385
0.25,99,3349895,2026-01-27 08:39:21,8,55.72,3.05,1,1.6103410696476137,0.0004359824966368253,3693.5911007203404,3693.5911007203404
0.25,100,9766264,2026-03-01 01:22:08,1,55.61,3.05,5,1.6051878478661845,0.0004359824966368253,3681.771310198516,3681.771310198516
0.5,1,1125330,2026-01-14 17:58:12,17,110.0,2.99,3,4.153221781429244,-0.0003606292881456853,-11516.595900417953,11516.595900417953
0.5,2,3349874,2026-01-27 08:53:35,8,99.18,2.99,1,3.6463321480195683,-0.0003606292881456853,-10111.026108746166,10111.026108746166
0.5,3,3369381,2026-01-27 20:20:45,20,98.73,2.99,3,3.6252507861864482,-0.0003606292881456853,-10052.568954748724,10052.568954748724
0.5,4,3405028,2026-01-28 20:19:50,20,95.22,2.99,3,3.460816163888115,-0.0003606292881456853,-9596.603153568689,9596.603153568689
0.5,5,10027799,2026-03-10 16:01:27,16,94.2,2.99,1,3.413031743733044,-0.0003606292881456853,-9464.100271174491,9464.100271174491
0.5,6,9832211,2026-03-03 20:15:58,20,93.0,2.99,12,3.3568147788447247,-0.0003606292881456853,-9308.214527181315,9308.214527181315
0.5,7,10069943,2026-03-12 08:29:40,8,90.04,2.99,3,3.218146265453538,-0.0003606292881456853,-8923.69635866482,8923.69635866482
0.5,8,9891008,2026-03-05 21:38:36,21,88.73,2.99,3,3.15677607878379,-0.0003606292881456853,-8753.521088138938,8753.521088138938
0.5,9,3374184,2026-01-27 21:25:09,21,86.34,2.99,3,3.0448106237145542,-0.0003606292881456853,-8443.048648019198,8443.048648019198
0.5,10,9835430,2026-03-03 21:20:59,21,86.01,2.99,9,3.0293509583702667,-0.0003606292881456853,-8400.180068421076,8400.180068421076
0.5,11,6346533,2026-02-13 15:41:58,15,85.93,2.99,1,3.0256031607110456,-0.0003606292881456853,-8389.787685488198,8389.787685488198
0.5,12,10021360,2026-03-10 08:33:12,8,85.54,2.99,1,3.007332647122342,-0.0003606292881456853,-8339.124818690416,8339.124818690416
0.5,13,3353367,2026-01-27 09:11:34,9,85.2,2.99,1,2.9914045070706514,-0.0003606292881456853,-8294.957191225683,8294.957191225683
0.5,14,9896608,2026-03-05 22:12:20,22,83.4,2.99,5,2.907079059738173,-0.0003606292881456853,-8061.128575235922,8061.128575235922
0.5,15,3466859,2026-01-30 08:37:05,8,81.0,2.99,1,2.7946451299615345,-0.0003606292881456853,-7749.357087249571,7749.357087249571
0.5,16,3410271,2026-01-28 21:15:28,21,80.64,2.99,3,2.777780040495039,-0.0003606292881456853,-7702.591364051619,7702.591364051619
0.5,17,9091467,2026-03-24 19:58:31,19,80.0,2.99,1,2.7477976592212685,-0.0003606292881456853,-7619.452300588592,7619.452300588592
0.5,18,10032677,2026-03-10 20:38:56,20,78.56,2.99,1,2.680337301355286,-0.0003606292881456853,-7432.389407796783,7432.389407796783
0.5,19,6046413,2026-02-05 22:02:55,22,77.75,2.99,1,2.6423908500556705,-0.0003606292881456853,-7327.166530601391,7327.166530601391
0.5,20,10245463,2026-03-17 22:08:40,22,76.86,2.99,3,2.6006966010968338,-0.0003606292881456853,-7211.55127047312,7211.55127047312
0.5,21,6122528,2026-02-07 17:13:24,17,76.09,2.99,2,2.5646240486268295,-0.0003606292881456853,-7111.524584744167,7111.524584744167
0.5,22,10084978,2026-03-12 18:30:00,18,75.19,2.99,8,2.52246132496059,-0.0003606292881456853,-6994.610276749286,6994.610276749286
0.5,23,3424451,2026-01-29 08:35:41,8,74.01,2.99,1,2.4671813094870765,-0.0003606292881456853,-6841.322628489332,6841.322628489332
0.5,24,5980775,2026-02-03 21:28:23,21,73.89,2.99,3,2.4615596129982444,-0.0003606292881456853,-6825.734054090014,6825.734054090014
0.5,25,10271483,2026-03-18 21:33:24,21,73.73,2.99,3,2.454064017679802,-0.0003606292881456853,-6804.9492882242575,6804.9492882242575
0.5,26,9935674,2026-03-07 04:25:19,4,73.66,2.99,3,2.450784694727983,-0.0003606292881456853,-6795.855953157989,6795.855953157989
0.5,27,3484740,2026-01-30 18:55:17,18,73.64,2.99,1,2.449847745313178,-0.0003606292881456853,-6793.257857424769,6793.257857424769
0.5,28,3388851,2026-01-28 08:59:40,8,73.36,2.99,1,2.4367304535059033,-0.0003606292881456853,-6756.884517159695,6756.884517159695
0.5,29,3480430,2026-01-30 15:16:21,15,73.35,2.99,1,2.4362619787985005,-0.0003606292881456853,-6755.585469293084,6755.585469293084
0.5,30,3552636,2026-01-31 22:37:05,22,73.11,2.99,3,2.425018585820837,-0.0003606292881456853,-6724.40832049445,6724.40832049445
0.5,31,2834860,2026-01-10 23:42:27,23,72.56,2.99,9,2.399252476913691,-0.0003606292881456853,-6652.960687830912,6652.960687830912
0.5,32,6500805,2026-02-18 18:31:00,18,71.66,2.99,5,2.3570897532474513,-0.0003606292881456853,-6536.046379836031,6536.046379836031
0.5,33,9965788,2026-03-08 00:47:17,0,71.56,2.99,5,2.352405006173425,-0.0003606292881456853,-6523.055901169933,6523.055901169933
0.5,34,5981837,2026-02-03 21:10:28,21,71.19,2.99,3,2.3350714419995264,-0.0003606292881456853,-6474.991130105371,6474.991130105371
0.5,35,3374017,2026-01-27 21:02:32,21,70.74,2.99,3,2.313990080166407,-0.0003606292881456853,-6416.53397610793,6416.53397610793
0.5,36,6504532,2026-02-18 20:13:50,20,70.27,2.99,5,2.2919717689184815,-0.0003606292881456853,-6355.47872637727,6355.47872637727
0.5,37,10298496,2026-03-19 21:08:19,21,70.2,2.99,3,2.2886924459666633,-0.0003606292881456853,-6346.385391311002,6346.385391311002
0.5,38,6193946,2026-02-08 17:55:34,17,70.08,2.99,1,2.2830707494778313,-0.0003606292881456853,-6330.796816911685,6330.796816911685
0.5,39,10266526,2026-03-18 20:50:59,20,70.01,2.99,3,2.279791426526013,-0.0003606292881456853,-6321.703481845417,6321.703481845417
0.5,40,15981,2026-01-01 03:08:46,3,70.0,2.99,3,2.27932295181861,-0.0003606292881456853,-6320.404433978807,6320.404433978807
0.5,41,7557203,2026-03-09 06:19:04,6,70.0,2.99,1,2.27932295181861,-0.0003606292881456853,-6320.404433978807,6320.404433978807
0.5,42,9870088,2026-03-05 08:53:42,8,69.19,2.99,3,2.2413765005189945,-0.0003606292881456853,-6215.181556783413,6215.181556783413
0.5,43,10256809,2026-03-18 08:42:48,8,69.15,2.99,1,2.2395026016893844,-0.0003606292881456853,-6209.985365316976,6209.985365316976
0.5,44,6482505,2026-02-17 21:21:46,21,68.79,2.99,3,2.2226375122228887,-0.0003606292881456853,-6163.219642119023,6163.219642119023
0.5,45,3558708,2026-01-31 23:58:35,23,68.77,2.99,3,2.221700562808083,-0.0003606292881456853,-6160.6215463858025,6160.6215463858025
0.5,46,3560390,2026-01-31 23:01:37,23,68.43,2.99,3,2.205772422756393,-0.0003606292881456853,-6116.453918921071,6116.453918921071
0.5,47,6264251,2026-02-10 21:25:57,21,68.14,2.99,3,2.1921866562417156,-0.0003606292881456853,-6078.781530789386,6078.781530789386
0.5,48,10294882,2026-03-19 20:51:43,20,67.93,2.99,3,2.18234868738626,-0.0003606292881456853,-6051.501525590581,6051.501525590581
0.5,49,10245154,2026-03-17 21:23:19,21,67.34,2.99,1,2.154708679649503,-0.0003606292881456853,-5974.8577014606035,5974.8577014606035
0.5,50,3352330,2026-01-27 08:13:29,8,67.24,2.99,1,2.150023932575476,-0.0003606292881456853,-5961.867222794504,5961.867222794504
0.5,51,9888155,2026-03-05 20:24:19,20,66.73,2.99,5,2.126131722497941,-0.0003606292881456853,-5895.615781597407,5895.615781597407
0.5,52,10267022,2026-03-18 20:44:52,20,66.0,2.99,3,2.091933068857547,-0.0003606292881456853,-5800.785287334892,5800.785287334892
0.5,53,2576911,2026-01-01 02:03:44,2,65.78,2.99,3,2.0816266252946884,-0.0003606292881456853,-5772.206234269477,5772.206234269477
0.5,54,10348347,2026-03-21 01:08:36,1,65.43,2.99,9,2.0652300105355956,-0.0003606292881456853,-5726.739558938135,5726.739558938135
0.5,55,6144221,2026-02-07 22:11:33,22,65.2,2.99,3,2.054455092265334,-0.0003606292881456853,-5696.8614580061085,5696.8614580061085
0.5,56,3948980,2026-02-05 16:13:03,16,65.0,2.99,1,2.045085598117281,-0.0003606292881456853,-5670.880500673913,5670.880500673913
0.5,57,9495799,2026-03-28 22:25:20,22,65.0,2.99,3,2.045085598117281,-0.0003606292881456853,-5670.880500673913,5670.880500673913
0.5,58,9834859,2026-03-03 21:18:54,21,64.8,2.99,9,2.0357161039692278,-0.0003606292881456853,-5644.899543341718,5644.899543341718
0.5,59,9800776,2026-03-02 08:53:08,8,64.21,2.99,1,2.0080760962324704,-0.0003606292881456853,-5568.255719211738,5568.255719211738
0.5,60,6290990,2026-02-11 21:11:48,21,64.2,2.99,3,2.0076076215250684,-0.0003606292881456853,-5566.956671345131,5566.956671345131
0.5,61,3383810,2026-01-28 07:23:49,7,64.03,2.99,1,1.999643551499223,-0.0003606292881456853,-5544.872857612764,5544.872857612764
0.5,62,7515527,2026-03-08 14:43:03,14,64.0,2.99,5,1.998238127377015,-0.0003606292881456853,-5540.975714012934,5540.975714012934
0.5,63,10350397,2026-03-21 02:59:29,2,63.99,2.99,8,1.997769652669612,-0.0003606292881456853,-5539.676666146323,5539.676666146323
0.5,64,6301723,2026-02-12 08:12:49,8,63.21,2.99,3,1.9612286254922047,-0.0003606292881456853,-5438.35093255076,5438.35093255076
0.5,65,10020998,2026-03-10 08:46:54,8,63.21,2.99,1,1.9612286254922047,-0.0003606292881456853,-5438.35093255076,5438.35093255076
0.5,66,6156700,2026-02-08 00:56:17,0,62.66,2.99,3,1.9354625165850585,-0.0003606292881456853,-5366.903299887223,5366.903299887223
0.5,67,6613730,2026-02-22 04:14:24,4,62.25,2.99,3,1.9162550535815497,-0.0003606292881456853,-5313.642337356221,5313.642337356221
0.5,68,3312635,2026-01-25 18:42:16,18,62.18,2.99,16,1.9129757306297308,-0.0003606292881456853,-5304.549002289952,5304.549002289952
0.5,69,2719797,2026-01-06 21:55:08,21,62.01,2.99,3,1.9050116606038856,-0.0003606292881456853,-5282.465188557586,5282.465188557586
0.5,70,9388687,2026-03-27 20:15:29,20,60.0,2.99,3,1.8108482444159515,-0.0003606292881456853,-5021.356567369019,5021.356567369019
0.5,71,9974170,2026-03-08 05:19:27,5,59.72,2.99,5,1.797730952608677,-0.0003606292881456853,-4984.983227103946,4984.983227103946
0.5,72,3463604,2026-01-30 06:40:07,6,59.56,2.99,1,1.7902353572902348,-0.0003606292881456853,-4964.198461238189,4964.198461238189
0.5,73,6652563,2026-02-24 07:16:33,7,59.26,2.99,3,1.7761811160681544,-0.0003606292881456853,-4925.227025239894,4925.227025239894
0.5,74,9892747,2026-03-05 21:19:23,21,59.1,2.99,3,1.768685520749712,-0.0003606292881456853,-4904.442259374138,4904.442259374138
0.5,75,6045054,2026-02-05 21:12:00,21,58.99,2.99,1,1.763532298968283,-0.0003606292881456853,-4890.15273284143,4890.15273284143
0.5,76,3384924,2026-01-28 07:28:11,7,58.43,2.99,1,1.737297715353734,-0.0003606292881456853,-4817.406052311282,4817.406052311282
0.5,77,3376340,2026-01-27 22:15:39,22,58.11,2.99,3,1.722306524716849,-0.0003606292881456853,-4775.83652057977,4775.83652057977
0.5,78,10257791,2026-03-18 09:40:37,9,58.04,2.99,1,1.71902720176503,-0.0003606292881456853,-4766.7431855135,4766.7431855135
0.5,79,3351376,2026-01-27 08:40:07,8,57.96,2.99,1,1.7152794041058088,-0.0003606292881456853,-4756.350802580622,4756.350802580622
0.5,80,3312462,2026-01-25 18:09:41,18,57.95,2.99,16,1.7148109293984066,-0.0003606292881456853,-4755.051754714013,4755.051754714013
0.5,81,9934702,2026-03-07 03:44:31,3,57.63,2.99,3,1.6998197387615213,-0.0003606292881456853,-4713.4822229824995,4713.4822229824995
0.5,82,6652395,2026-02-24 07:27:29,7,57.28,2.99,3,1.6834231240024284,-0.0003606292881456853,-4668.015547651158,4668.015547651158
0.5,83,9811541,2026-03-02 20:26:47,20,57.28,2.99,3,1.6834231240024284,-0.0003606292881456853,-4668.015547651158,4668.015547651158
0.5,84,3349035,2026-01-27 07:58:56,7,57.27,2.99,1,1.6829546492950256,-0.0003606292881456853,-4666.7164997845475,4666.7164997845475
0.5,85,3430948,2026-01-29 11:46:05,11,57.19,2.99,2,1.6792068516358043,-0.0003606292881456853,-4656.324116851669,4656.324116851669
0.5,86,5918075,2026-02-01 17:20:41,17,57.18,2.99,3,1.6787383769284014,-0.0003606292881456853,-4655.025068985059,4655.025068985059
0.5,87,10241982,2026-03-17 20:36:48,20,56.88,2.99,2,1.6646841357063218,-0.0003606292881456853,-4616.0536329867655,4616.0536329867655
0.5,88,3437111,2026-01-29 16:33:05,16,56.71,2.99,1,1.6567200656804766,-0.0003606292881456853,-4593.969819254399,4593.969819254399
0.5,89,5934528,2026-02-02 07:52:33,7,56.47,2.99,3,1.645476672702813,-0.0003606292881456853,-4562.792670455765,4562.792670455765
0.5,90,3558673,2026-01-31 23:17:55,23,56.45,2.99,3,1.644539723288008,-0.0003606292881456853,-4560.194574722545,4560.194574722545
0.5,91,5963503,2026-02-03 08:43:19,8,56.2,2.99,1,1.6328278556029414,-0.0003606292881456853,-4527.718378057301,4527.718378057301
0.5,92,6505030,2026-02-18 20:30:03,20,56.18,2.99,5,1.6318909061881357,-0.0003606292881456853,-4525.12028232408,4525.12028232408
0.5,93,6422028,2026-02-15 04:01:35,4,56.15,2.99,1,1.6304854820659276,-0.0003606292881456853,-4521.223138724251,4521.223138724251
0.5,94,6312398,2026-02-12 17:16:37,17,56.01,2.99,3,1.6239268361622903,-0.0003606292881456853,-4503.036468591713,4503.036468591713
0.5,95,6484976,2026-02-17 22:19:11,22,56.01,2.99,1,1.6239268361622903,-0.0003606292881456853,-4503.036468591713,4503.036468591713
0.5,96,5884479,2026-02-01 00:05:50,0,55.81,2.99,3,1.6145573420142378,-0.0003606292881456853,-4477.055511259519,4477.055511259519
0.5,97,6729003,2026-02-26 22:24:40,22,55.52,2.99,3,1.6009715754995604,-0.0003606292881456853,-4439.383123127835,4439.383123127835
0.5,98,6012679,2026-02-04 21:36:52,21,55.3,2.99,1,1.590665131936702,-0.0003606292881456853,-4410.80407006242,4410.80407006242
0.5,99,3448374,2026-01-29 21:17:21,21,55.24,2.99,1,1.5878542836922858,-0.0003606292881456853,-4403.00978286276,4403.00978286276
0.5,100,10344554,2026-03-21 00:19:20,0,55.23,2.99,8,1.587385808984883,-0.0003606292881456853,-4401.71073499615,4401.71073499615
1.0,1,4571601,2026-02-12 18:18:20,18,130.0,3.02,3,5.090171196234562,0.0006630920009472657,7676.4177353413315,7676.4177353413315
1.0,2,9873224,2026-03-05 09:18:00,9,110.94,3.02,3,4.197258403925094,0.0006630920009472657,6329.828135355373,6329.828135355373
1.0,3,2577035,2026-01-01 02:37:07,2,105.94,3.02,3,3.963021050223765,0.0006630920009472657,5976.577977961366,5976.577977961366
1.0,4,3348925,2026-01-27 07:22:36,7,105.24,3.02,1,3.9302278207055785,0.0006630920009472657,5927.122955926204,5927.122955926204
1.0,5,3449934,2026-01-29 21:03:27,21,99.01,3.02,1,3.638368077993723,0.0006630920009472657,5486.9732598132705,5486.9732598132705
1.0,6,5981781,2026-02-03 21:09:46,21,92.26,3.02,3,3.3221476504969285,0.0006630920009472657,5010.08554733136,5010.08554733136
1.0,7,6725357,2026-02-26 21:11:48,21,89.01,3.02,3,3.169893370591064,0.0006630920009472657,4780.472945025254,4780.472945025254
1.0,8,3437400,2026-01-29 16:22:28,16,87.71,3.02,1,3.1089916586287183,0.0006630920009472657,4688.627904102812,4688.627904102812
1.0,9,9869374,2026-03-05 08:31:49,8,87.19,3.02,3,3.08463097384378,0.0006630920009472657,4651.889887733835,4651.889887733835
1.0,10,5392428,2026-02-22 05:54:39,5,87.0,3.02,3,3.07572995440313,0.0006630920009472657,4638.4663817528635,4638.4663817528635
1.0,11,5963932,2026-02-03 08:59:18,8,84.21,3.02,1,2.945025511037788,0.0006630920009472657,4441.352793927007,4441.352793927007
1.0,12,6681309,2026-02-25 08:46:35,8,83.65,3.02,3,2.9187909274232395,0.0006630920009472657,4401.7887762988785,4401.7887762988785
1.0,13,10069896,2026-03-12 08:34:08,8,83.19,3.02,3,2.8972410908827166,0.0006630920009472657,4369.289761818629,4369.289761818629
1.0,14,10244960,2026-03-17 21:22:00,21,82.2,3.02,1,2.8508620948498535,0.0006630920009472657,4299.346230654615,4299.346230654615
1.0,15,9836963,2026-03-03 21:47:28,21,81.99,3.02,9,2.8410241259943976,0.0006630920009472657,4284.509724044067,4284.509724044067
1.0,16,9835185,2026-03-03 21:48:57,21,80.94,3.02,9,2.7918342817171187,0.0006630920009472657,4210.327190991326,4210.327190991326
1.0,17,9895234,2026-03-05 22:12:36,22,80.87,3.02,5,2.7885549587653,0.0006630920009472657,4205.381688787809,4205.381688787809
1.0,18,10270789,2026-03-18 21:11:30,21,80.2,3.02,3,2.757167153369322,0.0006630920009472657,4158.046167697013,4158.046167697013
1.0,19,2574582,2026-01-01 01:25:42,1,79.83,3.02,3,2.7398335891954235,0.0006630920009472657,4131.905656049856,4131.905656049856
1.0,20,6810364,2026-02-28 23:53:48,23,79.21,3.02,2,2.7107881573364585,0.0006630920009472657,4088.1026365329985,4088.1026365329985
1.0,21,3497735,2026-01-30 22:22:33,22,78.01,3.02,1,2.65457119244814,0.0006630920009472657,4003.3225987584374,4003.3225987584374
1.0,22,10060543,2026-03-11 22:07:50,22,76.76,3.02,3,2.5960118540228074,0.0006630920009472657,3915.010059409935,3915.010059409935
1.0,23,5979917,2026-02-03 20:43:56,20,75.41,3.02,1,2.532767768523448,0.0006630920009472657,3819.6325169135525,3819.6325169135525
1.0,24,1371958,2026-01-17 07:24:27,7,75.0,3.02,3,2.5135603055199396,0.0006630920009472657,3790.6660040072443,3790.6660040072443
1.0,25,6506540,2026-02-18 21:22:24,21,74.2,3.02,5,2.4760823289277267,0.0006630920009472657,3734.1459788242028,3734.1459788242028
1.0,26,6676726,2026-02-25 06:40:17,6,73.72,3.02,3,2.453595542972399,0.0006630920009472657,3700.2339637143778,3700.2339637143778
1.0,27,3422786,2026-01-29 07:34:50,7,73.18,3.02,1,2.428297908772656,0.0006630920009472657,3662.082946715826,3662.082946715826
1.0,28,10453766,2026-03-24 21:49:32,21,72.19,3.02,1,2.3819189127397924,0.0006630920009472657,3592.139415551812,3592.139415551812
1.0,29,9836546,2026-03-03 21:38:16,21,72.15,3.02,9,2.380045013910182,0.0006630920009472657,3589.3134142926597,3589.3134142926597
1.0,30,3449120,2026-01-29 21:52:14,21,72.05,3.02,1,2.375360266836155,0.0006630920009472657,3582.2484111447793,3582.2484111447793
1.0,31,9892999,2026-03-05 21:27:22,21,71.58,3.02,3,2.3533419555882302,0.0006630920009472657,3549.042896349743,3549.042896349743
1.0,32,10243742,2026-03-17 21:14:31,21,71.03,3.02,1,2.327575846681084,0.0006630920009472657,3510.1853790364016,3510.1853790364016
1.0,33,9837027,2026-03-03 21:32:08,21,70.99,3.02,9,2.325701947851473,0.0006630920009472657,3507.359377777249,3507.359377777249
1.0,34,3478243,2026-01-30 14:52:23,14,70.92,3.02,1,2.3224226248996547,0.0006630920009472657,3502.4138755737335,3502.4138755737335
1.0,35,10270864,2026-03-18 21:47:23,21,70.11,3.02,3,2.2844761736000394,0.0006630920009472657,3445.1873500759043,3445.1873500759043
1.0,36,102109,2026-01-02 15:53:11,15,70.0,3.02,3,2.27932295181861,0.0006630920009472657,3437.415846613236,3437.415846613236
1.0,37,2249631,2026-01-28 16:07:37,16,70.0,3.02,1,2.27932295181861,0.0006630920009472657,3437.415846613236,3437.415846613236
1.0,38,4097281,2026-02-07 07:27:38,7,70.0,3.02,3,2.27932295181861,0.0006630920009472657,3437.415846613236,3437.415846613236
1.0,39,4953461,2026-02-17 13:58:30,13,70.0,3.02,5,2.27932295181861,0.0006630920009472657,3437.415846613236,3437.415846613236
1.0,40,9153244,2026-03-25 14:08:24,14,70.0,3.02,3,2.27932295181861,0.0006630920009472657,3437.415846613236,3437.415846613236
1.0,41,3443281,2026-01-29 20:13:15,20,69.57,3.02,1,2.2591785394002954,0.0006630920009472657,3407.0363330773507,3407.0363330773507
1.0,42,6696063,2026-02-25 20:10:11,20,69.22,3.02,1,2.2427819246412026,0.0006630920009472657,3382.3088220597706,3382.3088220597706
1.0,43,10312444,2026-03-20 06:18:36,6,69.03,3.02,2,2.2338809052005524,0.0006630920009472657,3368.885316078799,3368.885316078799
1.0,44,6312815,2026-02-12 17:20:00,17,68.61,3.02,3,2.2142049674896405,0.0006630920009472657,3339.2123028577016,3339.2123028577016
1.0,45,10301427,2026-03-19 22:14:36,22,68.18,3.02,3,2.1940605550713266,0.0006630920009472657,3308.832789321818,3308.832789321818
1.0,46,6005197,2026-02-04 17:27:52,17,68.05,3.02,1,2.1879703838750917,0.0006630920009472657,3299.648285229573,3299.648285229573
1.0,47,6056967,2026-02-06 07:47:28,7,67.94,3.02,2,2.1828171620936625,0.0006630920009472657,3291.876781766905,3291.876781766905
1.0,48,2085239,2026-01-25 23:00:10,23,300.0,3.03,16,13.054241222079757,0.0039765459479701995,3282.8090993751007,3282.8090993751007
1.0,49,9857323,2026-03-04 20:23:48,20,67.61,3.02,3,2.1673574967493745,0.0006630920009472657,3268.5622713789,3268.5622713789
1.0,50,9870763,2026-03-05 08:47:38,8,66.21,3.02,3,2.1017710377130023,0.0006630920009472657,3169.652227308578,3169.652227308578
1.0,51,5971636,2026-02-03 13:40:57,13,65.82,3.02,1,2.0835005241242985,0.0006630920009472657,3142.098715031845,3142.098715031845
1.0,52,3746833,2026-02-03 13:06:56,13,65.3,3.02,1,2.0591398393393603,0.0006630920009472657,3105.3606986628683,3105.3606986628683
1.0,53,3449023,2026-01-29 21:59:15,21,65.2,3.02,1,2.054455092265334,0.0006630920009472657,3098.2956955149884,3098.2956955149884
1.0,54,10084236,2026-03-12 18:47:14,18,65.2,3.02,8,2.054455092265334,0.0006630920009472657,3098.2956955149884,3098.2956955149884
1.0,55,5484561,2026-02-24 17:31:26,17,65.0,3.02,1,2.045085598117281,0.0006630920009472657,3084.165689219228,3084.165689219228
1.0,56,9892805,2026-03-05 21:48:51,21,64.51,3.02,3,2.0221303374545507,0.0006630920009472657,3049.5471737946154,3049.5471737946154
1.0,57,9892842,2026-03-05 21:55:08,21,64.26,3.02,3,2.0104184697694842,0.0006630920009472657,3031.884665924915,3031.884665924915
1.0,58,5963433,2026-02-03 08:14:41,8,64.18,3.02,1,2.006670672110263,0.0006630920009472657,3026.232663406611,3026.232663406611
1.0,59,5264984,2026-02-20 19:25:01,19,64.0,3.02,9,1.998238127377015,0.0006630920009472657,3013.5156577404264,3013.5156577404264
1.0,60,6025958,2026-02-05 08:16:14,8,63.73,3.02,1,1.9855893102771427,0.0006630920009472657,2994.4401492411494,2994.4401492411494
1.0,61,6653148,2026-02-24 08:53:22,8,62.9,3.02,2,1.9467059095627222,0.0006630920009472657,2935.800623113744,2935.800623113744
1.0,62,3448689,2026-01-29 21:59:03,21,62.85,3.02,1,1.944363536025709,0.0006630920009472657,2932.2681215398043,2932.2681215398043
1.0,63,10071201,2026-03-12 08:21:13,8,61.86,3.02,3,1.897984539992846,0.0006630920009472657,2862.324590375791,2862.324590375791
1.0,64,6506593,2026-02-18 21:45:08,21,61.76,3.02,5,1.8932997929188191,0.0006630920009472657,2855.2595872279103,2855.2595872279103
1.0,65,3444594,2026-01-29 20:35:59,20,61.73,3.02,1,1.891894368796611,0.0006630920009472657,2853.140086283546,2853.140086283546
1.0,66,3408671,2026-01-28 21:09:43,21,61.33,3.02,3,1.873155380500505,0.0006630920009472657,2824.880073692026,2824.880073692026
1.0,67,3390254,2026-01-28 09:08:44,9,61.18,3.02,1,1.8661282598894648,0.0006630920009472657,2814.2825689702054,2814.2825689702054
1.0,68,3560278,2026-01-31 23:39:47,23,61.01,3.02,3,1.8581641898636196,0.0006630920009472657,2802.272063618809,2802.272063618809
1.0,69,6507089,2026-02-18 21:42:15,21,60.97,3.02,5,1.8562902910340093,0.0006630920009472657,2799.446062359658,2799.446062359658
1.0,70,10243117,2026-03-17 21:15:54,21,60.74,3.02,1,1.845515372763748,0.0006630920009472657,2783.196555119533,2783.196555119533
1.0,71,5966400,2026-02-03 09:14:42,9,60.2,3.02,1,1.8202177385640048,0.0006630920009472657,2745.045538120981,2745.045538120981
1.0,72,3390766,2026-01-28 09:10:24,9,60.19,3.02,1,1.819749263856602,0.0006630920009472657,2744.339037806192,2744.339037806192
1.0,73,686177,2026-01-09 19:09:36,19,60.0,3.02,3,1.8108482444159515,0.0006630920009472657,2730.91553182522,2730.91553182522
1.0,74,5295759,2026-02-21 04:26:58,4,60.0,3.02,5,1.8108482444159515,0.0006630920009472657,2730.91553182522,2730.91553182522
1.0,75,9519762,2026-03-29 05:45:02,5,60.0,3.02,3,1.8108482444159515,0.0006630920009472657,2730.91553182522,2730.91553182522
1.0,76,10060039,2026-03-11 22:12:45,22,59.79,3.02,3,1.8010102755604953,0.0006630920009472657,2716.079025214671,2716.079025214671
1.0,77,6503638,2026-02-18 20:41:14,20,59.77,3.02,5,1.8000733261456903,0.0006630920009472657,2714.666024585096,2714.666024585096
1.0,78,3438284,2026-01-29 17:15:06,17,59.75,3.02,1,1.799136376730885,0.0006630920009472657,2713.25302395552,2713.25302395552
1.0,79,6586831,2026-02-21 18:02:39,18,58.98,3.02,3,1.7630638242608798,0.0006630920009472657,2658.852499716842,2658.852499716842
1.0,80,6776667,2026-02-28 04:30:42,4,58.77,3.02,1,1.7532258554054243,0.0006630920009472657,2644.015993106294,2644.015993106294
1.0,81,5980681,2026-02-03 21:53:00,21,58.69,3.02,3,1.7494780577462032,0.0006630920009472657,2638.36399058799,2638.36399058799
1.0,82,9971525,2026-03-08 03:45:52,3,58.64,3.02,5,1.74713568420919,0.0006630920009472657,2634.83148901405,2634.83148901405
1.0,83,5982168,2026-02-03 21:06:49,21,58.18,3.02,3,1.7255858476686674,0.0006630920009472657,2602.332474533801,2602.332474533801
1.0,84,10334939,2026-03-20 21:10:58,21,58.18,3.02,3,1.7255858476686674,0.0006630920009472657,2602.332474533801,2602.332474533801
1.0,85,2737493,2026-01-07 18:48:00,18,58.12,3.02,3,1.7227749994242514,0.0006630920009472657,2598.093472645073,2598.093472645073
1.0,86,10274319,2026-03-18 22:08:17,22,58.02,3.02,3,1.718090252350225,0.0006630920009472657,2591.028469497193,2591.028469497193
1.0,87,6652194,2026-02-24 07:41:59,7,57.96,3.02,3,1.7152794041058088,0.0006630920009472657,2586.7894676084643,2586.7894676084643
1.0,88,3386780,2026-01-28 08:00:39,8,57.95,3.02,1,1.7148109293984066,0.0006630920009472657,2586.082967293677,2586.082967293677
1.0,89,8366332,2026-03-17 12:31:15,12,57.6,3.02,1,1.6984143146393131,0.0006630920009472657,2561.355456276096,2561.355456276096
1.0,90,6551925,2026-02-20 18:09:42,18,57.38,3.02,8,1.6881078710764548,0.0006630920009472657,2545.81244935076,2545.81244935076
1.0,91,3439627,2026-01-29 18:51:36,18,57.19,3.02,1,1.6792068516358043,0.0006630920009472657,2532.3889433697873,2532.3889433697873
1.0,92,2573111,2026-01-01 01:34:34,1,57.15,3.02,3,1.6773329528061935,0.0006630920009472657,2529.562942110635,2529.562942110635
1.0,93,10106082,2026-03-13 08:39:02,8,57.0,3.02,1,1.670305832195154,0.0006630920009472657,2518.9654373888156,2518.9654373888156
1.0,94,3539987,2026-01-31 18:35:14,18,56.97,3.02,2,1.668900408072946,0.0006630920009472657,2516.845936444451,2516.845936444451
1.0,95,9893367,2026-03-05 21:10:04,21,56.74,3.02,3,1.6581254898026847,0.0006630920009472657,2500.596429204327,2500.596429204327
1.0,96,9872513,2026-03-05 09:17:28,9,56.19,3.02,3,1.6323593808955386,0.0006630920009472657,2461.738911890986,2461.738911890986
1.0,97,10025157,2026-03-10 12:45:07,12,56.19,3.02,1,1.6323593808955386,0.0006630920009472657,2461.738911890986,2461.738911890986
1.0,98,5994848,2026-02-04 08:22:08,8,56.07,3.02,3,1.6267376844067065,0.0006630920009472657,2453.2609081135297,2453.2609081135297
1.0,99,6662822,2026-02-24 17:09:01,17,55.89,3.02,1,1.618305139673459,0.0006630920009472657,2440.5439024473458,2440.5439024473458
1.0,100,6613091,2026-02-22 04:24:41,4,55.84,3.02,3,1.6159627661364457,0.0006630920009472657,2437.011400873406,2437.011400873406
2.0,1,2085239,2026-01-25 23:00:10,23,300.0,3.03,16,13.054241222079757,-0.001119548471383895,-11660.273365335548,11660.273365335548
2.0,2,6678981,2026-02-25 07:34:41,7,121.72,3.03,3,4.70227413850516,-0.001119548471383895,-4200.152345965504,4200.152345965504
2.0,3,5935044,2026-02-02 07:46:13,7,113.21,3.03,3,4.303602162505498,-0.001119548471383895,-3844.0516623507456,3844.0516623507456
2.0,4,3439454,2026-01-29 18:40:53,18,106.56,3.03,1,3.99206648208273,-0.001119548471383895,-3565.7826205131264,3565.7826205131264
2.0,5,10268934,2026-03-18 20:19:13,20,92.55,3.03,3,3.335733417011605,-0.001119548471383895,-2979.534609062743,2979.534609062743
2.0,6,2924115,2026-01-14 07:58:07,7,92.3,3.03,3,3.3240215493265386,-0.001119548471383895,-2969.0733668883963,2969.0733668883963
2.0,7,9895796,2026-03-05 22:00:13,22,90.0,3.03,5,3.2162723666239272,-0.001119548471383895,-2872.829938884408,2872.829938884408
2.0,8,10243725,2026-03-17 21:33:00,21,87.19,3.03,1,3.08463097384378,-0.001119548471383895,-2755.245576844752,2755.245576844752
2.0,9,8413665,2026-03-17 19:19:55,19,87.0,3.03,3,3.07572995440313,-0.001119548471383895,-2747.295032792249,2747.295032792249
2.0,10,3143398,2026-01-20 21:15:57,21,86.2,3.03,1,3.038251977810917,-0.001119548471383895,-2713.8190578343397,2713.8190578343397
2.0,11,1730436,2026-01-21 15:39:58,15,86.12,3.03,1,3.034504180151696,-0.001119548471383895,-2710.4714603385487,2710.4714603385487
2.0,12,3436551,2026-01-29 15:37:50,15,85.91,3.03,1,3.02466621129624,-0.001119548471383895,-2701.684016912098,2701.684016912098
2.0,13,9833034,2026-03-03 20:17:08,20,84.47,3.03,12,2.957205853430257,-0.001119548471383895,-2641.427261987861,2641.427261987861
2.0,14,10303127,2026-03-19 22:14:22,22,83.98,3.03,3,2.934250592767527,-0.001119548471383895,-2620.9232273261423,2620.9232273261423
2.0,15,9849063,2026-03-04 09:40:53,9,83.34,3.03,3,2.904268211493757,-0.001119548471383895,-2594.142447359815,2594.142447359815
2.0,16,10300161,2026-03-19 21:29:59,21,82.98,3.03,3,2.887403122027261,-0.001119548471383895,-2579.0782586287555,2579.0782586287555
2.0,17,9836912,2026-03-03 21:06:56,21,82.61,3.03,9,2.8700695578533626,-0.001119548471383895,-2563.5956202107227,2563.5956202107227
2.0,18,3348298,2026-01-27 07:29:50,7,81.18,3.03,1,2.8030776746947828,-0.001119548471383895,-2503.7573149734603,2503.7573149734603
2.0,19,6481327,2026-02-17 20:57:24,20,80.92,3.03,5,2.7908973323023134,-0.001119548471383895,-2492.8776231121396,2492.8776231121396
2.0,20,3468202,2026-01-30 08:00:28,8,79.72,3.03,1,2.7346803674139943,-0.001119548471383895,-2442.663660675276,2442.663660675276
2.0,21,10591570,2026-03-30 07:07:20,7,79.11,3.03,3,2.706103410262432,-0.001119548471383895,-2417.13822976987,2417.13822976987
2.0,22,10447109,2026-03-24 15:37:30,15,132.93,3.04,1,5.2274342855035405,0.0021770866821759706,2401.114447257004,2401.114447257004
2.0,23,6698112,2026-02-25 21:07:08,21,78.15,3.03,1,2.661129838351777,-0.001119548471383895,-2376.9670598203797,2376.9670598203797
2.0,24,3142433,2026-01-20 21:20:11,21,77.59,3.03,1,2.634895254737228,-0.001119548471383895,-2353.533877349843,2353.533877349843
2.0,25,3372847,2026-01-27 21:01:05,21,75.94,3.03,3,2.5575969280157893,-0.001119548471383895,-2284.4896789991553,2284.4896789991553
2.0,26,6719090,2026-02-26 18:16:25,18,75.89,3.03,3,2.555254554478776,-0.001119548471383895,-2282.397430564286,2282.397430564286
2.0,27,6034902,2026-02-05 15:17:42,15,75.28,3.03,1,2.5266775973272138,-0.001119548471383895,-2256.87199965888,2256.87199965888
2.0,28,3642694,2026-02-02 08:35:50,8,75.0,3.03,3,2.5135603055199396,-0.001119548471383895,-2245.1554084236122,2245.1554084236122
2.0,29,9003761,2026-03-23 20:14:18,20,75.0,3.03,3,2.5135603055199396,-0.001119548471383895,-2245.1554084236122,2245.1554084236122
2.0,30,10244522,2026-03-17 21:24:12,21,74.82,3.03,1,2.5051277607866913,-0.001119548471383895,-2237.6233140580825,2237.6233140580825
2.0,31,2567501,2026-01-01 00:49:48,0,74.23,3.03,1,2.477487753049935,-0.001119548471383895,-2212.934782526625,2212.934782526625
2.0,32,3572906,2026-02-01 06:08:46,6,74.0,3.03,3,2.4667128347796736,-0.001119548471383895,-2203.310439726226,2203.310439726226
2.0,33,9886808,2026-03-05 20:17:37,20,71.57,3.03,5,2.3528734808808274,-0.001119548471383895,-2101.6271657915768,2101.6271657915768
2.0,34,3483036,2026-01-30 17:55:52,17,71.11,3.03,1,2.3313236443403054,-0.001119548471383895,-2082.378480190779,2082.378480190779
2.0,35,3450471,2026-01-29 22:30:27,22,70.99,3.03,1,2.325701947851473,-0.001119548471383895,-2077.3570839470926,2077.3570839470926
2.0,36,6679769,2026-02-25 07:49:56,7,70.33,3.03,3,2.2947826171628978,-0.001119548471383895,-2049.7394046068175,2049.7394046068175
2.0,37,9888980,2026-03-05 20:17:25,20,70.18,3.03,5,2.2877554965518585,-0.001119548471383895,-2043.4626593022103,2043.4626593022103
2.0,38,2276651,2026-01-28 20:58:14,20,70.0,3.03,3,2.27932295181861,-0.001119548471383895,-2035.9305649366804,2035.9305649366804
2.0,39,2289244,2026-01-28 23:57:40,23,70.0,3.03,1,2.27932295181861,-0.001119548471383895,-2035.9305649366804,2035.9305649366804
2.0,40,4278386,2026-02-09 15:57:07,15,70.0,3.03,1,2.27932295181861,-0.001119548471383895,-2035.9305649366804,2035.9305649366804
2.0,41,4453301,2026-02-11 16:38:16,16,70.0,3.03,2,2.27932295181861,-0.001119548471383895,-2035.9305649366804,2035.9305649366804
2.0,42,8932138,2026-03-23 00:42:41,0,70.0,3.03,3,2.27932295181861,-0.001119548471383895,-2035.9305649366804,2035.9305649366804
2.0,43,3383607,2026-01-28 07:08:56,7,68.18,3.03,1,2.1940605550713266,-0.001119548471383895,-1959.7727219074372,1959.7727219074372
2.0,44,2078856,2026-01-25 09:07:01,9,250.0,3.05,14,10.711867685066464,0.00547372183573569,1956.9623752403827,1956.9623752403827
2.0,45,9834949,2026-03-03 21:10:16,21,67.58,3.03,9,2.165952072627167,-0.001119548471383895,-1934.6657406890054,1934.6657406890054
2.0,46,3237874,2026-01-23 23:00:54,23,67.12,3.03,3,2.144402236086645,-0.001119548471383895,-1915.417055088208,1915.417055088208
2.0,47,5699348,2026-02-27 05:58:28,5,67.0,3.03,1,2.138780539597813,-0.001119548471383895,-1910.3956588445214,1910.3956588445214
2.0,48,10300127,2026-03-19 21:56:53,21,66.75,3.03,3,2.1270686719127463,-0.001119548471383895,-1899.9344166701746,1899.9344166701746
2.0,49,6681727,2026-02-25 08:47:51,8,66.61,3.03,3,2.120510026009109,-0.001119548471383895,-1894.0761210525407,1894.0761210525407
2.0,50,6022772,2026-02-05 07:33:09,7,66.55,3.03,2,2.1176991777646927,-0.001119548471383895,-1891.5654229306972,1891.5654229306972
2.0,51,9257823,2026-03-26 15:22:10,15,109.0,3.04,3,4.106374310688978,0.0021770866821759706,1886.1786001946,1886.1786001946
2.0,52,3424590,2026-01-29 08:18:06,8,66.24,3.03,1,2.1031764618352105,-0.001119548471383895,-1878.5934826345074,1878.5934826345074
2.0,53,10270489,2026-03-18 21:36:48,21,66.19,3.03,3,2.100834088298197,-0.001119548471383895,-1876.501234199638,1876.501234199638
2.0,54,10061477,2026-03-11 22:01:32,22,66.18,3.03,3,2.100365613590795,-0.001119548471383895,-1876.0827845126648,1876.0827845126648
2.0,55,6676502,2026-02-25 06:38:39,6,65.6,3.03,3,2.07319408056144,-0.001119548471383895,-1851.81270266818,1851.81270266818
2.0,56,3309551,2026-01-25 15:42:16,15,65.59,3.03,16,2.0727256058540378,-0.001119548471383895,-1851.3942529812064,1851.3942529812064
2.0,57,10084003,2026-03-12 17:45:04,17,65.37,3.03,9,2.0624191622911794,-0.001119548471383895,-1842.1883598677814,1842.1883598677814
2.0,58,1814039,2026-01-22 13:58:48,13,65.0,3.03,3,2.045085598117281,-0.001119548471383895,-1826.7057214497484,1826.7057214497484
2.0,59,2606391,2026-01-01 21:59:41,21,65.0,3.03,1,2.045085598117281,-0.001119548471383895,-1826.7057214497484,1826.7057214497484
2.0,60,4182862,2026-02-08 09:01:57,9,65.0,3.03,1,2.045085598117281,-0.001119548471383895,-1826.7057214497484,1826.7057214497484
2.0,61,5560929,2026-02-25 16:47:35,16,65.0,3.03,3,2.045085598117281,-0.001119548471383895,-1826.7057214497484,1826.7057214497484
2.0,62,7803146,2026-03-11 17:01:45,17,65.0,3.03,3,2.045085598117281,-0.001119548471383895,-1826.7057214497484,1826.7057214497484
2.0,63,9860197,2026-03-04 21:07:06,21,64.73,3.03,7,2.032436781017409,-0.001119548471383895,-1815.407579901454,1815.407579901454
2.0,64,10146383,2026-03-14 14:07:23,14,64.21,3.03,1,2.0080760962324704,-0.001119548471383895,-1793.648196178813,1793.648196178813
2.0,65,10247652,2026-03-17 22:06:44,22,64.2,3.03,3,2.0076076215250684,-0.001119548471383895,-1793.2297464918395,1793.2297464918395
2.0,66,3345398,2026-01-27 05:31:29,5,64.14,3.03,1,2.004796773280652,-0.001119548471383895,-1790.719048369996,1790.719048369996
2.0,67,1569208,2026-01-19 18:19:02,18,64.0,3.03,1,1.998238127377015,-0.001119548471383895,-1784.860752752362,1784.860752752362
2.0,68,9972515,2026-03-08 04:27:51,4,63.23,3.03,5,1.9621655749070097,-0.001119548471383895,-1752.640126855374,1752.640126855374
2.0,69,6263807,2026-02-10 21:14:33,21,63.0,3.03,3,1.9513906566367492,-0.001119548471383895,-1743.0157840549757,1743.0157840549757
2.0,70,3349095,2026-01-27 07:03:55,7,62.95,3.03,1,1.949048283099736,-0.001119548471383895,-1740.9235356201063,1740.9235356201063
2.0,71,6147295,2026-02-07 22:37:51,22,62.62,3.03,3,1.9335886177554475,-0.001119548471383895,-1727.1146959499683,1727.1146959499683
2.0,72,10033192,2026-03-10 20:43:51,20,62.31,3.03,1,1.9190659018259657,-0.001119548471383895,-1714.142755653779,1714.142755653779
2.0,73,10171414,2026-03-15 00:25:47,0,62.21,3.03,2,1.9143811547519387,-0.001119548471383895,-1709.95825878404,1709.95825878404
2.0,74,3386708,2026-01-28 08:17:31,8,62.19,3.03,1,1.9134442053371337,-0.001119548471383895,-1709.1213594100925,1709.1213594100925
2.0,75,3440230,2026-01-29 18:43:25,18,62.12,3.03,1,1.9101648823853148,-0.001119548471383895,-1706.1922116012752,1706.1922116012752
2.0,76,10230472,2026-03-17 08:56:06,8,61.95,3.03,3,1.90220081235947,-0.001119548471383895,-1699.07856692272,1699.07856692272
2.0,77,3468536,2026-01-30 08:04:38,8,61.9,3.03,1,1.8998584388224562,-0.001119548471383895,-1696.9863184878502,1696.9863184878502
2.0,78,105859,2026-01-02 16:19:04,16,100.0,3.04,3,3.684747074026586,0.0021770866821759706,1692.5127989592622,1692.5127989592622
2.0,79,10271184,2026-03-18 21:32:01,21,61.76,3.03,3,1.8932997929188191,-0.001119548471383895,-1691.1280228702162,1691.1280228702162
2.0,80,5936730,2026-02-02 08:48:34,8,61.42,3.03,3,1.8773716528671291,-0.001119548471383895,-1676.9007335131053,1676.9007335131053
2.0,81,3467328,2026-01-30 08:53:46,8,61.2,3.03,1,1.8670652093042708,-0.001119548471383895,-1667.6948403996803,1667.6948403996803
2.0,82,10247002,2026-03-17 22:18:06,22,61.16,3.03,3,1.8651913104746598,-0.001119548471383895,-1666.0210416517846,1666.0210416517846
2.0,83,3316593,2026-01-25 22:03:26,22,61.03,3.03,16,1.8591011392784254,-0.001119548471383895,-1660.5811957211245,1660.5811957211245
2.0,84,6582616,2026-02-21 17:49:24,17,60.95,3.03,3,1.8553533416192043,-0.001119548471383895,-1657.2335982253337,1657.2335982253337
2.0,85,9896274,2026-03-05 22:26:04,22,60.68,3.03,5,1.842704524519332,-0.001119548471383895,-1645.935456677039,1645.935456677039
2.0,86,6415592,2026-02-15 01:06:14,1,60.61,3.03,1,1.8394252015675137,-0.001119548471383895,-1643.006308868222,1643.006308868222
2.0,87,6709877,2026-02-26 08:20:40,8,60.54,3.03,1,1.8361458786156948,-0.001119548471383895,-1640.0771610594047,1640.0771610594047
2.0,88,6670646,2026-02-24 21:17:50,21,60.5,3.03,1,1.8342719797860845,-0.001119548471383895,-1638.4033623115097,1638.4033623115097
2.0,89,9764983,2026-03-01 00:24:47,0,60.49,3.03,5,1.8338035050786816,-0.001119548471383895,-1637.9849126245356,1637.9849126245356
2.0,90,10514746,2026-03-27 15:37:17,15,60.39,3.03,3,1.8291187580046553,-0.001119548471383895,-1633.8004157547973,1633.8004157547973
2.0,91,2816667,2026-01-10 17:41:38,17,60.32,3.03,3,1.8258394350528364,-0.001119548471383895,-1630.87126794598,1630.87126794598
2.0,92,3445619,2026-01-29 20:05:59,20,60.18,3.03,1,1.819280789149199,-0.001119548471383895,-1625.0129723283458,1625.0129723283458
2.0,93,6508599,2026-02-18 21:44:57,21,60.14,3.03,5,1.8174068903195888,-0.001119548471383895,-1623.3391735804505,1623.3391735804505
2.0,94,3443007,2026-01-29 20:45:36,20,96.78,3.04,1,3.5338982182429297,0.0021770866821759706,1623.2234789617303,1623.2234789617303
2.0,95,3373867,2026-01-27 21:36:49,21,96.76,3.04,3,3.532961268828125,0.0021770866821759706,1622.7931105145408,1622.7931105145408
2.0,96,2018112,2026-01-24 14:00:00,14,60.0,3.03,3,1.8108482444159515,-0.001119548471383895,-1617.4808779628165,1617.4808779628165
2.0,97,3421676,2026-01-29 07:37:51,7,59.96,3.03,1,1.8089743455863407,-0.001119548471383895,-1615.8070792149208,1615.8070792149208
2.0,98,6674993,2026-02-25 04:23:30,4,59.92,3.03,3,1.8071004467567304,-0.001119548471383895,-1614.1332804670258,1614.1332804670258
2.0,99,10213039,2026-03-16 08:27:28,8,59.81,3.03,9,1.8019472249753012,-0.001119548471383895,-1609.5303339103132,1609.5303339103132
2.0,100,6583108,2026-02-21 17:44:09,17,59.73,3.03,3,1.7981994273160793,-0.001119548471383895,-1606.1827364145217,1606.1827364145217
