weather_code,weather_name,hour,original_valid_N,percentage_original_group_retained,N,mean,median,population_SD,variance,P05,P25,P50,P75,P95,P99,min,max,IQR
1,Clear,0,95750,98.65900783289817,94466,0.5984329673243352,0.6906587366963226,1.662968383505969,2.7654638445404554,-1.3406692900623702,0.2675694774552042,0.6906587366963226,0.9855982695912909,2.226495226951109,6.348623589582003,-12.852374682085822,15.423619813023222,0.7180287921360867
1,Clear,1,57087,98.78080824005465,56391,0.6109066909479987,0.7238383530127476,1.6275366254579704,2.6488754672071178,-1.2772806982140579,0.23724148622624847,0.7238383530127476,0.9918316460466142,2.18027713065476,6.232965653784315,-12.87248428706384,15.442446936937863,0.7545901598203657
1,Clear,2,35927,98.85601358309906,35516,0.6107220556197488,0.7557885863606996,1.6857285705086587,2.8416808134291656,-1.3482685231780862,0.2277740159838828,0.7557885863606996,1.008567781950316,2.2674618923400494,6.603904015249777,-12.78262050824711,15.403173816864523,0.7807937659664332
1,Clear,3,23632,98.65013540961408,23313,0.6414715803995302,0.7270704502756884,1.7075135478797652,2.9156025161929433,-1.3072840741707803,0.23614941941541404,0.7270704502756884,1.0384858475251326,2.3651001504784492,6.82656347010242,-12.79257010174371,15.413665310106056,0.8023364281097186
1,Clear,4,19531,98.59710204290614,19257,0.5811928961746947,0.5171074168535321,1.7981441030603966,3.2333222153708783,-1.475943151262237,0.2156741711308167,0.5171074168535321,0.9922471156920547,2.407547032197526,7.402168420458586,-12.73628617418728,15.425920427682733,0.776572944561238
1,Clear,5,32044,98.63000873798526,31605,0.5866008699097299,0.49589052106436127,1.6054244239551354,2.5773875810316786,-1.0733842873055937,0.2826602870874424,0.49589052106436127,0.9835718019312788,2.183658247073337,6.045937859457337,-12.872572389624859,15.273271821564208,0.7009115148438364
1,Clear,6,64917,98.67215059229477,64055,0.6653848154065725,0.6821869836328238,1.6497571178154828,2.7216985477828493,-1.0694443936867468,0.31451796149217925,0.6821869836328238,1.013545427824377,2.304699928596301,6.394499179794557,-12.682769812568203,15.442446936937863,0.6990274663321977
1,Clear,7,119217,98.4976974760311,117426,0.6733392685910262,0.7889836142023974,1.7480303967461743,3.055610267948588,-1.3791150543895199,0.34530910090486033,0.7889836142023974,1.01028622757674,2.4224730544545565,6.73525841764926,-12.889571991441471,15.442446936937863,0.6649771266718796
1,Clear,8,165632,98.43629250386398,163042,0.6137949676631904,0.7482381827757053,1.7225808872339439,2.9672849130636814,-1.441573856201244,0.35340909158043676,0.7482381827757053,0.9444883055836034,2.1218936506727992,6.641933440243397,-12.880623466536028,15.440665016978416,0.5910792140031667
1,Clear,9,165555,98.88133852798164,163703,0.6144051200743551,0.714804597174999,1.4804209519837859,2.1916461950725785,-0.9306851283356475,0.3646165435554757,0.714804597174999,0.9145429397507517,1.759590315250213,5.531545108384522,-12.87356798969658,15.439646752538307,0.5499263961952761
1,Clear,10,154629,99.15151750318505,153317,0.598404848658577,0.6952035807465887,1.3241217252951694,1.7532983433986562,-0.7350761584190572,0.3697941481954164,0.6952035807465887,0.8965733490544402,1.549923600929197,4.634535501582791,-12.871342532419915,15.438615841026635,0.5267792008590237
1,Clear,11,143727,99.08854982014513,142417,0.5854976330686645,0.6845311275340878,1.329943424560903,1.7687495125327823,-0.7389779474091912,0.3711408303036008,0.6845311275340878,0.8833577209829742,1.47468444375823,4.65211416076856,-12.87145545219544,15.442446936937863,0.5122168906793734
1,Clear,12,169434,99.14125854314955,167979,0.5982787984943126,0.6985477962272834,1.327537160626149,1.762354912843338,-0.7463099625098651,0.37786748103772444,0.6985477962272834,0.8916906648039999,1.498939170413761,4.7751629729561165,-12.860666744083042,15.438615841026635,0.5138231837662754
1,Clear,13,153787,99.0597384694415,152341,0.6161767622754484,0.7074578515291577,1.3451360216803072,1.809390916821924,-0.7170258498411467,0.3943799083539064,0.7074578515291577,0.8973201806963654,1.568311144079199,4.826748714126859,-12.872983805845683,15.439646752538307,0.502940272342459
1,Clear,14,193256,99.07790702487891,191474,0.6114261798367369,0.7104267270516574,1.3651808086137756,1.8637186402073622,-0.728334898397279,0.41525835242967574,0.7104267270516574,0.8904863670128771,1.5339633971585305,4.820399888283936,-12.876623547237763,15.438615841026635,0.47522801458320135
1,Clear,15,209228,99.03884757298259,207217,0.5660795711866596,0.6925427891895951,1.4367438321929327,2.0642328393444336,-1.0573652688096278,0.3893814265924872,0.6925427891895951,0.8802929592923996,1.5310296119602815,5.184906772110988,-12.876623547237763,15.439646752538307,0.4909115326999124
1,Clear,16,189594,99.33489456417396,188333,0.6512571574658815,0.7503010280470894,1.2208516855020743,1.4904788379932559,-0.5454311538904933,0.4460506658380044,0.7503010280470894,0.9055191634173957,1.4533953794549022,4.368464256619119,-12.883927371009555,15.438615841026635,0.4594684975793913
1,Clear,17,187132,99.22621465062095,185684,0.6384705660433814,0.7734894235899158,1.3049779256931293,1.7029673865463424,-0.7766889223279273,0.4372612114922748,0.7734894235899158,0.9202905430899712,1.5314532953774351,4.5700616322568175,-12.875111480925534,15.438615841026635,0.48302933159769634
1,Clear,18,170613,99.14543440417788,169155,0.6529298249008428,0.7871166057620406,1.3455233542126077,1.8104330967315465,-0.8150370204473857,0.4355915969556966,0.7871166057620406,0.9311096484217438,1.6153274565174343,4.800384626971998,-12.870523316705924,15.439646752538307,0.4955180514660472
1,Clear,19,148925,99.1969111969112,147729,0.6503316405395002,0.8029692142532177,1.3418181065143089,1.8004758309696451,-0.8691569272689004,0.4109083326763996,0.8029692142532177,0.9503221801904499,1.6740125676796485,4.765665682910328,-12.845436083988245,15.438615841026635,0.5394138475140503
1,Clear,20,169470,98.76497315159025,167377,0.657487115026388,0.8041140652042125,1.5737152137589567,2.476579574016399,-1.088107875720974,0.38810715556134384,0.8041140652042125,0.9855982695912909,1.9551219238142281,5.857733926955667,-12.870137932775235,15.422810376901191,0.597491114029947
1,Clear,21,157238,98.49972652921049,154879,0.626672250248116,0.785350026028712,1.6870896532869184,2.846271498227775,-1.3712952567812797,0.35828575103921123,0.785350026028712,0.9910919709810989,2.1004988376041798,6.16119053198877,-12.887351763913323,15.422810376901191,0.6328062199418877
1,Clear,22,143034,98.63249297369856,141078,0.6210324078140261,0.7331814335030937,1.6456219783620436,2.708071695668206,-1.2823562242669226,0.3290049382317808,0.7331814335030937,0.9855982695912909,2.141497389214336,6.180288874040341,-12.887351763913323,15.425920427682733,0.6565933313595101
1,Clear,23,113668,98.85543864588098,112367,0.6261232889595361,0.6955343457414775,1.582830852933968,2.505353508999673,-1.1334044271401849,0.3082159166458983,0.6955343457414775,0.9860236848158116,2.1452995660230423,6.045937859457337,-12.869382812640739,15.394805271938024,0.6778077681699133
8,Rain,0,14404,97.95195778950291,14109,0.5602117056864759,0.7561100732706882,1.932934434184344,3.73623552685555,-2.104249560736393,0.16257459710188077,0.7561100732706882,1.0489428483893595,2.8033643943922044,6.953537947363001,-12.66581988831305,14.87577064776831,0.8863682512874786
8,Rain,1,978,99.18200408997956,970,0.4519689400576497,0.42932583807220104,1.3002907042013991,1.6907559154325702,-0.7125998373693764,0.2826492607029367,0.42932583807220104,0.8475558574868234,1.4586729118301365,3.5239329138538853,-11.506442161486799,14.857957624067026,0.5649065967838867
8,Rain,2,5145,98.34791059280855,5060,0.5676935416313932,0.7664030963789121,2.0713003877845892,4.290285296436589,-2.1493660943745323,0.13684430417304588,0.7664030963789121,1.0567483326931617,2.9084339431741877,8.210923210699441,-12.612432217789518,15.296242772040545,0.9199040285201159
8,Rain,3,6353,98.56760585550134,6262,0.6587815278323764,0.7905455961659138,2.002698283923624,4.010800416430628,-1.6515781300082455,0.18023805564824014,0.7905455961659138,1.0807312793866828,2.9125524051572067,8.315088957375911,-12.661793291152579,14.951486110499866,0.9004932237384426
8,Rain,4,2463,98.61956963053187,2429,0.6519030268955908,0.5766853537394996,1.7623058984679705,3.105722079775001,-1.1579130645394797,0.24380026520279588,0.5766853537394996,1.0149665348119723,2.5055228364213593,7.812822676101448,-12.320831815093287,15.376386743258692,0.7711662696091764
8,Rain,6,2321,98.9228780697975,2296,0.6594479614596858,0.6658504009800781,1.4722657782449484,2.1675665217912035,-0.7867941034865868,0.32806723686425704,0.6658504009800781,0.991436273142598,2.1334930660795166,5.335216885580489,-11.232848330605533,13.076377172044033,0.6633690362783409
8,Rain,7,25130,98.66693195384003,24795,0.7295584225759116,0.818512122585838,1.6757921208315025,2.808279232240945,-1.069091026044651,0.3761432563347413,0.818512122585838,1.01028622757674,2.3607274275655037,6.885133318706798,-12.890724795674886,15.267327708498861,0.6341429712419986
8,Rain,8,12278,98.9819188792963,12153,0.664989565481437,0.7926711798183047,1.48571661866754,2.207353870984908,-0.8818247910368757,0.4097567478986609,0.7926711798183047,0.9482154441236312,1.9089593791613204,5.612571418513673,-12.602982116304453,15.241635453030066,0.5384586962249703
8,Rain,9,10654,99.37112821475502,10587,0.6808659864494789,0.7822947826618215,1.2446882153906982,1.5492487535324808,-0.4349685405794764,0.4305276039870307,0.7822947826618215,0.9318602735136908,1.566922602097199,4.393962272990172,-12.480023383961475,14.951486110499866,0.5013326695266601
8,Rain,13,18420,99.31053203040173,18293,0.6759225626732489,0.7511544366967565,1.1622150946225205,1.3507439261684342,-0.33319989358027513,0.47232537299910116,0.7511544366967565,0.8911304908319728,1.4232548393547844,4.273037624038211,-12.75077571081781,15.38434086894037,0.41880511783287167
8,Rain,14,14196,99.38715131022823,14109,0.6572363534595504,0.7298196420221424,1.1375591451351912,1.294040808680707,-0.31801932939703176,0.45922569187913975,0.7298196420221424,0.8785174544907759,1.3156166869077823,4.239424060040372,-11.941878415677298,15.082654881534587,0.41929176261163614
8,Rain,15,17025,99.18942731277534,16887,0.6111576786385188,0.7315779648933649,1.2486211984297633,1.5590548971681781,-0.7146313885363309,0.46121093204877983,0.7315779648933649,0.8775403457511828,1.3772490623674862,4.181242725267226,-12.784177210589423,14.954290343735508,0.41632941370240295
8,Rain,16,3624,99.14459161147903,3593,0.7913841274689837,0.9055191634173957,1.3688788537938497,1.8738293163639639,-0.29066701161672204,0.5230579389114983,0.9055191634173957,1.0401355717555014,1.83075674282661,4.634535501582791,-12.272824573272892,14.87577064776831,0.5170776328440031
8,Rain,17,11283,99.2643800407693,11200,0.7318695667077892,0.838207004118244,1.2518286772873708,1.567075037279048,-0.4569478729564404,0.503845516284806,0.838207004118244,0.9559898113646834,1.6429312792622368,4.7865287350413706,-12.884472926846449,14.829184653990842,0.4521442950798774
8,Rain,18,18525,99.28744939271255,18393,0.6389405231084968,0.8028747055174312,1.285709553861544,1.6530490568908502,-0.8026571741826535,0.4464862187142269,0.8028747055174312,0.9286068492640538,1.501281238865714,4.246538622635086,-12.875440714272877,15.248955018531406,0.4821206305498269
8,Rain,19,19211,99.05783145073136,19030,0.6379020435696399,0.7521993477323365,1.4894758290860473,2.218538245431568,-0.9903460596742323,0.38592745787556254,0.7521993477323365,0.929867734442781,1.8155527168050372,5.980586658377217,-12.715037481624137,15.32231785017964,0.5439402765672186
8,Rain,20,9963,98.22342667871123,9786,0.5733900319982139,0.8343192621799325,1.7899129826813858,3.203788485571375,-1.836977211867231,0.375704766982189,0.8343192621799325,0.991245183536501,2.049914424131672,5.910910277434087,-12.784616963681597,14.951486110499866,0.615540416554312
8,Rain,21,12427,99.018266677396,12305,0.7081301180155432,0.8279283635765621,1.5304778911068675,2.342362575166925,-0.8978917535772843,0.3900450513494838,0.8279283635765621,1.0036698950268723,2.0722651563933443,5.873584639429208,-12.671606430037711,14.951486110499866,0.6136248436773886
8,Rain,22,6022,98.92062437728329,5957,0.6729013389844056,0.8079319448784859,1.5545569176715843,2.4166472102805767,-1.0219018935356476,0.34413314128298944,0.8079319448784859,1.0210514704930875,2.207570507293555,5.857733926955667,-12.344576996376103,15.196673307962639,0.6769183292100981
8,Rain,23,6900,98.55072463768116,6800,0.5485602768388994,0.6802470206786686,1.874207503496781,3.5126537661636363,-1.9652767372281887,0.26207566103027224,0.6802470206786686,0.9639721288756595,2.3746812947629246,7.3092108306271015,-12.618757322149136,15.29657454748276,0.7018964678453873
