tau_P,view,bin_left,bin_right,count,percentage_of_all_valid,percentage_of_displayed
0.25,full,-2201.260790436763,-1531.9920152987386,13,0.0001224058320164506,0.0001224058320164506
0.25,full,-1531.9920152987386,-862.7232401607143,86,0.0008097616579549809,0.0008097616579549809
0.25,full,-862.7232401607143,-193.4544650226901,4678,0.044047267859458145,0.044047267859458145
0.25,full,-193.4544650226901,475.81431011533414,10613364,99.93366545488031,99.93366545488031
0.25,full,475.81431011533414,1145.0830852533586,1273,0.011986355704380123,0.011986355704380123
0.25,full,1145.0830852533586,1814.3518603913826,518,0.004877401614193954,0.004877401614193954
0.25,full,1814.3518603913826,2483.6206355294066,225,0.0021185624772077985,0.0021185624772077985
0.25,full,2483.6206355294066,3152.889410667431,111,0.0010451574887558473,0.0010451574887558473
0.25,full,3152.889410667431,3822.1581858054556,54,0.0005084549945298716,0.0005084549945298716
0.25,full,3822.1581858054556,4491.42696094348,31,0.0002918908301930745,0.0002918908301930745
0.25,full,4491.42696094348,5160.695736081503,22,0.00020714833110476255,0.00020714833110476255
0.25,full,5160.695736081503,5829.9645112195285,12,0.00011298999878441593,0.00011298999878441593
0.25,full,5829.9645112195285,6499.233286357552,3,2.8247499696103983e-05,2.8247499696103983e-05
0.25,full,6499.233286357552,7168.502061495576,11,0.00010357416555238127,0.00010357416555238127
0.25,full,7168.502061495576,7837.770836633601,3,2.8247499696103983e-05,2.8247499696103983e-05
0.25,full,7837.770836633601,8507.039611771625,2,1.8831666464069323e-05,1.8831666464069323e-05
0.25,full,8507.039611771625,9176.308386909648,2,1.8831666464069323e-05,1.8831666464069323e-05
0.25,full,9176.308386909648,9845.577162047673,0,0.0,0.0
0.25,full,9845.577162047673,10514.845937185697,0,0.0,0.0
0.25,full,10514.845937185697,11184.114712323722,0,0.0,0.0
0.25,full,11184.114712323722,11853.383487461746,0,0.0,0.0
0.25,full,11853.383487461746,12522.65226259977,0,0.0,0.0
0.25,full,12522.65226259977,13191.921037737795,0,0.0,0.0
0.25,full,13191.921037737795,13861.189812875818,0,0.0,0.0
0.25,full,13861.189812875818,14530.458588013842,0,0.0,0.0
0.25,full,14530.458588013842,15199.727363151867,0,0.0,0.0
0.25,full,15199.727363151867,15868.996138289893,0,0.0,0.0
0.25,full,15868.996138289893,16538.264913427916,0,0.0,0.0
0.25,full,16538.264913427916,17207.53368856594,0,0.0,0.0
0.25,full,17207.53368856594,17876.802463703967,0,0.0,0.0
0.25,full,17876.802463703967,18546.07123884199,0,0.0,0.0
0.25,full,18546.07123884199,19215.340013980014,0,0.0,0.0
0.25,full,19215.340013980014,19884.60878911804,0,0.0,0.0
0.25,full,19884.60878911804,20553.87756425606,0,0.0,0.0
0.25,full,20553.87756425606,21223.146339394087,0,0.0,0.0
0.25,full,21223.146339394087,21892.415114532112,0,0.0,0.0
0.25,full,21892.415114532112,22561.683889670134,0,0.0,0.0
0.25,full,22561.683889670134,23230.95266480816,0,0.0,0.0
0.25,full,23230.95266480816,23900.221439946185,0,0.0,0.0
0.25,full,23900.221439946185,24569.49021508421,1,9.415833232034661e-06,9.415833232034661e-06
0.25,p01_p99,-7.070809654166327,-6.700643810528094,5733,0.05398097191925471,0.0550826287471176
0.25,p01_p99,-6.700643810528094,-6.330477966889861,5334,0.05022405445967288,0.05124903920061491
0.25,p01_p99,-6.330477966889861,-5.960312123251628,7306,0.06879207759324524,0.07019600307455803
0.25,p01_p99,-5.960312123251628,-5.5901462796133945,7726,0.07274672755069979,0.07423136049192929
0.25,p01_p99,-5.5901462796133945,-5.219980435975161,8958,0.0843470340925665,0.0860684089162183
0.25,p01_p99,-5.219980435975161,-4.849814592336928,8975,0.08450710325751108,0.08623174481168332
0.25,p01_p99,-4.849814592336928,-4.479648748698695,11927,0.1123026429584774,0.1145945426594927
0.25,p01_p99,-4.479648748698695,-4.109482905060462,13155,0.12386528616741596,0.12639315910837817
0.25,p01_p99,-4.109482905060462,-3.7393170614222293,16112,0.15170790503454246,0.15480399692544197
0.25,p01_p99,-3.7393170614222293,-3.369151217783996,20939,0.19715813204557375,0.20118178324365873
0.25,p01_p99,-3.369151217783996,-2.9989853741457635,24829,0.2337857233181886,0.23855687932359723
0.25,p01_p99,-2.9989853741457635,-2.6288195305075304,28352,0.26695770379464673,0.2724058416602613
0.25,p01_p99,-2.6288195305075304,-2.2586536868692972,38020,0.3579899794819578,0.36529592621060725
0.25,p01_p99,-2.2586536868692972,-1.8884878432310641,45135,0.42498363292788444,0.43365680245964644
0.25,p01_p99,-1.8884878432310641,-1.518321999592831,58702,0.5527282423868987,0.5640084550345887
0.25,p01_p99,-1.518321999592831,-1.1481561559545979,83255,0.7839151957330457,0.799913528055342
0.25,p01_p99,-1.1481561559545979,-0.7779903123163647,121538,1.1443815393550285,1.1677363566487318
0.25,p01_p99,-0.7779903123163647,-0.4078244686781316,198153,1.8657756024273642,1.9038528055342046
0.25,p01_p99,-0.4078244686781316,-0.037658625039898475,359701,3.3868846293960995,3.4560049961568025
0.25,p01_p99,-0.037658625039898475,0.33250721859833465,1092600,10.28773938932107,10.497694081475787
0.25,p01_p99,0.33250721859833465,0.7026730622365678,2559684,24.101557670707408,24.593428132205997
0.25,p01_p99,0.7026730622365678,1.0728389058748,4208235,39.62403896121138,40.43269600307456
0.25,p01_p99,1.0728389058748,1.4430047495130331,776820,7.314407571309165,7.463681783243659
0.25,p01_p99,1.4430047495130331,1.8131705931512663,243733,2.294949281143504,2.341785165257494
0.25,p01_p99,1.8131705931512663,2.1833364367894994,125425,1.1809808831279474,1.2050826287471177
0.25,p01_p99,2.1833364367894994,2.5535022804277325,79422,0.7478243069546568,0.7630860876249039
0.25,p01_p99,2.5535022804277325,2.9236681240659657,53739,0.5059974620563107,0.5163239815526518
0.25,p01_p99,2.9236681240659657,3.293833967704199,39823,0.3749667267993163,0.38261913912375095
0.25,p01_p99,3.293833967704199,3.663999811342432,31248,0.2942259568346191,0.30023059185242124
0.25,p01_p99,3.663999811342432,4.034165654980665,24005,0.22602707673499203,0.23063989239046886
0.25,p01_p99,4.034165654980665,4.404331498618898,20311,0.191244988775856,0.1951479631053036
0.25,p01_p99,4.404331498618898,4.774497342257131,16303,0.15350632918186108,0.1566391237509608
0.25,p01_p99,4.774497342257131,5.144663185895364,13364,0.1258331953129112,0.12840122982321292
0.25,p01_p99,5.144663185895364,5.5148290295335975,12224,0.1150991454283917,0.11744811683320523
0.25,p01_p99,5.5148290295335975,5.884994873171831,11126,0.10476056053961763,0.10689853958493467
0.25,p01_p99,5.884994873171831,6.255160716810064,8905,0.08384799493126865,0.08555918524212144
0.25,p01_p99,6.255160716810064,6.625326560448297,8376,0.07886701915152232,0.08047655649500385
0.25,p01_p99,6.625326560448297,6.99549240408653,7039,0.06627805012029198,0.06763066871637202
0.25,p01_p99,6.99549240408653,7.365658247724763,6026,0.05673981105624087,0.05789777094542659
0.25,p01_p99,7.365658247724763,7.735824091362996,5742,0.05406571441834302,0.05516910069177556
0.5,full,-11516.595900417953,-11159.390213296927,1,9.415833232034661e-06,9.415833232034661e-06
0.5,full,-11159.390213296927,-10802.1845261759,0,0.0,0.0
0.5,full,-10802.1845261759,-10444.978839054875,0,0.0,0.0
0.5,full,-10444.978839054875,-10087.773151933849,1,9.415833232034661e-06,9.415833232034661e-06
0.5,full,-10087.773151933849,-9730.567464812822,1,9.415833232034661e-06,9.415833232034661e-06
0.5,full,-9730.567464812822,-9373.361777691796,2,1.8831666464069323e-05,1.8831666464069323e-05
0.5,full,-9373.361777691796,-9016.15609057077,1,9.415833232034661e-06,9.415833232034661e-06
0.5,full,-9016.15609057077,-8658.950403449744,2,1.8831666464069323e-05,1.8831666464069323e-05
0.5,full,-8658.950403449744,-8301.744716328718,4,3.7663332928138646e-05,3.7663332928138646e-05
0.5,full,-8301.744716328718,-7944.539029207692,2,1.8831666464069323e-05,1.8831666464069323e-05
0.5,full,-7944.539029207692,-7587.333342086666,3,2.8247499696103983e-05,2.8247499696103983e-05
0.5,full,-7587.333342086666,-7230.1276549656395,2,1.8831666464069323e-05,1.8831666464069323e-05
0.5,full,-7230.1276549656395,-6872.921967844613,3,2.8247499696103983e-05,2.8247499696103983e-05
0.5,full,-6872.921967844613,-6515.716280723587,11,0.00010357416555238127,0.00010357416555238127
0.5,full,-6515.716280723587,-6158.510593602561,12,0.00011298999878441593,0.00011298999878441593
0.5,full,-6158.510593602561,-5801.304906481535,6,5.6494999392207965e-05,5.6494999392207965e-05
0.5,full,-5801.304906481535,-5444.099219360509,12,0.00011298999878441593,0.00011298999878441593
0.5,full,-5444.099219360509,-5086.893532239483,6,5.6494999392207965e-05,5.6494999392207965e-05
0.5,full,-5086.893532239483,-4729.687845118457,11,0.00010357416555238127,0.00010357416555238127
0.5,full,-4729.687845118457,-4372.4821579974305,27,0.0002542274972649358,0.0002542274972649358
0.5,full,-4372.4821579974305,-4015.2764708764043,22,0.00020714833110476255,0.00020714833110476255
0.5,full,-4015.2764708764043,-3658.070783755378,36,0.0003389699963532478,0.0003389699963532478
0.5,full,-3658.070783755378,-3300.865096634352,46,0.0004331283286735944,0.0004331283286735944
0.5,full,-3300.865096634352,-2943.659409513326,55,0.0005178708277619064,0.0005178708277619064
0.5,full,-2943.659409513326,-2586.4537223923,59,0.000555534160690045,0.000555534160690045
0.5,full,-2586.4537223923,-2229.2480352712737,103,0.0009698308228995701,0.0009698308228995701
0.5,full,-2229.2480352712737,-1872.0423481502476,186,0.001751344981158447,0.001751344981158447
0.5,full,-1872.0423481502476,-1514.8366610292214,256,0.0024104533074008733,0.0024104533074008733
0.5,full,-1514.8366610292214,-1157.6309739081953,341,0.003210799132123819,0.003210799132123819
0.5,full,-1157.6309739081953,-800.4252867871692,509,0.004792659115105642,0.004792659115105642
0.5,full,-800.4252867871692,-443.21959966614304,814,0.007664488250876214,0.007664488250876214
0.5,full,-443.21959966614304,-86.01391254511691,8676,0.08169176912113271,0.08169176912113271
0.5,full,-86.01391254511691,271.1917745759092,10604472,99.84993986578107,99.84993986578107
0.5,full,271.1917745759092,628.3974616969354,3153,0.029688122180605285,0.029688122180605285
0.5,full,628.3974616969354,985.6031488179615,1403,0.013210414024544629,0.013210414024544629
0.5,full,985.6031488179615,1342.8088359389876,150,0.001412374984805199,0.001412374984805199
0.5,full,1342.8088359389876,1700.0145230600137,4,3.7663332928138646e-05,3.7663332928138646e-05
0.5,full,1700.0145230600137,2057.22021018104,0,0.0,0.0
0.5,full,2057.22021018104,2414.425897302066,14,0.00013182166524848524,0.00013182166524848524
0.5,full,2414.425897302066,2771.631584423091,3,2.8247499696103983e-05,2.8247499696103983e-05
0.5,p01_p99,-7.412444695050356,-7.032056994178852,5693,0.05360433858997332,0.054698125054345036
0.5,p01_p99,-7.032056994178852,-6.651669293307348,5382,0.05067601445481054,0.0517100490150158
0.5,p01_p99,-6.651669293307348,-6.2712815924358445,7225,0.06802939510145042,0.06941752213554239
0.5,p01_p99,-6.2712815924358445,-5.890893891564341,7281,0.06855668176244437,0.06995556798185248
0.5,p01_p99,-5.890893891564341,-5.510506190692837,8599,0.08096674996226605,0.08261886129322202
0.5,p01_p99,-5.510506190692837,-5.130118489821334,8798,0.08284050077544095,0.08453084563993107
0.5,p01_p99,-5.130118489821334,-4.74973078894983,9004,0.08478016242124009,0.0865100857174289
0.5,p01_p99,-4.74973078894983,-4.369343088078327,13658,0.1286014502831294,0.13122553873041357
0.5,p01_p99,-4.369343088078327,-3.988955387206823,13540,0.1274903819617493,0.1300917992685459
0.5,p01_p99,-3.988955387206823,-3.608567686335319,18091,0.17034183900073904,0.17381763224278166
0.5,p01_p99,-3.608567686335319,-3.2281799854638153,20742,0.19530321289886293,0.1992883382886395
0.5,p01_p99,-3.2281799854638153,-2.8477922845923125,30501,0.2871923294102892,0.2930524349697133
0.5,p01_p99,-2.8477922845923125,-2.4674045837208087,28680,0.2700460970947541,0.27555633700309423
0.5,p01_p99,-2.4674045837208087,-2.087016882849305,44601,0.4199555779819779,0.42852469270136007
0.5,p01_p99,-2.087016882849305,-1.7066291819778012,54260,0.5109031111702007,0.5213279932283087
0.5,p01_p99,-1.7066291819778012,-1.3262414811062975,71545,0.6736557885859198,0.6874016084688416
0.5,p01_p99,-1.3262414811062975,-0.9458537802347937,104744,0.9862520360562385,1.0063763236768515
0.5,p01_p99,-0.9458537802347937,-0.56546607936329,161781,1.5233029161117995,1.5543856261052158
0.5,p01_p99,-0.56546607936329,-0.1850783784917862,287613,2.7081160433651847,2.76337464276398
0.5,p01_p99,-0.1850783784917862,0.19530932237971754,648654,6.107617889292211,6.232242685578978
0.5,p01_p99,0.19530932237971754,0.5756970232512204,2420347,22.789583715655397,23.25460089248355
0.5,p01_p99,0.5756970232512204,0.956084724122725,3956074,37.249733037588285,38.00980684634516
0.5,p01_p99,0.956084724122725,1.3364724249942288,1608575,15.146073941220154,15.4551267362187
0.5,p01_p99,1.3364724249942288,1.7168601258657308,340376,3.2049236521870297,3.270319517565035
0.5,p01_p99,1.7168601258657308,2.0972478267372345,158782,1.4950648322489275,1.5255713494430025
0.5,p01_p99,2.0972478267372345,2.4776355276087383,92277,0.8688648431524624,0.8865938671420686
0.5,p01_p99,2.4776355276087383,2.858023228480242,62808,0.591389653637633,0.6034568484829269
0.5,p01_p99,2.858023228480242,3.238410929351746,45127,0.42490830626202813,0.4335784804720584
0.5,p01_p99,3.238410929351746,3.6187986302232495,31880,0.30017676343726496,0.3063018139350992
0.5,p01_p99,3.6187986302232495,3.9991863310947533,26341,0.248022463165025,0.2530833149581069
0.5,p01_p99,3.9991863310947533,4.379574031966257,21805,0.20531224362451578,0.2095016014069899
0.5,p01_p99,4.379574031966257,4.759961732837761,19262,0.18136777971545165,0.18506855520758722
0.5,p01_p99,4.759961732837761,5.140349433709265,12535,0.11802746956355448,0.12043579791958808
0.5,p01_p99,5.140349433709265,5.520737134580768,12226,0.11511797709485576,0.11746693780334136
0.5,p01_p99,5.520737134580768,5.901124835452272,11853,0.11160587129930684,0.11388316814845453
0.5,p01_p99,5.901124835452272,6.281512536323776,8533,0.08034530496895176,0.08198473583149941
0.5,p01_p99,6.281512536323776,6.66190023719528,7655,0.07207820339122532,0.07354894559828055
0.5,p01_p99,6.66190023719528,7.042287938066783,8561,0.08060894829944873,0.08225375875465446
0.5,p01_p99,7.042287938066783,7.422675638938287,5152,0.048510372811442576,0.04950021786052795
0.5,p01_p99,7.422675638938287,7.803063339809792,7474,0.07037393757622705,0.07180990455931403
1.0,full,-1574.64009775221,-1343.3636519248714,4,3.7663332928138646e-05,3.7663332928138646e-05
1.0,full,-1343.3636519248714,-1112.087206097533,18,0.0001694849981766239,0.0001694849981766239
1.0,full,-1112.087206097533,-880.8107602701944,18,0.0001694849981766239,0.0001694849981766239
1.0,full,-880.8107602701944,-649.5343144428558,70,0.0006591083262424262,0.0006591083262424262
1.0,full,-649.5343144428558,-418.2578686155173,653,0.006148539100518633,0.006148539100518633
1.0,full,-418.2578686155173,-186.98142278817863,3727,0.03509281045579318,0.03509281045579318
1.0,full,-186.98142278817863,44.29502303915979,10597141,99.78091239235702,99.78091239235702
1.0,full,44.29502303915979,275.57146886649844,16192,0.15246117169310522,0.15246117169310522
1.0,full,275.57146886649844,506.84791469383686,1070,0.010074941558277086,0.010074941558277086
1.0,full,506.84791469383686,738.1243605211755,508,0.004783243281873607,0.004783243281873607
1.0,full,738.1243605211755,969.4008063485142,333,0.003135472466267542,0.003135472466267542
1.0,full,969.4008063485142,1200.6772521758528,235,0.002212720809528145,0.002212720809528145
1.0,full,1200.6772521758528,1431.9536980031914,113,0.0010639891552199168,0.0010639891552199168
1.0,full,1431.9536980031914,1663.2301438305296,90,0.0008474249908831194,0.0008474249908831194
1.0,full,1663.2301438305296,1894.5065896578683,55,0.0005178708277619064,0.0005178708277619064
1.0,full,1894.5065896578683,2125.7830354852067,43,0.0004048808289774904,0.0004048808289774904
1.0,full,2125.7830354852067,2357.0594813125454,29,0.00027305916372900516,0.00027305916372900516
1.0,full,2357.0594813125454,2588.335927139884,24,0.00022597999756883186,0.00022597999756883186
1.0,full,2588.335927139884,2819.6123729672227,20,0.0001883166646406932,0.0001883166646406932
1.0,full,2819.6123729672227,3050.8888187945613,11,0.00010357416555238127,0.00010357416555238127
1.0,full,3050.8888187945613,3282.1652646219,7,6.591083262424262e-05,6.591083262424262e-05
1.0,full,3282.1652646219,3513.4417104492386,17,0.00016006916494458923,0.00016006916494458923
1.0,full,3513.4417104492386,3744.7181562765772,7,6.591083262424262e-05,6.591083262424262e-05
1.0,full,3744.7181562765772,3975.994602103916,3,2.8247499696103983e-05,2.8247499696103983e-05
1.0,full,3975.994602103916,4207.2710479312545,5,4.70791661601733e-05,4.70791661601733e-05
1.0,full,4207.2710479312545,4438.547493758593,5,4.70791661601733e-05,4.70791661601733e-05
1.0,full,4438.547493758593,4669.823939585931,3,2.8247499696103983e-05,2.8247499696103983e-05
1.0,full,4669.823939585931,4901.10038541327,2,1.8831666464069323e-05,1.8831666464069323e-05
1.0,full,4901.10038541327,5132.376831240608,1,9.415833232034661e-06,9.415833232034661e-06
1.0,full,5132.376831240608,5363.653277067947,0,0.0,0.0
1.0,full,5363.653277067947,5594.9297228952855,1,9.415833232034661e-06,9.415833232034661e-06
1.0,full,5594.9297228952855,5826.206168722624,0,0.0,0.0
1.0,full,5826.206168722624,6057.482614549963,2,1.8831666464069323e-05,1.8831666464069323e-05
1.0,full,6057.482614549963,6288.7590603773015,0,0.0,0.0
1.0,full,6288.7590603773015,6520.03550620464,1,9.415833232034661e-06,9.415833232034661e-06
1.0,full,6520.03550620464,6751.311952031978,0,0.0,0.0
1.0,full,6751.311952031978,6982.588397859317,0,0.0,0.0
1.0,full,6982.588397859317,7213.864843686655,0,0.0,0.0
1.0,full,7213.864843686655,7445.141289513995,0,0.0,0.0
1.0,full,7445.141289513995,7676.4177353413315,1,9.415833232034661e-06,9.415833232034661e-06
1.0,p01_p99,-7.094945543974484,-6.717688317915029,4784,0.045045346182053816,0.04596463375007038
1.0,p01_p99,-6.717688317915029,-6.3404310918555735,5881,0.05537451523759584,0.05650460097913125
1.0,p01_p99,-6.3404310918555735,-5.963173865796119,7832,0.07374480587329546,0.07524979338013194
1.0,p01_p99,-5.963173865796119,-5.585916639736664,7339,0.06910280008990237,0.07051305332185755
1.0,p01_p99,-5.585916639736664,-5.208659413677209,7768,0.07314219254644524,0.07463488189183669
1.0,p01_p99,-5.208659413677209,-4.831402187617753,11514,0.10841390383364709,0.11062641994111838
1.0,p01_p99,-4.831402187617753,-4.454144961558298,11554,0.10879053716292847,0.11101073962130292
1.0,p01_p99,-4.454144961558298,-4.076887735498843,13596,0.12801766862274325,0.13063025929472344
1.0,p01_p99,-4.076887735498843,-3.6996305094393875,17395,0.16378841907124292,0.16713102092024962
1.0,p01_p99,-3.6996305094393875,-3.3223732833799327,20540,0.19340121458599194,0.1973481557747587
1.0,p01_p99,-3.3223732833799327,-2.9451160573204778,25816,0.2430791507182068,0.24803992159109886
1.0,p01_p99,-2.9451160573204778,-2.567858831261022,30241,0.2847442127699602,0.29055528621151305
1.0,p01_p99,-2.567858831261022,-2.190601605201567,39481,0.37174651183396046,0.3793331323341406
1.0,p01_p99,-2.190601605201567,-1.8133443791421122,48520,0.45685622841832174,0.46617977206384087
1.0,p01_p99,-1.8133443791421122,-1.4360871530826564,65678,0.6184130950135724,0.6310336988789972
1.0,p01_p99,-1.4360871530826564,-1.0588299270232016,93390,0.879344665539717,0.8972903733108429
1.0,p01_p99,-1.0588299270232016,-0.6815727009637467,137405,1.2937825652477226,1.3201861413939007
1.0,p01_p99,-0.6815727009637467,-0.3043154749042909,234808,2.2109129695475946,2.256033386619257
1.0,p01_p99,-0.3043154749042909,0.07294175115516399,465486,4.382938547846886,4.47238576625946
1.0,p01_p99,0.07294175115516399,0.4501989772146189,1827195,17.204563402407572,17.555674950869534
1.0,p01_p99,0.4501989772146189,0.8274562032740747,2784331,26.2167963587843,26.75182998619716
1.0,p01_p99,0.8274562032740747,1.2047134293335287,3455090,32.53255124167064,33.19647709521962
1.0,p01_p99,1.2047134293335287,1.5819706553929844,482814,4.546096106091583,4.638873051715401
1.0,p01_p99,1.5819706553929844,1.9592278814524402,197298,1.8577250650139745,1.8956376065262093
1.0,p01_p99,1.9592278814524402,2.336485107511894,102615,0.9662057271052367,0.9859240995534013
1.0,p01_p99,2.336485107511894,2.71374233357135,70017,0.6592683954073708,0.6727227761870146
1.0,p01_p99,2.71374233357135,3.0909995596308057,47283,0.44520884271029487,0.45429468595413414
1.0,p01_p99,3.0909995596308057,3.4682567856902597,36977,0.3481692654209457,0.35527472035458874
1.0,p01_p99,3.4682567856902597,3.8455140117497155,29921,0.2817311461357091,0.2874807287700367
1.0,p01_p99,3.8455140117497155,4.222771237809171,21613,0.20350440364396513,0.20765753119570884
1.0,p01_p99,4.222771237809171,4.600028463868625,19070,0.17955993973490098,0.18322440752797703
1.0,p01_p99,4.600028463868625,4.977285689928081,15120,0.14236739846836408,0.1452728391097542
1.0,p01_p99,4.977285689928081,5.354542915987537,13798,0.12991966693561424,0.13257107367965532
1.0,p01_p99,5.354542915987537,5.731800142046991,10376,0.09769868561559164,0.09969252503986836
1.0,p01_p99,5.731800142046991,6.109057368106447,10257,0.09657820146097952,0.09854917399131938
1.0,p01_p99,6.109057368106447,6.486314594165902,7501,0.070628165073492,0.07206954802660491
1.0,p01_p99,6.486314594165902,6.863571820225356,8505,0.08008166163845479,0.08171597199923675
1.0,p01_p99,6.863571820225356,7.240829046284812,7658,0.07210645089092144,0.07357800277132921
1.0,p01_p99,7.240829046284812,7.618086272344268,5561,0.05236144860334475,0.05343004353765497
1.0,p01_p99,7.618086272344268,7.995343498403723,5974,0.05625018772817506,0.05739814423556029
2.0,full,-11660.273365335548,-11308.738670020733,1,9.415833232034661e-06,9.415833232034661e-06
2.0,full,-11308.738670020733,-10957.20397470592,0,0.0,0.0
2.0,full,-10957.20397470592,-10605.669279391106,0,0.0,0.0
2.0,full,-10605.669279391106,-10254.134584076293,0,0.0,0.0
2.0,full,-10254.134584076293,-9902.599888761479,0,0.0,0.0
2.0,full,-9902.599888761479,-9551.065193446666,0,0.0,0.0
2.0,full,-9551.065193446666,-9199.530498131851,0,0.0,0.0
2.0,full,-9199.530498131851,-8847.995802817037,0,0.0,0.0
2.0,full,-8847.995802817037,-8496.461107502224,0,0.0,0.0
2.0,full,-8496.461107502224,-8144.92641218741,0,0.0,0.0
2.0,full,-8144.92641218741,-7793.391716872597,0,0.0,0.0
2.0,full,-7793.391716872597,-7441.857021557782,0,0.0,0.0
2.0,full,-7441.857021557782,-7090.322326242968,0,0.0,0.0
2.0,full,-7090.322326242968,-6738.787630928155,0,0.0,0.0
2.0,full,-6738.787630928155,-6387.252935613341,0,0.0,0.0
2.0,full,-6387.252935613341,-6035.718240298527,0,0.0,0.0
2.0,full,-6035.718240298527,-5684.183544983714,0,0.0,0.0
2.0,full,-5684.183544983714,-5332.6488496689,0,0.0,0.0
2.0,full,-5332.6488496689,-4981.114154354086,0,0.0,0.0
2.0,full,-4981.114154354086,-4629.5794590392725,0,0.0,0.0
2.0,full,-4629.5794590392725,-4278.044763724458,0,0.0,0.0
2.0,full,-4278.044763724458,-3926.510068409644,1,9.415833232034661e-06,9.415833232034661e-06
2.0,full,-3926.510068409644,-3574.9753730948305,1,9.415833232034661e-06,9.415833232034661e-06
2.0,full,-3574.9753730948305,-3223.440677780016,1,9.415833232034661e-06,9.415833232034661e-06
2.0,full,-3223.440677780016,-2871.905982465203,3,2.8247499696103983e-05,2.8247499696103983e-05
2.0,full,-2871.905982465203,-2520.3712871503885,10,9.41583323203466e-05,9.41583323203466e-05
2.0,full,-2520.3712871503885,-2168.8365918355757,14,0.00013182166524848524,0.00013182166524848524
2.0,full,-2168.8365918355757,-1817.3018965207611,28,0.0002636433304969705,0.0002636433304969705
2.0,full,-1817.3018965207611,-1465.7672012059484,44,0.0004142966622095251,0.0004142966622095251
2.0,full,-1465.7672012059484,-1114.2325058911338,92,0.0008662566573471888,0.0008662566573471888
2.0,full,-1114.2325058911338,-762.697810576321,223,0.0020997308107437293,0.0020997308107437293
2.0,full,-762.697810576321,-411.1631152615064,722,0.0067982315935290255,0.0067982315935290255
2.0,full,-411.1631152615064,-59.62841994669179,10344,0.09739737895216653,0.09739737895216653
2.0,full,-59.62841994669179,291.906275368121,10607856,99.88180304543828,99.88180304543828
2.0,full,291.906275368121,643.4409706829356,901,0.00848366574206323,0.00848366574206323
2.0,full,643.4409706829356,994.9756659977484,120,0.0011298999878441593,0.0011298999878441593
2.0,full,994.9756659977484,1346.510361312563,32,0.00030130666342510917,0.00030130666342510917
2.0,full,1346.510361312563,1698.0450566273757,13,0.0001224058320164506,0.0001224058320164506
2.0,full,1698.0450566273757,2049.5797519421903,2,1.8831666464069323e-05,1.8831666464069323e-05
2.0,full,2049.5797519421903,2401.114447257004,1,9.415833232034661e-06,9.415833232034661e-06
2.0,p01_p99,-7.002573950667616,-6.630300965351832,5533,0.052097805272847776,0.05316064179393002
2.0,p01_p99,-6.630300965351832,-6.258027980036048,6654,0.06265295432595863,0.06393112425389669
2.0,p01_p99,-6.258027980036048,-5.885754994720265,6480,0.0610145993435846,0.06225934553129704
2.0,p01_p99,-5.885754994720265,-5.5134820094044805,7488,0.07050575924147554,0.07194413261394325
2.0,p01_p99,-5.5134820094044805,-5.141209024088697,9407,0.08857474321375006,0.09038173818100483
2.0,p01_p99,-5.141209024088697,-4.768936038772914,11758,0.11071136714226354,0.11296996678348621
2.0,p01_p99,-4.768936038772914,-4.3966630534571305,11047,0.10401670971428689,0.10613873303769111
2.0,p01_p99,-4.3966630534571305,-4.024390068141346,14026,0.13206647691251816,0.13476073771944017
2.0,p01_p99,-4.024390068141346,-3.6521170828255625,16353,0.1539771208434628,0.1571183761532871
2.0,p01_p99,-3.6521170828255625,-3.2798440975097787,22226,0.20927630941520237,0.21354571200287162
2.0,p01_p99,-3.2798440975097787,-2.9075711121939953,26474,0.2492747689848856,0.25436017185116633
2.0,p01_p99,-2.9075711121939953,-2.535298126878212,28254,0.2660349521379073,0.2714622760248868
2.0,p01_p99,-2.535298126878212,-2.1630251415624278,41021,0.38624689501129383,0.39412663781471236
2.0,p01_p99,-2.1630251415624278,-1.7907521562466444,49835,0.4692380491184473,0.47881087724570803
2.0,p01_p99,-1.7907521562466444,-1.4184791709308602,62787,0.5911919211397603,0.6032527049187573
2.0,p01_p99,-1.4184791709308602,-1.0462061856150768,93361,0.8790716063759879,0.8970053639116394
2.0,p01_p99,-1.0462061856150768,-0.6739332002992935,138964,1.3084618492564646,1.3351555080881423
2.0,p01_p99,-0.6739332002992935,-0.30166021498350926,233294,2.196657398034294,2.241470950058397
2.0,p01_p99,-0.30166021498350926,0.07061277033227409,456696,4.300173373737302,4.387900318944635
2.0,p01_p99,0.07061277033227409,0.4428857556480583,1745999,16.440035407299284,16.775425160231343
2.0,p01_p99,0.4428857556480583,0.8151587409638417,2733042,25.733867688146475,26.258858986041226
2.0,p01_p99,0.8151587409638417,1.187431726279625,3568733,33.60259477765875,34.288114345052826
2.0,p01_p99,1.187431726279625,1.5597047115954084,501004,4.7173701125822936,4.813608201938572
2.0,p01_p99,1.5597047115954084,1.9319776969111917,198622,1.8701916282131883,1.9083450197711853
2.0,p01_p99,1.9319776969111917,2.304250682226977,104911,0.9878244802059883,1.0079768825669606
2.0,p01_p99,2.304250682226977,2.67652366754276,71565,0.6738441052505605,0.6875910590968014
2.0,p01_p99,2.67652366754276,3.0487966528585435,49058,0.4619219466971564,0.47134552053616824
2.0,p01_p99,3.0487966528585435,3.421069638174327,36858,0.34704878126633354,0.35412885148033124
2.0,p01_p99,3.421069638174327,3.79334262349011,28736,0.270573383755748,0.2760932952449617
2.0,p01_p99,3.79334262349011,4.165615608805895,23364,0.21999152763325783,0.224479529165621
2.0,p01_p99,4.165615608805895,4.537888594121679,18192,0.17129283815717455,0.17478734782490057
2.0,p01_p99,4.537888594121679,4.910161579437462,15551,0.146425622591371,0.1494128213514198
2.0,p01_p99,4.910161579437462,5.282434564753245,13619,0.12823423278708004,0.1308503127763479
2.0,p01_p99,5.282434564753245,5.654707550069029,11400,0.10734049884519513,0.1095303301013559
2.0,p01_p99,5.654707550069029,6.026980535384814,10113,0.09522232147556653,0.09716493230833441
2.0,p01_p99,6.026980535384814,6.399253520700597,9024,0.08496847908588077,0.08670190340654699
2.0,p01_p99,6.399253520700597,6.7715265060163805,8015,0.07546790335475781,0.07700750840020769
2.0,p01_p99,6.7715265060163805,7.143799491332164,7184,0.067643345938937,0.06902332381124042
2.0,p01_p99,7.143799491332164,7.516072476647947,5584,0.052578012767681544,0.05365064590227819
2.0,p01_p99,7.516072476647947,7.8883454619637305,5844,0.055026129408010556,0.05614870606248455
