tau_P,band,N,percentage,valid_epsilon_N,exact_zero_denominator_N,median_abs_epsilon,P95_abs_epsilon,P99_abs_epsilon,max_abs_epsilon
0.25,0 <= abs(relative_distance_deviation) < 1e-05,0,0.0,0,0,,,,
0.25,1e-05 <= abs(relative_distance_deviation) < 0.0001,0,0.0,0,0,,,,
0.25,0.0001 <= abs(relative_distance_deviation) < 0.001,8826,0.08310414410593792,8826,0,391.75831418656946,1918.4734696245448,3799.4319522112214,24569.49021508421
0.25,0.001 <= abs(relative_distance_deviation) < 0.01,44649,0.42040753797711555,44649,0,29.929762878068185,174.47728078024986,385.20677743627067,2131.564495132177
0.25,0.01 <= abs(relative_distance_deviation) < inf,10566934,99.49648831791694,10566934,0,0.8173419731747308,2.8010253054072116,10.466345005886907,495.329365134888
0.5,0 <= abs(relative_distance_deviation) < 1e-05,0,0.0,0,0,,,,
0.5,1e-05 <= abs(relative_distance_deviation) < 0.0001,0,0.0,0,0,,,,
0.5,0.0001 <= abs(relative_distance_deviation) < 0.001,9427,0.08876305987839075,9427,0,473.61590839037865,2172.2847863204292,4496.281419685337,11516.595900417953
0.5,0.001 <= abs(relative_distance_deviation) < 0.01,66398,0.6251924949406373,66398,0,35.2751556284739,151.63434170363377,332.584724473741,1362.9335378592764
0.5,0.01 <= abs(relative_distance_deviation) < inf,10544584,99.28604444518098,10544584,0,0.8226363459178535,2.7660457881291403,9.607174545476656,1003.2098865442947
1.0,0 <= abs(relative_distance_deviation) < 1e-05,0,0.0,0,0,,,,
1.0,1e-05 <= abs(relative_distance_deviation) < 0.0001,0,0.0,0,0,,,,
1.0,0.0001 <= abs(relative_distance_deviation) < 0.001,9017,0.08490256825325654,9017,0,257.58079972808736,1201.4836503721185,2527.8673413551455,7676.4177353413315
1.0,0.001 <= abs(relative_distance_deviation) < 0.01,66358,0.624815861611356,66358,0,28.6393428232655,138.8286404279809,326.2565865813325,3282.8090993751007
1.0,0.01 <= abs(relative_distance_deviation) < inf,10545034,99.29028157013539,10545034,0,0.8198908631729145,2.741897940125289,9.481606340028252,1010.2243895871607
2.0,0 <= abs(relative_distance_deviation) < 1e-05,0,0.0,0,0,,,,
2.0,1e-05 <= abs(relative_distance_deviation) < 0.0001,0,0.0,0,0,,,,
2.0,0.0001 <= abs(relative_distance_deviation) < 0.001,0,0.0,0,0,,,,
2.0,0.001 <= abs(relative_distance_deviation) < 0.01,53725,0.5058656403910622,53725,0,37.19461885810584,299.0186883774799,749.9761261118437,11660.273365335548
2.0,0.01 <= abs(relative_distance_deviation) < inf,10566684,99.49413435960895,10566684,0,0.8188713976545938,2.8057387106022698,10.552799514340721,369.241613755109
