summary_type,N,price_mean,distance_mean,pearson_correlation,price_min,price_max,distance_min,distance_max,conditioning_value,other_variable,other_min,other_median,other_P05,other_P95,other_max
overall,10620409,21.34586956773507,3.46907003958134,0.8529849471056274,0.01,2555.2,0.01,99.93,,,,,,,
exact_fare,368968,,,,,,,,8.6,trip_distance,0.01,1.0,0.59,1.42,60.74
exact_fare,367337,,,,,,,,7.9,trip_distance,0.01,0.9,0.53,1.28,11.2
exact_fare,362941,,,,,,,,9.3,trip_distance,0.01,1.11,0.63,1.59,13.0
exact_fare,354536,,,,,,,,10.0,trip_distance,0.01,1.22,0.69,1.73,19.09
exact_fare,350475,,,,,,,,7.2,trip_distance,0.01,0.8,0.48,1.11,85.9
exact_fare,335181,,,,,,,,10.7,trip_distance,0.01,1.34,0.73,1.9,64.88
exact_fare,318695,,,,,,,,11.4,trip_distance,0.01,1.45,0.79,2.05,98.6
exact_fare,311960,,,,,,,,6.5,trip_distance,0.01,0.7,0.4,0.98,37.66
exact_fare,298987,,,,,,,,12.1,trip_distance,0.01,1.57,0.83,2.2,6.4
exact_fare,276529,,,,,,,,12.8,trip_distance,0.01,1.68,0.88,2.38,23.71
exact_fare,255786,,,,,,,,13.5,trip_distance,0.01,1.8,0.93,2.53,21.45
exact_fare,249033,,,,,,,,5.8,trip_distance,0.01,0.59,0.35,0.81,20.36
exact_fare,241706,,,,,,,,14.2,trip_distance,0.01,1.9,0.97,2.7,20.79
exact_fare,239052,,,,,,,,70.0,trip_distance,0.01,17.81,14.38,21.29,79.57
exact_fare,213582,,,,,,,,14.9,trip_distance,0.01,2.01,1.02,2.89,22.78
exact_fare,195529,,,,,,,,15.6,trip_distance,0.01,2.12,1.08,3.05,32.68
exact_fare,176445,,,,,,,,16.3,trip_distance,0.01,2.25,1.11,3.23,14.99
exact_fare,165794,,,,,,,,5.1,trip_distance,0.01,0.48,0.28,0.68,7.9
exact_fare,160752,,,,,,,,17.0,trip_distance,0.01,2.37,1.17,3.42,18.0
exact_fare,145228,,,,,,,,17.7,trip_distance,0.01,2.5,1.21,3.61,10.7
exact_trip_distance,108985,,,,,,,,0.9,fare,0.01,8.6,6.5,16.3,376.75
exact_trip_distance,107887,,,,,,,,0.8,fare,0.01,7.9,5.8,15.14,165.4
exact_trip_distance,107638,,,,,,,,1.0,fare,0.01,9.01,6.5,17.19,299.0
exact_trip_distance,104821,,,,,,,,1.1,fare,2.5,9.3,7.2,17.5,140.0
exact_trip_distance,101230,,,,,,,,0.7,fare,0.01,7.2,5.8,14.2,123.26
exact_trip_distance,100440,,,,,,,,1.2,fare,0.01,10.0,7.9,18.4,200.0
exact_trip_distance,96322,,,,,,,,1.3,fare,0.01,10.7,7.9,19.1,300.0
exact_trip_distance,90797,,,,,,,,1.4,fare,1.5,11.4,8.6,19.8,120.0
exact_trip_distance,88998,,,,,,,,0.6,fare,0.01,6.5,5.1,13.5,129.79
exact_trip_distance,86539,,,,,,,,1.5,fare,0.01,12.1,8.6,20.5,110.0
exact_trip_distance,81355,,,,,,,,1.6,fare,1.5,12.1,9.3,21.25,119.0
exact_trip_distance,76786,,,,,,,,1.7,fare,0.01,12.8,10.0,22.19,140.0
exact_trip_distance,71034,,,,,,,,1.8,fare,0.01,13.5,10.0,23.08,249.0
exact_trip_distance,70158,,,,,,,,0.5,fare,0.01,5.8,4.4,12.511499999999941,275.0
exact_trip_distance,66443,,,,,,,,1.9,fare,3.0,14.2,10.7,23.818999999999942,199.9
exact_trip_distance,61743,,,,,,,,2.0,fare,0.01,14.2,10.7,24.53899999999994,102.34
exact_trip_distance,57596,,,,,,,,2.1,fare,0.01,14.9,11.4,25.2025,144.5
exact_trip_distance,54993,,,,,,,,0.01,fare,0.01,25.19,3.7,70.0,623.7
exact_trip_distance,52973,,,,,,,,2.2,fare,0.01,15.6,11.4,25.79399999999994,120.0
exact_trip_distance,49107,,,,,,,,2.3,fare,0.01,16.24,12.1,26.8,140.0
