source_row_index,pickup_timestamp,hour,price,distance,weather_code
1087,2026-01-01 00:30:51,0,3.0,0.01,1
1146,2026-01-01 00:37:52,0,3.0,0.01,1
1248,2026-01-01 00:40:14,0,3.0,0.01,1
2083,2026-01-01 00:14:19,0,3.0,0.01,1
2926,2026-01-01 00:27:46,0,70.0,0.01,1
4016,2026-01-01 00:59:08,0,40.0,0.01,1
4704,2026-01-01 00:40:39,0,3.7,0.01,1
8877,2026-01-01 01:27:28,1,26.5,0.01,3
9015,2026-01-01 01:11:27,1,24.45,0.01,3
9205,2026-01-01 01:53:54,1,70.0,0.01,3
9234,2026-01-01 01:38:08,1,3.7,0.01,3
9751,2026-01-01 02:10:25,2,16.0,0.01,3
12645,2026-01-01 02:56:40,2,70.0,0.01,3
12683,2026-01-01 02:17:20,2,3.0,0.01,3
13834,2026-01-01 03:07:08,3,3.0,0.01,3
13881,2026-01-01 03:40:14,3,22.0,0.01,3
14428,2026-01-01 03:10:52,3,10.0,0.01,3
14906,2026-01-01 03:51:21,3,40.0,0.01,3
15534,2026-01-01 03:05:47,3,80.0,0.01,3
15791,2026-01-01 03:16:36,3,70.0,0.01,3
16231,2026-01-01 04:29:27,4,3.0,0.01,3
16258,2026-01-01 04:58:37,4,3.0,0.01,3
17167,2026-01-01 04:20:43,4,20.0,0.01,3
17242,2026-01-01 04:55:37,4,80.0,0.01,3
17440,2026-01-01 04:52:00,4,3.0,0.01,3
17972,2026-01-01 05:19:20,5,95.0,0.01,3
18175,2026-01-01 05:09:25,5,3.0,0.01,3
18333,2026-01-01 05:24:52,5,40.0,0.01,3
18449,2026-01-01 05:36:30,5,60.0,0.01,3
20094,2026-01-01 08:06:45,8,84.0,0.01,3
20341,2026-01-01 08:03:44,8,3.0,0.01,3
20490,2026-01-01 08:26:32,8,50.0,0.01,3
21603,2026-01-01 09:31:54,9,85.0,0.01,3
23496,2026-01-01 10:00:20,10,40.0,0.01,3
28102,2026-01-01 12:14:44,12,85.69,0.01,15
28328,2026-01-01 12:53:46,12,3.0,0.01,15
28797,2026-01-01 12:34:09,12,3.7,0.01,15
28996,2026-01-01 12:27:39,12,65.0,0.01,15
30772,2026-01-01 13:52:22,13,24.0,0.01,3
32914,2026-01-01 14:16:58,14,3.0,0.01,5
35169,2026-01-01 14:39:40,14,3.0,0.01,5
35196,2026-01-01 14:26:59,14,80.0,0.01,5
35588,2026-01-01 14:16:09,14,30.0,0.01,5
35771,2026-01-01 14:33:42,14,67.0,0.01,5
38762,2026-01-01 15:07:00,15,70.0,0.01,1
39885,2026-01-01 15:36:23,15,84.0,0.01,1
40085,2026-01-01 15:01:34,15,60.0,0.01,1
40419,2026-01-01 15:38:11,15,115.0,0.01,1
43180,2026-01-01 16:20:05,16,3.0,0.01,1
43358,2026-01-01 16:51:28,16,23.0,0.01,1
43941,2026-01-01 16:52:14,16,3.0,0.01,1
44567,2026-01-01 16:14:33,16,87.0,0.01,1
45383,2026-01-01 17:11:07,17,4.4,0.01,1
48180,2026-01-01 17:15:59,17,3.0,0.01,1
48493,2026-01-01 18:26:29,18,3.0,0.01,2
48731,2026-01-01 18:42:47,18,6.5,0.01,2
52924,2026-01-01 19:02:42,19,32.0,0.01,1
53095,2026-01-01 19:24:41,19,3.0,0.01,1
54666,2026-01-01 19:06:50,19,55.0,0.01,1
54905,2026-01-01 19:52:01,19,3.0,0.01,1
57411,2026-01-01 20:46:20,20,49.0,0.01,1
62329,2026-01-01 22:22:50,22,87.21,0.01,1
63104,2026-01-01 23:48:58,23,14.67,0.01,1
63652,2026-01-01 23:16:53,23,3.0,0.01,1
65097,2026-01-02 00:08:51,0,70.0,0.01,1
65126,2026-01-02 00:08:07,0,3.0,0.01,1
65761,2026-01-02 02:44:13,2,27.5,0.01,1
66242,2026-01-02 03:55:25,3,35.0,0.01,1
66391,2026-01-02 04:55:38,4,25.0,0.01,3
67055,2026-01-02 06:16:15,6,3.0,0.01,3
67184,2026-01-02 06:08:38,6,125.0,0.01,3
68154,2026-01-02 07:12:37,7,84.0,0.01,3
68451,2026-01-02 07:24:56,7,70.0,0.01,3
70286,2026-01-02 08:56:59,8,68.0,0.01,3
72287,2026-01-02 09:27:52,9,3.0,0.01,3
73038,2026-01-02 09:55:31,9,3.0,0.01,3
73145,2026-01-02 09:56:50,9,3.0,0.01,3
73243,2026-01-02 09:19:45,9,3.0,0.01,3
73598,2026-01-02 09:53:21,9,75.0,0.01,3
73611,2026-01-02 09:49:32,9,70.0,0.01,3
73999,2026-01-02 10:42:45,10,3.0,0.01,3
76871,2026-01-02 10:58:58,10,3.0,0.01,3
77142,2026-01-02 10:54:25,10,99.0,0.01,3
77780,2026-01-02 11:24:28,11,3.0,0.01,3
87375,2026-01-02 13:41:42,13,3.0,0.01,3
89482,2026-01-02 13:49:25,13,83.0,0.01,3
90863,2026-01-02 13:31:21,13,3.0,0.01,3
90986,2026-01-02 13:59:46,13,64.0,0.01,3
91235,2026-01-02 13:02:46,13,90.0,0.01,3
91386,2026-01-02 13:24:15,13,45.0,0.01,3
91652,2026-01-02 14:13:19,14,3.0,0.01,3
92822,2026-01-02 14:43:39,14,35.0,0.01,3
94671,2026-01-02 14:28:44,14,3.7,0.01,3
96301,2026-01-02 14:02:58,14,70.0,0.01,3
96447,2026-01-02 14:02:39,14,3.0,0.01,3
98865,2026-01-02 15:12:02,15,3.0,0.01,3
100909,2026-01-02 15:39:19,15,4.4,0.01,3
100977,2026-01-02 15:18:55,15,28.0,0.01,3
104955,2026-01-02 16:53:03,16,3.7,0.01,3
106464,2026-01-02 16:49:56,16,3.0,0.01,3
