WeatherCode,hour,n_valid,mean_elasticity,std_elasticity,variance_elasticity
1,0,95857,1.0453830633456362,28.369041415631301,804.80251084180406
1,1,57138,1.1098936335256269,36.701588807977039,1347.0066210298255
1,2,35962,0.63088075419951695,27.939110868324882,780.59391611254955
1,3,23657,1.265665297213808,47.566761191300905,2262.5967702302501
1,4,19549,1.3947123612636108,35.522282276679931,1261.8325381441291
1,5,32073,1.276023120800365,42.845237926068378,1835.7144129414082
1,6,64967,1.0747202195025904,22.950531779360677,526.7269089554444
1,7,119329,1.1123837605932221,28.278264148220259,799.6602232365193
1,8,165769,1.3282662907490044,32.663126338864203,1066.8798222286043
1,9,165688,1.5552379308857505,25.304329152190483,640.3090738423972
1,10,154738,1.8508362054564842,19.186742968308678,368.13110573194251
1,11,143812,1.7101499382626695,32.759299111314093,1073.1716782645442
1,12,169540,1.7226187202363372,12.410218278775115,154.01351772684399
1,13,153917,1.6260347584625359,19.849217200599416,393.9914234765717
1,14,193383,1.5566774633128202,14.266744572424072,203.5400006947917
1,15,209387,1.561928298377087,18.903670638514743,357.3487636094444
1,16,189733,1.4322407033683189,21.078666411915268,444.31017770480491
1,17,187292,1.3778855326150392,23.811646754676669,566.99452116950397
1,18,170739,1.3283081406635684,18.336902934041404,336.24200921245625
1,19,149037,1.2402311321568094,24.066684670383012,579.20531102364862
1,20,169635,1.143449898352952,20.909658416259255,437.21381508464151
1,21,157395,1.0511247832155672,27.12871425041487,735.96713688066279
1,22,143199,1.0987047798183887,23.379175729507267,546.58585779118164
1,23,113775,0.97256625649575512,49.580383473178777,2458.2144253474594
2,0,43849,1.2706895957181212,51.303487690458624,2632.0478492050397
2,1,18481,0.9364211678293598,14.97554792516317,224.26703565885893
2,2,19503,0.60492294560340287,34.318124878285765,1177.7336951616164
2,3,5079,0.88688047499076228,11.509647384096782,132.4719829062459
2,4,8605,1.6785646405723376,48.485269488559375,2350.8213573782268
2,5,5737,0.59000526130048403,55.207867970778828,3047.9086858789469
2,6,12592,1.024324251871892,25.136625241544852,631.84992853386984
2,7,11754,1.0266626834769974,32.985007176134914,1088.0106984096717
2,8,17237,0.8968089818538505,29.87709070017636,892.6405487065648
2,9,21857,1.395124494773452,40.855314286449513,1669.1567054445657
2,10,31623,1.3718018729588708,12.925285328383136,167.06300082011637
2,11,36918,1.7811241746533939,14.93960662110837,223.19184599346502
2,12,10051,1.6778445684836771,11.212227813232369,125.71405253582151
2,13,42259,1.4900514035184893,14.407445951408242,207.57449884274973
2,14,45423,1.3509071728621636,17.32859505471065,300.28020657014241
2,15,53567,1.4058464457887208,7.986194818992387,63.779307686900843
2,16,56676,1.4641999986985748,24.712948448930771,610.72982103950983
2,17,78069,1.4334425304154952,19.963741467548601,398.55097338311958
2,18,70861,1.2836569298606328,22.014426891562259,484.63499136393955
2,19,52875,1.2186277514491173,33.326724220610267,1110.6705472766109
2,20,42249,1.1141952087645448,15.245868670717359,232.43651152476107
2,21,40093,1.1465826482104049,13.675927619032276,187.0309962410098
2,22,16563,1.0419608561111544,37.731150246559793,1423.639698928469
2,23,35206,1.1115735899785888,23.673055195891759,560.41354230773788
3,0,136910,1.0529159162751371,49.283098345155885,2428.8237824983066
3,1,107072,0.8597725883938816,28.989758380901307,840.40609098303753
3,2,72929,0.99931766821122825,31.416619373288594,987.00397284609221
3,3,58618,1.160745988411281,51.528370996246224,2655.173017526789
3,4,42316,1.215642322384815,55.409845898677268,3070.2510225151623
3,5,47127,1.1749655396983731,28.6690018903405,821.91166938834715
3,6,84302,1.1367688029806,49.461191878255264,2446.4095020175846
3,7,147709,1.1298617788737693,30.081085539849468,904.87170725574072
3,8,203320,1.2168046523655967,26.216344509698537,687.2967194512006
3,9,200669,1.4396058723671115,22.140635975849172,490.20776141506661
3,10,204650,1.5212189032039813,20.181254404952909,407.28302935743119
3,11,212205,1.347136125953416,76.359503371377969,5830.7737551234832
3,12,260003,1.4891347513666062,16.938933732237679,286.92747598513949
3,13,273335,1.5035956581329946,19.967187312339792,398.68856916606319
3,14,254847,1.4831776002478634,13.708280415744085,187.91695195667282
3,15,247760,1.3996490978742775,19.297694578046862,372.40101602757926
3,16,270776,1.4668505777983263,16.137705054725931,260.42552443332687
3,17,302112,1.3716919378541621,17.456262180107636,304.72108930065622
3,18,389082,1.353655118446063,23.252343601033996,540.67148294054664
3,19,366297,1.1439708613175401,41.224459744407078,1699.4560812182397
3,20,347720,1.0707219954799048,21.215929137365475,450.11564916171335
3,21,388116,1.0152482295838536,24.446856250314227,597.64878052352776
3,22,363584,1.1169278835643481,26.871498279425118,722.07741978114711
3,23,251383,1.0926842210195964,28.83323851960348,831.35564352834592
5,0,21334,0.92617831134918405,28.841610195276971,831.83847865630446
5,1,15360,1.1374481217617765,36.674716016888745,1345.0347949194359
5,2,807,0.55608823145610942,12.2379819322441,149.76820177393304
5,3,10365,0.50817004281335898,23.573934584608491,555.73039179940031
5,4,9085,1.0046540559788035,20.752764635779602,430.67724002806449
5,5,8371,1.9655602426427414,65.751719692973452,4323.2886425833531
5,6,14255,0.91816419187912734,51.251037445017829,2626.6688391906196
5,7,26514,0.99423808268179759,30.161571665916625,909.72040535822464
5,8,19575,1.5694587070314123,20.700484373942317,428.51005331583002
5,9,35318,1.3205971002679557,22.708074536550367,515.65664915752711
5,10,40527,1.3745135970308782,14.052904077671744,197.48411301624313
5,11,48553,1.6383749382581834,12.561186262025894,157.78340030930804
5,12,39720,1.3008934869520972,24.55082683734032,602.74309839706973
5,13,41767,1.4672208983966875,11.743148391646464,137.90153414822893
5,14,42290,1.3839433777983636,12.133836576388408,147.22999006250114
5,15,57502,1.4371785657882172,11.757805521328248,138.24599067737702
5,16,32103,1.4786294446647095,12.321517041376588,151.81978220093364
5,17,55841,2.0224583156971763,153.01317960581363,23413.033133080982
5,18,25136,1.203615382970773,8.3781733739781536,70.193789084436474
5,19,13180,1.1102387691511006,51.832121315840084,2686.5688000999639
5,20,26015,0.78818741929379388,20.835313154969917,434.1102742656625
5,21,9137,1.1431646872491985,18.297628928470399,334.80322440399681
5,22,17112,1.0177131386857154,25.098871105053956,629.95333074811242
5,23,12847,1.1172301323925424,16.223512240572617,263.20234942000957
7,0,1051,0.77531403421884804,9.2012441547477213,84.662893995279106
7,1,747,0.88046919415311475,11.103699120010802,123.29213414772866
7,2,1158,1.114887212351177,13.680562064917948,187.15777841207205
7,3,365,2.0349270081057456,7.579412926758164,57.447500314308755
7,4,1141,1.4002246773893285,7.3303867330983463,53.734569656784245
7,6,4878,0.99645205435857021,9.1896956457274523,84.450506061102104
7,8,5838,1.382885138078402,6.9883566538021382,48.837128720740616
7,10,9971,1.098398445008022,23.319640764422296,543.80564538170609
7,11,11353,1.3205135075012313,37.343610947617691,1394.5452786070318
7,12,5833,1.5966321328316329,9.5308805245042798,90.837683572374971
7,14,8515,1.641603726932952,10.02349049994222,100.47036180243194
7,15,10579,1.2582223117815674,10.745389707756617,115.46339997156184
7,16,6892,1.4685751050711087,4.5426627138991291,20.635784532249399
7,19,9823,0.53567131086402775,52.784873643746444,2786.2428855862781
7,21,8687,1.0140720311076403,6.9036508061702238,47.660394453534778
7,22,6639,0.95838101124643005,7.7224121538560917,59.635649474024284
8,0,14421,0.8927668554939947,20.192698268287252,407.74506335409097
8,1,978,1.0009696949926883,13.449778451221661,180.89654038694655
8,2,5155,0.69259164581540122,36.510644724696704,1333.0271782130233
8,3,6361,1.3603147664692699,34.899001523139916,1217.9403073121221
8,4,2463,0.92039285549457561,13.331528229534607,177.72964493487814
8,6,2326,1.1845459464046031,7.5202194506718847,56.553700586263744
8,7,25151,1.0154001860779152,25.604094983608906,655.56967992966679
8,8,12292,1.6575831975369655,24.223204154737232,586.76361952207913
8,9,10663,1.375046360588148,13.038678832109465,170.00714568689943
8,13,18437,1.561199624368516,8.7291176968691548,76.197495765794258
8,14,14207,1.5390674723658446,13.151125756020727,172.95210865067173
8,15,17036,1.4947117391066447,15.042788722779758,226.28549255818984
8,16,3628,1.236974230265159,16.501210178126499,272.28993734270557
8,17,11290,1.0774261498546296,22.450325072883231,504.01709587812945
8,18,18540,1.2414603230782115,22.525501650887477,507.39822462413446
8,19,19235,1.2781485738327039,36.273494459233291,1315.7664002840284
8,20,9975,1.2915839631278165,28.837160681133838,831.58183614953145
8,21,12438,1.1408117455312645,16.056870770982968,257.8230989560472
8,22,6028,0.77777418476306548,29.882490588245382,892.96324375657389
8,23,6912,0.79915111761871893,17.580653415139896,309.07937450327006
9,0,7423,1.1498894458300966,30.817704624716249,949.73091833625733
9,1,11434,0.79085840412617647,54.748323510789795,2997.3789272420986
9,2,4134,0.92284357040621579,20.629856403366144,425.59097522350709
9,4,1393,2.4355624453960933,82.655633885211586,6831.9538129661378
9,5,3436,1.5810946576493106,11.293393697376242,127.54074120393743
9,6,2477,0.82736242610752364,17.558075689202038,308.28602190774762
9,8,18417,1.2437127393036713,20.066180184155204,402.65158718298301
9,9,5976,1.5528180194197116,35.69812414076484,1274.3560671694574
9,10,10431,1.5231415201667649,8.6573756350414275,74.950152886208954
9,11,10902,1.6800276514268067,7.805080680322912,60.919284426349968
9,12,18355,1.4958375586376376,20.795454434990127,432.45092515775053
9,13,6187,1.6485116753755533,5.3824899966986592,28.971198564561131
9,14,7560,1.2783041082215234,13.168039362962915,173.39726066454077
9,15,14573,1.6323137154834673,11.226781505989653,126.0406229832313
9,16,16737,1.4161502243344639,9.7041977094076266,94.17145318327222
9,17,9708,1.1845082583821602,59.934551468920709,3592.1504597807057
9,19,7508,1.0348834259315534,12.727104233070735,161.97918215944702
9,20,20901,1.2165807977255716,13.833074057093118,191.35393786902264
9,21,17017,0.78899311950939355,18.346986242300105,336.61190417514933
9,22,8325,1.1448036576023568,11.038555575727436,121.84970919842327
9,23,11516,0.88022920336391763,50.185322216364341,2518.5665659603123
12,0,5055,0.24303524716506514,56.52031918947084,3194.5464812796658
12,1,2521,0.73810165463443123,37.565182575925633,1411.1429419626268
12,3,839,1.3642848364903624,9.1296684572110482,83.350846138594363
12,4,1265,4.7695202019329308,92.082596583768932,8479.2045936091345
12,12,6725,1.5430711408312325,7.9558209058620681,63.295086286151935
12,14,6069,1.6334814867802752,6.7587471380504791,45.680662876105544
12,16,6655,2.3053424896821131,89.484001436267889,8007.3865130459935
12,17,15763,1.2590533017642405,12.294687726757232,151.1593462984749
12,18,20730,0.95345652951115689,24.143211942435588,582.89468289736442
12,19,18165,1.3446849980822544,17.711590261227272,313.70042958160076
12,20,21907,0.86158247447745862,23.295353715069748,542.67350471021393
12,21,5484,1.205594332020979,12.941164231638904,167.47373167025015
12,22,21726,0.94271779323949534,21.672374449197452,469.69181426622657
12,23,13703,0.89340750320916007,70.397800728730886,4955.8503474421032
13,2,365,1.0582899147102709,10.612832788888579,112.63221980490853
13,3,259,0.67891399845734934,12.091255057098808,146.1984488558175
13,19,7318,1.1282593618976602,22.650141107165407,513.02889217450411
13,20,2634,0.91353885043931005,31.447361670665966,988.93655604567095
13,21,10386,1.3694989819457051,43.039777734698887,1852.422467452282
13,22,1073,1.7429841474149348,9.5900152256109017,91.968392027448914
14,1,5672,0.52032659360725753,11.242268117825324,126.38859243307175
14,2,4116,0.82595310965213409,11.640503624301974,135.50132462738739
14,3,3876,1.2689263840270633,30.85346504754807,951.93630544027042
14,4,2721,0.87207476877572976,46.854850411405472,2195.3770070751834
14,5,1316,2.0758445768296205,28.450079565887076,809.40702730530541
14,6,3336,1.0122438252368742,15.21612184559735,231.53036402006489
14,7,1884,1.2902782611641219,10.134030336465253,102.69857086039805
14,9,10180,1.4908999813298174,19.307596640476191,372.78328803132752
14,10,8066,1.2045035103217143,7.6847056575972648,59.054701043907407
14,11,16514,1.2723400253981139,9.3855823521871837,88.089156089687506
14,14,6123,1.6105020946860691,18.749191806833963,351.5321934094498
14,16,7267,1.3267937486199624,15.713069466344729,246.90055205417502
14,20,2637,0.23286694197153723,56.502257063379524,3192.5050532562213
14,21,2066,1.8426543348207634,35.76978595676885,1279.477587393058
15,1,342,1.2298671652633906,4.2425139399791849,17.998924530917709
15,2,1267,1.4832049091288646,24.971455880385825,623.57360878605584
15,3,259,5.8949076016432125,106.66267780252342,11376.926836004923
15,5,902,-1.7923768401013491,99.00788212716995,9802.5607233075789
15,6,1527,1.0828085992062462,9.339816850383297,87.232178798703771
15,7,1929,1.1669361533014673,6.5021471439579628,42.277917481680696
15,8,2527,1.0330151638181406,8.1833079450503021,66.966528923523398
15,9,7407,0.91227332770836345,8.2817474424310156,68.587340700212664
15,10,448,1.6876231224320768,8.8138279747660011,77.683563568767752
15,11,5572,2.0314803122926026,9.4159862666135634,88.660797373055232
15,12,19169,0.93062380960284052,32.767339292476485,1073.6985243082734
15,13,14578,1.4953799656470994,20.558924180179833,422.66936344638304
15,14,9884,0.74834910178186431,39.614549541992638,1569.312535414989
15,15,9861,1.4446359201907706,9.0059858058034514,81.107780334333242
15,16,9022,1.4328251458316852,10.368464026918467,107.50504627750232
15,17,10000,1.1040371942149865,19.324334623354641,373.42990863538296
15,18,7469,1.3561611708970662,8.1806496189511382,66.923028188045407
15,19,2084,0.88918549620624565,11.509768031527017,132.47476013956131
15,21,1461,1.0510811514130312,13.203696262730203,174.33759499843552
15,23,855,2.183750784684686,15.875446496436979,252.02980146123315
16,0,1238,-3.7506679546494781,123.97531131375401,15369.877815342223
16,1,341,2.2720247885319034,10.995525653928748,120.90158440620523
16,2,209,2.2409713787287249,12.959454817844566,167.94746917575475
16,3,126,1.0410350838280769,7.4368066153690133,55.306092634396322
16,4,575,1.5215047953963647,5.5669567205781618,30.991007128790361
16,8,393,2.3004190800376696,9.0707579666270775,82.27865008912859
16,9,413,0.24978852379856281,14.968513988237204,224.05641101605283
16,15,1617,3.8819853140988649,62.962068675089043,3964.2220918466287
16,16,1601,0.097884193212293913,62.964464322630874,3964.5237674358564
16,18,3352,-0.3220647035339822,71.438870568592122,5103.5122281160575
16,19,1490,2.6105552414117628,87.34499829849473,7629.1487277640472
16,20,1455,-1.1039091785541533,70.651503709740197,4991.6349764474326
16,21,1260,-1.2495038152264735,91.576421116331616,8386.2409044757078
16,22,1375,0.58664896144468259,132.79928104148718,17635.649045135895
16,23,1111,4.8325518044560898,65.763809962447127,4324.8787007768597
17,4,660,3.2769966057952042,45.891854102093426,2106.0622729278293
17,7,4358,1.4434156867992436,8.0372129195128874,64.596791513584876
21,11,4186,1.0303857918651651,12.627201460165763,159.44621671561237
