pickup_timestamp,WeatherCode,hour,fare,trip_distance,P_base,L_base,delta_P,delta_L,epsilon,fare_per_mile,distance_rank,abs_epsilon
2026-03-09 14:28:00,1,14,21.390000000000001,288381.67999999999,21.351866450514009,6.4543849058934528,0.0017859585987188079,44678.963188541908,25016796.705474153,7.4172534122139808e-05,3,25016796.705474153
2026-01-30 22:54:00,1,22,21.420000000000002,101071.17999999999,21.351866450514009,6.4543849058934528,0.0031909879936679758,15658.304716660547,4907039.6841768259,0.00021192984983454239,154,4907039.6841768259
2026-02-03 06:52:00,1,6,21.649999999999999,192007.26999999999,21.351866450514009,6.4543849058934528,0.013962880021611042,29747.345163716454,2130459.1257444751,0.00011275614720213459,23,2130459.1257444751
2026-01-05 19:07:00,3,19,21.07,160979.64000000001,21.351866450514009,6.4543849058934528,-0.013201021614071762,24940.127984637336,-1889257.4161118071,0.00013088611702697308,47,1889257.4161118071
2026-02-27 22:29:00,1,22,21.5,67362.910000000003,21.351866450514009,6.4543849058934528,0.0069377330468655355,10435.766784467936,1504204.1418965827,0.00031916673433496264,229,1504204.1418965827
2026-03-10 19:43:00,1,19,20.870000000000001,183495.35000000001,21.351866450514009,6.4543849058934528,-0.022567884247065826,28428.564191694193,-1259691.1558242482,0.00011373585216192128,28,1259691.1558242482
2026-01-23 03:58:00,3,3,20.899999999999999,146814.32999999999,21.351866450514009,6.4543849058934528,-0.021162854852116827,22745.447901789197,-1074781.6426815435,0.00014235667594573363,57,1074781.6426815435
2026-01-08 22:12:00,1,22,21,98518.690000000002,21.351866450514009,6.4543849058934528,-0.016479423535619708,15262.838682760193,-926175.5212353206,0.00021315752371453577,168,926175.5212353206
2026-02-25 07:39:00,3,7,22.129999999999999,197869.5,21.351866450514009,6.4543849058934528,0.036443350340796897,30655.600572322044,841185.0251321242,0.00011184139041135697,17,841185.0251321242
2026-03-18 19:51:00,3,19,21.079999999999998,60451.57,21.351866450514009,6.4543849058934528,-0.01273267848242215,9364.9691638163858,-735506.60819284886,0.0003487088920932905,230,735506.60819284886
2026-01-17 10:40:00,3,10,22.75,236183.06,21.351866450514009,6.4543849058934528,0.065480624503078649,36591.651886060114,558816.47683949186,9.6323588999143288e-05,9,558816.47683949186
2026-02-01 13:38:00,3,13,20.59,126632.58,21.351866450514009,6.4543849058934528,-0.03568149193325762,19618.620125904283,-549826.2281913826,0.0001625963871224925,89,549826.2281913826
2026-02-21 22:38:00,3,22,22.210000000000001,121998.31,21.351866450514009,6.4543849058934528,0.040190095393994624,18900.616773521549,470280.46557823697,0.00018205170219161233,102,470280.46557823697
2026-03-19 20:01:00,3,20,19.93,187105.07000000001,21.351866450514009,6.4543849058934528,-0.066592138622138142,28987.830497102164,-435304.09289881767,0.00010651769083542204,25,435304.09289881767
2026-03-11 13:30:00,3,13,22.190000000000001,90661.300000000003,21.351866450514009,6.4543849058934528,0.039253409130695235,14045.466289486054,357815.19619662367,0.00024475713452156545,184,357815.19619662367
2026-01-27 12:53:00,1,12,20.300000000000001,106861.86,21.351866450514009,6.4543849058934528,-0.049263442751099021,16555.474638261068,-336060.04196472303,0.00018996487614945126,133,336060.04196472303
2026-02-20 11:18:00,3,11,20.199999999999999,107837.75,21.351866450514009,6.4543849058934528,-0.053946874067596136,16706.672624471794,-309687.50114303408,0.00018731844831703184,130,309687.50114303408
2026-01-16 08:35:00,1,8,23.010000000000002,153394.69,21.351866450514009,6.4543849058934528,0.077657545925971044,23764.96565536964,306022.6198497719,0.00015000519248743225,50,306022.6198497719
2026-02-06 22:39:00,3,22,20.190000000000001,103469.75,21.351866450514009,6.4543849058934528,-0.054415217199245747,16029.92339682477,-294585.30576345767,0.00019512949436912723,146,294585.30576345767
2026-03-26 06:57:00,3,6,20.91,36189.120000000003,21.351866450514009,6.4543849058934528,-0.020694511720467046,5605.9045350790866,-270888.4660242938,0.00057779796800806423,264,270888.4660242938
2026-03-17 19:22:00,3,19,22.620000000000001,102839.13,21.351866450514009,6.4543849058934528,0.059392163791632528,15932.219276417545,268254.5686045902,0.00021995518631867073,149,268254.5686045902
2026-02-26 09:12:00,1,9,20.309999999999999,77648.029999999999,21.351866450514009,6.4543849058934528,-0.04879509961944941,12029.275716761194,-246526.30716151674,0.000261564910275251,219,246526.30716151674
2026-03-16 08:45:00,9,8,24.079999999999998,199688.67999999999,21.351866450514009,6.4543849058934528,0.12777026101248931,30937.452371761356,242133.43642412435,0.00012058770682444292,16,242133.43642412435
2026-03-31 04:56:00,3,4,20.190000000000001,82880.509999999995,21.351866450514009,6.4543849058934528,-0.054415217199245747,12839.961797044733,-235962.70414634509,0.00024360371334587592,207,235962.70414634509
2026-03-20 22:48:00,3,22,23.719999999999999,166887.07999999999,21.351866450514009,6.4543849058934528,0.11090990827309997,25855.387933669183,233120.63219819768,0.00014213203322869573,41,233120.63219819768
2026-02-15 13:46:00,3,13,23.870000000000001,170941.09,21.351866450514009,6.4543849058934528,0.11793505524784564,26483.489613241829,224559.9457903812,0.00013963874923226475,38,224559.9457903812
2026-01-11 11:47:00,3,11,19.690000000000001,100567.63,21.351866450514009,6.4543849058934528,-0.077832373781730996,15580.28798736072,-200177.47410676768,0.00019578864491486973,157,200177.47410676768
2026-03-21 18:09:00,1,18,22.329999999999998,54935.900000000001,21.351866450514009,6.4543849058934528,0.045810212973790961,8510.4074851405949,185775.33114743623,0.00040647372665233479,237,185775.33114743623
2026-01-17 00:18:00,2,0,19.77,86500.580000000002,21.351866450514009,6.4543849058934528,-0.074085628728533429,13400.831663466017,-180883.01190733913,0.0002285533807981403,197,180883.01190733913
2026-01-18 10:15:00,3,10,19.219999999999999,108930.72,21.351866450514009,6.4543849058934528,-0.099844500969267239,16876.01021681185,-169022.93118783168,0.0001764424213848949,122,169022.93118783168
2026-01-08 12:39:00,1,12,19.210000000000001,107969.2,21.351866450514009,6.4543849058934528,-0.10031284410091684,16727.038624008012,-166748.72269776597,0.0001779211108353123,129,166748.72269776597
2026-03-28 20:13:00,3,20,17.149999999999999,208321.67999999999,21.351866450514009,6.4543849058934528,-0.19679152922075616,32274.992683637902,-164006.00580440921,8.2324604909100193e-05,12,164006.00580440921
2026-02-26 02:43:00,1,2,19.559999999999999,88736.410000000003,21.351866450514009,6.4543849058934528,-0.083920834493177277,13747.236477030587,-163811.96111852571,0.00022042811964108079,191,163811.96111852571
2026-01-15 02:03:00,3,2,23.52,103770.03,21.351866450514009,6.4543849058934528,0.10154304564010591,16076.446807556878,158321.49514734716,0.0002266550371046438,145,158321.49514734716
2026-01-27 22:58:00,3,22,18.780000000000001,119355.41,21.351866450514009,6.4543849058934528,-0.12045159876185414,18491.143208102978,-153515.13303415733,0.00015734519281530683,108,153515.13303415733
2026-02-21 02:18:00,3,2,24.02,120630.81,21.351866450514009,6.4543849058934528,0.12496020222259115,18688.745306303761,149557.5789243168,0.0001991199429067914,106,149557.5789243168
2026-03-24 21:51:00,1,21,25.98,200520.75,21.351866450514009,6.4543849058934528,0.21675545602593335,31066.367831891454,143324.50219003746,0.00012956265124681611,13,143324.50219003746
2026-01-05 09:45:00,1,9,23.960000000000001,106775.94,21.351866450514009,6.4543849058934528,0.12215014343269298,16542.16275784911,135424.83285714808,0.0002243951212230021,134,135424.83285714808
2026-03-04 07:30:00,8,7,23.280000000000001,75748.889999999999,21.351866450514009,6.4543849058934528,0.090302810480513057,11735.035440160103,129952.05107921278,0.00030733123614088602,224,129952.05107921278
2026-02-20 08:00:00,3,8,15.07,240830.73999999999,21.351866450514009,6.4543849058934528,-0.29420690060389471,37311.732895755747,-126821.40636120013,6.2575068282396179e-05,5,126821.40636120013
2026-03-16 14:34:00,5,14,24.199999999999999,108834.33,21.351866450514009,6.4543849058934528,0.13339037859228584,16861.076183374833,126403.9907624187,0.00022235630981511071,124,126403.9907624187
2026-01-13 13:46:00,1,13,18.239999999999998,116656.85000000001,21.351866450514009,6.4543849058934528,-0.14574212787093835,18073.046047901709,-124007.01370235419,0.00015635601338455477,114,124007.01370235419
2026-01-11 07:25:00,3,7,24.210000000000001,106608.24000000001,21.351866450514009,6.4543849058934528,0.13385872172393559,16516.180421430519,123385.16466258188,0.00022709314026758156,137,123385.16466258188
2026-03-28 23:33:00,3,23,26.210000000000001,173660.98999999999,21.351866450514009,6.4543849058934528,0.22752734805387659,26904.893052865715,118249.05130303219,0.00015092623852944753,33,118249.05130303219
2026-03-15 03:15:00,3,3,17.59,134279.51999999999,21.351866450514009,6.4543849058934528,-0.17618443142816909,20803.386778574411,-118077.32732080821,0.00013099540421353904,76,118077.32732080821
2026-03-01 16:29:00,3,16,17.93,121666.5,21.351866450514009,6.4543849058934528,-0.16026076495207914,18849.20831170251,-117615.86385375587,0.00014737006489049984,103,117615.86385375587
2026-01-02 07:07:00,3,7,27.609999999999999,221436.73000000001,21.351866450514009,6.4543849058934528,0.29309538648483519,34306.952380994153,117050.4687652912,0.00012468572851486741,11,117050.4687652912
2026-03-19 20:06:00,3,20,15.93,183605.04999999999,21.351866450514009,6.4543849058934528,-0.25392939128202013,28445.560389100985,-112021.53577215745,8.6762319446006533e-05,27,112021.53577215745
2026-02-20 11:40:00,3,11,31.109999999999999,328522.20000000001,21.351866450514009,6.4543849058934528,0.4570154825622319,50898.071683814327,111370.56319942842,9.4696796746155965e-05,1,111370.56319942842
2026-03-18 08:33:00,1,8,18.190000000000001,104481.35000000001,21.351866450514009,6.4543849058934528,-0.14808384352918672,16186.654055865001,-109307.3604121754,0.00017409805673452726,142,109307.3604121754
2026-03-13 09:18:00,1,9,26.510000000000002,166294.85000000001,21.351866450514009,6.4543849058934528,0.24157764200336776,25763.631707687182,106647.41775784043,0.00015941564035206141,42,106647.41775784043
2026-02-28 19:14:00,3,19,24.239999999999998,92400.470000000001,21.351866450514009,6.4543849058934528,0.13526375111888461,14314.921865092023,105829.697510832,0.0002623363279429206,182,105829.697510832
2026-02-02 00:13:00,3,0,18.59,87996.020000000004,21.351866450514009,6.4543849058934528,-0.12935011826319859,13632.525313876378,-105392.44568866366,0.00021125955469349634,193,105392.44568866366
2026-01-17 15:12:00,3,15,25.18,121092.53999999999,21.351866450514009,6.4543849058934528,0.17928800549395693,18760.282719509221,104637.68988796941,0.00020794014230769296,105,104637.68988796941
2026-01-21 16:31:00,3,16,13.58,236216.69,21.351866450514009,6.4543849058934528,-0.36399002721970075,36596.862297352644,-100543.58515504916,5.7489587209100251e-05,8,100543.58515504916
2026-01-07 21:25:00,3,21,17.199999999999999,125373.66,21.351866450514009,6.4543849058934528,-0.1944498135625076,19423.571330650298,-99889.894337216334,0.00013718990097281997,93,99889.894337216334
2026-02-22 18:03:00,12,18,17.73,108643.50999999999,21.351866450514009,6.4543849058934528,-0.16962762758507319,16831.511786026022,-99226.24059329326,0.00016319428560435871,125,99226.24059329326
2026-01-28 01:08:00,2,1,12.19,269097.47999999998,21.351866450514009,6.4543849058934528,-0.42908972251900973,41691.195913864547,-97161.954075974223,4.5299569509160772e-05,4,97161.954075974223
2026-02-28 17:06:00,5,17,14.84,190858.87,21.351866450514009,6.4543849058934528,-0.30497879263183791,29569.419611282883,-96955.658313521752,7.775378739274733e-05,24,96955.658313521752
2026-02-14 20:51:00,1,20,26.329999999999998,141378.5,21.351866450514009,6.4543849058934528,0.23314746563367292,21903.256108263438,93945.932668547117,0.00018623765282557107,68,93945.932668547117
2026-01-13 20:46:00,1,20,15,176264.12,21.351866450514009,6.4543849058934528,-0.29748530252544264,27308.204915723956,-91796.820494647473,8.5099565356806597e-05,32,91796.820494647473
2026-03-09 21:45:00,1,21,25.920000000000002,123757.00999999999,21.351866450514009,6.4543849058934528,0.21394539723603517,19173.098199039592,89616.782818126623,0.00020944268126710561,96,89616.782818126623
2026-03-21 00:50:00,8,0,28.780000000000001,200042.67999999999,21.351866450514009,6.4543849058934528,0.34789153288785074,30992.298806419563,89086.096891040186,0.00014386929829174455,15,89086.096891040186
2026-02-15 02:13:00,1,2,27.210000000000001,152745.79000000001,21.351866450514009,6.4543849058934528,0.27436166121884709,23664.429351839386,86252.682851935489,0.00017813911597825381,52,86252.682851935489
2026-02-19 06:29:00,5,6,17.899999999999999,89019.639999999999,21.351866450514009,6.4543849058934528,-0.1616657943470283,13791.118272760088,-85306.346518524326,0.00020107922251763767,188,85306.346518524326
2026-03-16 08:07:00,9,8,22.879999999999999,37562.589999999997,21.351866450514009,6.4543849058934528,0.071569085214524764,5818.7009548813658,81301.876884972051,0.00060911667699165581,256,81301.876884972051
2026-03-06 16:18:00,3,16,16.129999999999999,125907.39,21.351866450514009,6.4543849058934528,-0.24456252864902606,19506.263950904889,-79759.822809562582,0.00012811003389078272,90,79759.822809562582
2026-03-04 06:29:00,7,6,27.760000000000002,152915.63,21.351866450514009,6.4543849058934528,0.3001205334595809,23690.743245800826,78937.428814717889,0.00018153801544027907,51,78937.428814717889
2026-01-26 21:00:00,2,21,15.19,146578.06,21.351866450514009,6.4543849058934528,-0.28858678302409829,22708.841779990624,-78689.81920109049,0.00010363078894617653,58,78689.81920109049
2026-03-11 07:53:00,1,7,22.969999999999999,37140.830000000002,21.351866450514009,6.4543849058934528,0.075784173399372101,5753.3562309224817,75917.648406654655,0.00061845683039393566,258,75917.648406654655
2026-02-26 20:06:00,3,20,29.960000000000001,196820.95999999999,21.351866450514009,6.4543849058934528,0.40315602242251591,30493.146672331884,75636.093661958075,0.00015221956035576701,19,75636.093661958075
2026-01-02 21:31:00,3,21,31.210000000000001,221544.91,21.351866450514009,6.4543849058934528,0.46169891387872902,34323.713079585468,74342.200182435379,0.00014087437170188204,10,74342.200182435379
2026-02-05 06:28:00,2,6,25.890000000000001,101774.45,21.351866450514009,6.4543849058934528,0.21254036784108601,15767.264750847206,74184.800332312443,0.00025438604679268718,150,74184.800332312443
2026-03-06 05:17:00,9,5,29.18,173146.70000000001,21.351866450514009,6.4543849058934528,0.3666252581538389,26825.212338514393,73167.933037658629,0.00016852761271222608,34,73167.933037658629
2026-03-22 12:28:00,3,12,26.199999999999999,106332.78,21.351866450514009,6.4543849058934528,0.2270590049222268,16473.502458461735,72551.636805174523,0.00024639626651348719,138,72551.636805174523
2026-03-13 22:15:00,3,22,25.190000000000001,84126.289999999994,21.351866450514009,6.4543849058934528,0.17975634862560672,13032.974767012249,72503.557546983182,0.00029943077247314724,202,72503.557546983182
2026-02-10 07:54:00,3,7,29.190000000000001,165025.22,21.351866450514009,6.4543849058934528,0.36709360128548868,25566.923575384641,69646.878850119872,0.00017688205475502471,44,69646.878850119872
2026-02-11 07:49:00,3,7,16.530000000000001,100679.8,21.351866450514009,6.4543849058934528,-0.22582880338303774,15597.666870342671,-69068.545007019376,0.00016418387799737387,155,69068.545007019376
2026-01-07 17:51:00,3,17,12.18,184908.32999999999,21.351866450514009,6.4543849058934528,-0.42955806565065946,28647.482031364678,-66690.592779283077,6.5870477549605252e-05,26,66690.592779283077
2026-01-19 18:08:00,1,18,23.030000000000001,33761.529999999999,21.351866450514009,6.4543849058934528,0.078594232189270433,5229.7896867403415,66541.647409265031,0.00068213733204626687,268,66541.647409265031
2026-03-24 15:13:00,1,15,24.190000000000001,55244.43,21.351866450514009,6.4543849058934528,0.13292203546063622,8558.2090966804153,64385.179379944566,0.00043787219815644764,236,64385.179379944566
2026-01-14 06:05:00,3,6,13.58,149596.92999999999,21.351866450514009,6.4543849058934528,-0.36399002721970075,23176.565667551698,-63673.628216089979,9.0777263945189261e-05,54,63673.628216089979
2026-02-04 12:12:00,3,12,28.98,144705.91,21.351866450514009,6.4543849058934528,0.35725839552084482,22418.783156698646,62752.292004263298,0.00020026825442029286,62,62752.292004263298
2026-02-25 17:22:00,3,17,14.699999999999999,124551.14999999999,21.351866450514009,6.4543849058934528,-0.31153559647493384,19296.137034122836,-61938.78726046448,0.00011802379986053923,95,61938.78726046448
2026-01-17 15:04:00,3,15,17.219999999999999,75501.759999999995,21.351866450514009,6.4543849058934528,-0.19351312729920822,11696.746741298288,-60444.202956902685,0.00022807415350317663,225,60444.202956902685
2026-03-06 08:56:00,8,8,15.18,112611.06,21.351866450514009,6.4543849058934528,-0.28905512615574797,17446.217921133837,-60356.023271953702,0.00013480025851812425,119,60356.023271953702
2026-03-30 10:55:00,1,10,25.879999999999999,81917.860000000001,21.351866450514009,6.4543849058934528,0.21207202470943623,12690.815129463597,59842.004841758433,0.00031592622170549864,208,59842.004841758433
2026-01-16 07:41:00,1,7,15.44,104197.27,21.351866450514009,6.4543849058934528,-0.27687820473285568,16142.640566718947,-58302.315930912941,0.00014818046576460208,143,58302.315930912941
2026-03-14 17:49:00,2,17,31.600000000000001,179186.51999999999,21.351866450514009,6.4543849058934528,0.47996429601306756,27760.982375173513,57839.68225506859,0.00017635255152005855,30,57839.68225506859
2026-02-16 11:18:00,14,11,20.190000000000001,20184.369999999999,21.351866450514009,6.4543849058934528,-0.054415217199245747,3126.2337014747595,-57451.460499143104,0.0010002789286958178,290,57451.460499143104
2026-03-26 09:00:00,3,9,25.98,79557.720000000001,21.351866450514009,6.4543849058934528,0.21675545602593335,12325.150541061847,56862.008306666219,0.00032655536131503016,214,56862.008306666219
2026-01-25 18:17:00,16,18,17.859999999999999,59989.540000000001,21.351866450514009,6.4543849058934528,-0.16353916687362707,9293.3852705815516,-56826.663901026863,0.00029771856893718473,231,56826.663901026863
2026-03-18 21:15:00,3,21,33.100000000000001,200113.59,21.351866450514009,6.4543849058934528,0.55021576576052333,31003.28513602864,56347.504134446324,0.0001654060576295693,14,56347.504134446324
2026-03-20 08:03:00,3,8,17.140000000000001,71554.419999999998,21.351866450514009,6.4543849058934528,-0.19725987235240577,11085.171810835787,-56195.777066265517,0.00023953796285400679,227,56195.777066265517
2026-02-26 21:13:00,3,21,12.48,146969.23999999999,21.351866450514009,6.4543849058934528,-0.41550777170116826,22769.448639622256,-54799.092075702414,8.4915727944160296e-05,56,54799.092075702414
2026-03-06 07:40:00,8,7,29.239999999999998,127867.98,21.351866450514009,6.4543849058934528,0.36943531694373705,19810.024886855546,53622.444791526264,0.00022867335512768717,86,53622.444791526264
2026-01-08 08:18:00,1,8,30.289999999999999,144477.69,21.351866450514009,6.4543849058934528,0.41861134576695608,22383.424249021537,53470.658345420357,0.00020965174623154619,63,53470.658345420357
2026-01-19 02:11:00,15,2,15.050000000000001,101485.71000000001,21.351866450514009,6.4543849058934528,-0.29514358686719411,15722.529271911584,-53270.780635278577,0.00014829674049676551,151,53270.780635278577
2026-01-17 10:39:00,3,10,33.590000000000003,196490.48000000001,21.351866450514009,6.4543849058934528,0.57316457921135888,30441.944271976397,53112.047352721522,0.00017094975797300716,20,53112.047352721522
2026-01-24 13:50:00,3,13,15.19,98090.130000000005,21.351866450514009,6.4543849058934528,-0.28858678302409829,15196.440411468891,-52658.130258861929,0.00015485757843322257,170,52658.130258861929
