random_state,WeatherCode,aligned_class,official_class,changed,inertia
0,1,1,1,False,2.7720572335436149
0,2,1,1,False,2.7720572335436149
0,3,1,1,False,2.7720572335436149
0,5,2,2,False,2.7720572335436149
0,7,3,3,False,2.7720572335436149
0,8,2,2,False,2.7720572335436149
0,9,1,1,False,2.7720572335436149
0,12,1,1,False,2.7720572335436149
0,13,1,1,False,2.7720572335436149
0,14,1,1,False,2.7720572335436149
0,15,2,2,False,2.7720572335436149
0,16,3,3,False,2.7720572335436149
0,17,1,1,False,2.7720572335436149
0,21,1,1,False,2.7720572335436149
1,1,1,1,False,2.7859355558865051
1,2,1,1,False,2.7859355558865051
1,3,1,1,False,2.7859355558865051
1,5,1,2,True,2.7859355558865051
1,7,2,3,True,2.7859355558865051
1,8,1,2,True,2.7859355558865051
1,9,1,1,False,2.7859355558865051
1,12,1,1,False,2.7859355558865051
1,13,1,1,False,2.7859355558865051
1,14,1,1,False,2.7859355558865051
1,15,1,2,True,2.7859355558865051
1,16,3,3,False,2.7859355558865051
1,17,1,1,False,2.7859355558865051
1,21,1,1,False,2.7859355558865051
2,1,1,1,False,2.7720572335436149
2,2,1,1,False,2.7720572335436149
2,3,1,1,False,2.7720572335436149
2,5,2,2,False,2.7720572335436149
2,7,3,3,False,2.7720572335436149
2,8,2,2,False,2.7720572335436149
2,9,1,1,False,2.7720572335436149
2,12,1,1,False,2.7720572335436149
2,13,1,1,False,2.7720572335436149
2,14,1,1,False,2.7720572335436149
2,15,2,2,False,2.7720572335436149
2,16,3,3,False,2.7720572335436149
2,17,1,1,False,2.7720572335436149
2,21,1,1,False,2.7720572335436149
10,1,1,1,False,2.7859355558865051
10,2,1,1,False,2.7859355558865051
10,3,1,1,False,2.7859355558865051
10,5,1,2,True,2.7859355558865051
10,7,2,3,True,2.7859355558865051
10,8,1,2,True,2.7859355558865051
10,9,1,1,False,2.7859355558865051
10,12,1,1,False,2.7859355558865051
10,13,1,1,False,2.7859355558865051
10,14,1,1,False,2.7859355558865051
10,15,1,2,True,2.7859355558865051
10,16,3,3,False,2.7859355558865051
10,17,1,1,False,2.7859355558865051
10,21,1,1,False,2.7859355558865051
42,1,1,1,False,2.7720572335436149
42,2,1,1,False,2.7720572335436149
42,3,1,1,False,2.7720572335436149
42,5,2,2,False,2.7720572335436149
42,7,3,3,False,2.7720572335436149
42,8,2,2,False,2.7720572335436149
42,9,1,1,False,2.7720572335436149
42,12,1,1,False,2.7720572335436149
42,13,1,1,False,2.7720572335436149
42,14,1,1,False,2.7720572335436149
42,15,2,2,False,2.7720572335436149
42,16,3,3,False,2.7720572335436149
42,17,1,1,False,2.7720572335436149
42,21,1,1,False,2.7720572335436149
100,1,1,1,False,2.7859355558865051
100,2,1,1,False,2.7859355558865051
100,3,1,1,False,2.7859355558865051
100,5,1,2,True,2.7859355558865051
100,7,3,3,False,2.7859355558865051
100,8,1,2,True,2.7859355558865051
100,9,1,1,False,2.7859355558865051
100,12,1,1,False,2.7859355558865051
100,13,1,1,False,2.7859355558865051
100,14,1,1,False,2.7859355558865051
100,15,1,2,True,2.7859355558865051
100,16,2,3,True,2.7859355558865051
100,17,1,1,False,2.7859355558865051
100,21,1,1,False,2.7859355558865051
