WeatherCode,hour,n_valid,ordinary_mean,trimmed_mean_1pct,trimmed_mean_5pct
1,0,95857,1.0453830633456362,1.171658469291234,1.2190195102201777
1,1,57138,1.1098936335256269,1.081571484935713,1.1740245759459187
1,2,35962,0.63088075419951695,1.0700430576218609,1.1523677398188907
1,3,23657,1.265665297213808,1.2557563581204745,1.291248559005846
1,4,19549,1.3947123612636108,1.414798527873582,1.4043709820497314
1,5,32073,1.276023120800365,1.5261414991262525,1.5488219547805724
1,6,64967,1.0747202195025904,1.3704771602444161,1.3861883007250921
1,7,119329,1.1123837605932221,1.1926420031335672,1.2001544544924523
1,8,165769,1.3282662907490044,1.2423768399631174,1.2326957438617929
1,9,165688,1.5552379308857505,1.3824901503152995,1.3548380044482329
1,10,154738,1.8508362054564842,1.4695019479391256,1.4177545530010143
1,11,143812,1.7101499382626695,1.4507199435373224,1.4167339718566998
1,12,169540,1.7226187202363372,1.435824215753291,1.4023463448753142
1,13,153917,1.6260347584625359,1.4171105292035862,1.3899088747504349
1,14,193383,1.5566774633128202,1.3861893073623082,1.375161009880508
1,15,209387,1.561928298377087,1.350187804693038,1.3253621815573069
1,16,189733,1.4322407033683189,1.3506631882833415,1.3520870154195528
1,17,187292,1.3778855326150392,1.2756138481157882,1.2705021959165683
1,18,170739,1.3283081406635684,1.2171713797758936,1.2273786291847493
1,19,149037,1.2402311321568094,1.1838576915448851,1.2069230243286466
1,20,169635,1.143449898352952,1.2212805985949313,1.2222410508024761
1,21,157395,1.0511247832155672,1.1710347086585196,1.1877372656250826
1,22,143199,1.0987047798183887,1.2164010629739768,1.2336028277289932
1,23,113775,0.97256625649575512,1.2640888735549147,1.2894856163325317
2,0,43849,1.2706895957181212,1.2150259168710145,1.2430220230100852
2,1,18481,0.9364211678293598,1.2801903283433032,1.3399605968702633
2,2,19503,0.60492294560340287,1.1646711901762665,1.3130464896976575
2,3,5079,0.88688047499076228,1.1913594687487192,1.293900308890499
2,4,8605,1.6785646405723376,1.4984027786630192,1.4852330072173763
2,5,5737,0.59000526130048403,1.5869771990980093,1.628234102315276
2,6,12592,1.024324251871892,1.3517597097197243,1.4119048599519226
2,7,11754,1.0266626834769974,1.243348177285124,1.2507417290866607
2,8,17237,0.8968089818538505,1.2585805497354814,1.2666687162621346
2,9,21857,1.395124494773452,1.4771639287427358,1.4452087276692192
2,10,31623,1.3718018729588708,1.3853746957505182,1.3651259282726818
2,11,36918,1.7811241746533939,1.4386346988258061,1.3925331337070852
2,12,10051,1.6778445684836771,1.4460540598085438,1.4010101339280716
2,13,42259,1.4900514035184893,1.3887377592907075,1.3757904059747799
2,14,45423,1.3509071728621636,1.3773024598530463,1.3649663540908183
2,15,53567,1.4058464457887208,1.3478272455458677,1.3360286079792487
2,16,56676,1.4641999986985748,1.3369023257498023,1.3241405313162529
2,17,78069,1.4334425304154952,1.322911170449778,1.3065016088757364
2,18,70861,1.2836569298606328,1.2400487647856777,1.2391992923280648
2,19,52875,1.2186277514491173,1.2145092112236922,1.2234402653084269
2,20,42249,1.1141952087645448,1.2285570845559963,1.2399916855541
2,21,40093,1.1465826482104049,1.2150692551323499,1.2288000295941472
2,22,16563,1.0419608561111544,1.1344653118988235,1.1670727374259171
2,23,35206,1.1115735899785888,1.1312591980013933,1.1640691501703595
3,0,136910,1.0529159162751371,1.1578098790884739,1.216028969800826
3,1,107072,0.8597725883938816,1.1442470378548621,1.1894175496592636
3,2,72929,0.99931766821122825,1.1484095314931582,1.2100575087096348
3,3,58618,1.160745988411281,1.2156872518487241,1.2682643594219705
3,4,42316,1.215642322384815,1.2880103057887713,1.3238513933761977
3,5,47127,1.1749655396983731,1.4999427663060263,1.536273357695177
3,6,84302,1.1367688029806,1.3961501940483465,1.4063422531881957
3,7,147709,1.1298617788737693,1.2771413857979523,1.2808263816316081
3,8,203320,1.2168046523655967,1.2870144682704296,1.2823539153852317
3,9,200669,1.4396058723671115,1.364244181425186,1.3505006687178391
3,10,204650,1.5212189032039813,1.3857166851388916,1.3698703378204302
3,11,212205,1.347136125953416,1.3822952562149773,1.3650463685364196
3,12,260003,1.4891347513666062,1.3993581788486094,1.3831741153161852
3,13,273335,1.5035956581329946,1.3958748716209339,1.3821603262549009
3,14,254847,1.4831776002478634,1.393810422267554,1.3817996103721164
3,15,247760,1.3996490978742775,1.3519973775519867,1.3465029285306049
3,16,270776,1.4668505777983263,1.3592970587184623,1.354719648275496
3,17,302112,1.3716919378541621,1.3022350892087673,1.3050648881824358
3,18,389082,1.353655118446063,1.2548427283010741,1.2599621690425054
3,19,366297,1.1439708613175401,1.2227406953858757,1.2390782694388769
3,20,347720,1.0707219954799048,1.2469414411264335,1.2564079955922547
3,21,388116,1.0152482295838536,1.1860259793364927,1.2074243755803673
3,22,363584,1.1169278835643481,1.2002008452536184,1.23071147549046
3,23,251383,1.0926842210195964,1.1934675108236803,1.233420646583762
5,0,21334,0.92617831134918405,1.0538715995141887,1.1108060567974578
5,1,15360,1.1374481217617765,1.0212811779244384,1.0576486600388693
5,2,807,0.55608823145610942,1.0159877649135485,1.5310561869954544
5,3,10365,0.50817004281335898,0.87218946708498624,0.88947550304519518
5,4,9085,1.0046540559788035,1.0160711037862054,1.0360939223977268
5,5,8371,1.9655602426427414,1.5312672037170139,1.5038098541977523
5,6,14255,0.91816419187912734,1.4718358268877199,1.4571448236582842
5,7,26514,0.99423808268179759,1.2881801970679361,1.3102139472711083
5,8,19575,1.5694587070314123,1.3932676748835033,1.3614283179145761
5,9,35318,1.3205971002679557,1.3204638040451793,1.3311028277245893
5,10,40527,1.3745135970308782,1.3731662653796373,1.3675395593171786
5,11,48553,1.6383749382581834,1.4120950723231167,1.3944870269634302
5,12,39720,1.3008934869520972,1.4079865804383089,1.3885526104131998
5,13,41767,1.4672208983966875,1.3870343030582208,1.3782199015592536
5,14,42290,1.3839433777983636,1.3687202987682601,1.359608410991443
5,15,57502,1.4371785657882172,1.361355356346845,1.355527624491714
5,16,32103,1.4786294446647095,1.3682106245540213,1.3642861008744154
5,17,55841,2.0224583156971763,1.2906576066958277,1.2791149434658347
5,18,25136,1.203615382970773,1.1885292333969117,1.2024297985865222
5,19,13180,1.1102387691511006,1.1804682667050277,1.1999914636973938
5,20,26015,0.78818741929379388,1.0488472669831632,1.0973447491076074
5,21,9137,1.1431646872491985,0.93840251498559468,0.97380667121905096
5,22,17112,1.0177131386857154,1.0528555220821121,1.1004640588588093
5,23,12847,1.1172301323925424,1.2232791362806035,1.2677122909703358
7,0,1051,0.77531403421884804,1.322194733633721,1.570771490886125
7,1,747,0.88046919415311475,1.3728760378949665,1.6366788353857962
7,2,1158,1.114887212351177,1.7417565998093774,1.7986097103615835
7,3,365,2.0349270081057456,1.9801435796438376,1.6277154941102834
7,4,1141,1.4002246773893285,1.6056963345133681,1.6227302125221019
7,6,4878,0.99645205435857021,1.3705410355055085,1.4203649550410529
7,8,5838,1.382885138078402,1.3672118232838228,1.3328814991791815
7,10,9971,1.098398445008022,1.3921852250074254,1.3684612177635802
7,11,11353,1.3205135075012313,1.5157378677923865,1.4554090658656402
7,12,5833,1.5966321328316329,1.43574839288131,1.404169880201912
7,14,8515,1.641603726932952,1.4104655514668105,1.38164887318893
7,15,10579,1.2582223117815674,1.297995514828451,1.2913801822016375
7,16,6892,1.4685751050711087,1.3632185714608462,1.3690864674855758
7,19,9823,0.53567131086402775,1.0166960158462048,1.0888730718836919
7,21,8687,1.0140720311076403,1.0717891625144584,1.0661432655133534
7,22,6639,0.95838101124643005,1.1169920604904962,1.1463182736491027
8,0,14421,0.8927668554939947,0.95823250207124044,0.97656312637267928
8,1,978,1.0009696949926883,1.623170584363528,1.8031397335310841
8,2,5155,0.69259164581540122,0.70647282824078517,0.89293589535855622
8,3,6361,1.3603147664692699,1.0156217098711187,1.1122720083844924
8,4,2463,0.92039285549457561,1.3173618241616039,1.3981149539808229
8,6,2326,1.1845459464046031,1.4663987992521099,1.4950241957654351
8,7,25151,1.0154001860779152,1.1979045695748487,1.2048354614826315
8,8,12292,1.6575831975369655,1.2432036874683161,1.2461199779357792
8,9,10663,1.375046360588148,1.426490393827184,1.396657819542553
8,13,18437,1.561199624368516,1.4161126064799876,1.4037600191317039
8,14,14207,1.5390674723658446,1.4700696163775373,1.4419263482570126
8,15,17036,1.4947117391066447,1.3246243347887605,1.3200109858139129
8,16,3628,1.236974230265159,1.1980085349652079,1.176537870361674
8,17,11290,1.0774261498546296,1.2187724824962631,1.2320807923210573
8,18,18540,1.2414603230782115,1.1811532068932449,1.2026802678281729
8,19,19235,1.2781485738327039,1.1994918028240611,1.2097618363923148
8,20,9975,1.2915839631278165,1.0482063686092158,1.071506008867475
8,21,12438,1.1408117455312645,1.2100439247657164,1.2371714410164625
8,22,6028,0.77777418476306548,1.2581785655716309,1.2644733678720141
8,23,6912,0.79915111761871893,1.0332911701098422,1.0933772455390669
9,0,7423,1.1498894458300966,1.1898248303725387,1.1951122433636152
9,1,11434,0.79085840412617647,0.93986359826698262,0.99157810890332299
9,2,4134,0.92284357040621579,1.0800157091013103,1.223302295637624
9,4,1393,2.4355624453960933,1.5123332592808636,1.5455541641256592
9,5,3436,1.5810946576493106,1.6080961912984604,1.5825592016365184
9,6,2477,0.82736242610752364,1.3157816657335668,1.3718074965315017
9,8,18417,1.2437127393036713,1.2562648885223826,1.2686358651679774
9,9,5976,1.5528180194197116,1.4249158864845544,1.4155759550712956
9,10,10431,1.5231415201667649,1.4507648521989343,1.4389291364195953
9,11,10902,1.6800276514268067,1.4710379396397182,1.4524254864145156
9,12,18355,1.4958375586376376,1.4649651948019731,1.4495463011795973
9,13,6187,1.6485116753755533,1.4857328917933166,1.4530405098787471
9,14,7560,1.2783041082215234,1.3492354247776011,1.3665999760071488
9,15,14573,1.6323137154834673,1.4192539581661916,1.4040523172193666
9,16,16737,1.4161502243344639,1.3368141033730474,1.3279389729116542
9,17,9708,1.1845082583821602,1.3629172026128309,1.2871944117844252
9,19,7508,1.0348834259315534,1.2238848980911676,1.2171986716583689
9,20,20901,1.2165807977255716,1.2818589308704398,1.2928587671838767
9,21,17017,0.78899311950939355,1.1203890628272135,1.1150226302208732
9,22,8325,1.1448036576023568,1.3363608233992057,1.3606229787380435
9,23,11516,0.88022920336391763,1.2460213695625404,1.292890481755377
12,0,5055,0.24303524716506514,1.4041095266067334,1.4191534400383434
12,1,2521,0.73810165463443123,1.0879817254697886,1.3880665665573066
12,3,839,1.3642848364903624,1.4640167645988269,1.4046568316000283
12,4,1265,4.7695202019329308,1.6655929342445677,1.5631182215152177
12,12,6725,1.5430711408312325,1.3858793285529118,1.3800570099887026
12,14,6069,1.6334814867802752,1.5049629883670188,1.4782399577134435
12,16,6655,2.3053424896821131,1.2454095964155851,1.2584230670063061
12,17,15763,1.2590533017642405,1.2506689441461525,1.271015493716287
12,18,20730,0.95345652951115689,1.2092363509799202,1.2153353409335397
12,19,18165,1.3446849980822544,1.2426079742489093,1.2248391589974059
12,20,21907,0.86158247447745862,1.1597040878326359,1.1899557010838897
12,21,5484,1.205594332020979,1.2846168639342406,1.2820556007455277
12,22,21726,0.94271779323949534,1.1110052483841861,1.1229528182630495
12,23,13703,0.89340750320916007,1.293579224028109,1.3075633904312276
13,2,365,1.0582899147102709,1.4522178804913812,1.4556462040223273
13,3,259,0.67891399845734934,1.0827729828317343,1.6092920305801379
13,19,7318,1.1282593618976602,1.3183249222267972,1.352309591466363
13,20,2634,0.91353885043931005,1.2558510801078686,1.2312562653692358
13,21,10386,1.3694989819457051,0.93374061878311887,0.99622839672609298
13,22,1073,1.7429841474149348,1.4824820091492619,1.4033234123559899
14,1,5672,0.52032659360725753,0.69001941548244528,0.87943441777561493
14,2,4116,0.82595310965213409,0.95220844757007106,1.0352640736141581
14,3,3876,1.2689263840270633,1.2067957157677474,1.2949374348349607
14,4,2721,0.87207476877572976,1.3139026713271031,1.3068532527607637
14,5,1316,2.0758445768296205,1.6438022107803463,1.5310844859894219
14,6,3336,1.0122438252368742,1.3005002466258861,1.3593193308030191
14,7,1884,1.2902782611641219,1.4750731478014951,1.4802552696490265
14,9,10180,1.4908999813298174,1.3941267987478614,1.3775214949012726
14,10,8066,1.2045035103217143,1.3469527216209773,1.3223924561876459
14,11,16514,1.2723400253981139,1.2321696515513003,1.2392645233857646
14,14,6123,1.6105020946860691,1.550930585417631,1.5191216822489038
14,16,7267,1.3267937486199624,1.3113824858924716,1.2961259149914341
14,20,2637,0.23286694197153723,1.3081644758252955,1.2622487350101155
14,21,2066,1.8426543348207634,1.0418134385943765,1.1183925406782427
15,1,342,1.2298671652633906,1.2598880205464464,1.3018021283761392
15,2,1267,1.4832049091288646,1.0419661184003959,1.3775156993485698
15,3,259,5.8949076016432125,0.6240649064800815,1.6366422940169605
15,5,902,-1.7923768401013491,1.6710374608050766,1.6144610252141192
15,6,1527,1.0828085992062462,1.4029135083540287,1.3765288671918798
15,7,1929,1.1669361533014673,1.3043924488916443,1.3097990529109091
15,8,2527,1.0330151638181406,1.3172189297069417,1.2843067227372045
15,9,7407,0.91227332770836345,1.2622335028407736,1.2626285459570179
15,10,448,1.6876231224320768,1.3013032007762888,1.1682637283942179
15,11,5572,2.0314803122926026,1.6112674566529634,1.4856510561001215
15,12,19169,0.93062380960284052,1.2913189899160997,1.2753303828029203
15,13,14578,1.4953799656470994,1.295871150966547,1.3057662070924503
15,14,9884,0.74834910178186431,1.2171999498302279,1.2188921692867816
15,15,9861,1.4446359201907706,1.3525967393440832,1.3363338382380006
15,16,9022,1.4328251458316852,1.2769749146394453,1.2922992946086935
15,17,10000,1.1040371942149865,1.1480855692089753,1.1482842471402603
15,18,7469,1.3561611708970662,1.322806118984533,1.2872754957067525
15,19,2084,0.88918549620624565,0.98040860906255167,1.001081328221253
15,21,1461,1.0510811514130312,1.2519792339910218,1.2600850514758397
15,23,855,2.183750784684686,1.4551992993892506,1.4042827885673628
16,0,1238,-3.7506679546494781,1.1871105042342853,1.2609318136725562
16,1,341,2.2720247885319034,1.8215431553661319,1.5399522472482887
16,2,209,2.2409713787287249,2.0313706236209415,1.576527490613381
16,3,126,1.0410350838280769,1.4038360716754328,1.2878590574015185
16,4,575,1.5215047953963647,1.650820113163221,1.7433065891272903
16,8,393,2.3004190800376696,1.8474012107895026,1.1973324281767825
16,9,413,0.24978852379856281,0.98893543258359728,1.1169266743724566
16,15,1617,3.8819853140988649,1.0776041512608281,0.91622328193819835
16,16,1601,0.097884193212293913,0.94654374362728366,0.83733659604144495
16,18,3352,-0.3220647035339822,1.0300245021344332,0.90276312655577395
16,19,1490,2.6105552414117628,1.1823459551729048,0.9915880496123074
16,20,1455,-1.1039091785541533,0.82132757175041438,0.81898371498371003
16,21,1260,-1.2495038152264735,0.97606192209283726,0.93974856168631449
16,22,1375,0.58664896144468259,0.88443347990708876,0.80175599405005615
16,23,1111,4.8325518044560898,1.628080805378048,1.0645416413827358
17,4,660,3.2769966057952042,1.5922511823615251,1.6335949342999085
17,7,4358,1.4434156867992436,1.3732175180010298,1.3281716704821851
21,11,4186,1.0303857918651651,1.2815158803315365,1.2770580565980374
