random_state,n_init,WeatherCode,aligned_class,canonical_class,changed,partition_changed,inertia
0,50,1,1,1,False,False,25.605147312277392
0,50,2,1,1,False,False,25.605147312277392
0,50,3,1,1,False,False,25.605147312277392
0,50,5,1,1,False,False,25.605147312277392
0,50,7,1,1,False,False,25.605147312277392
0,50,8,1,1,False,False,25.605147312277392
0,50,9,1,1,False,False,25.605147312277392
0,50,12,1,1,False,False,25.605147312277392
0,50,13,1,1,False,False,25.605147312277392
0,50,14,1,1,False,False,25.605147312277392
0,50,15,2,2,False,False,25.605147312277392
0,50,16,3,3,False,False,25.605147312277392
0,50,17,1,1,False,False,25.605147312277392
0,50,21,1,1,False,False,25.605147312277392
1,50,1,1,1,False,False,25.605147312277392
1,50,2,1,1,False,False,25.605147312277392
1,50,3,1,1,False,False,25.605147312277392
1,50,5,1,1,False,False,25.605147312277392
1,50,7,1,1,False,False,25.605147312277392
1,50,8,1,1,False,False,25.605147312277392
1,50,9,1,1,False,False,25.605147312277392
1,50,12,1,1,False,False,25.605147312277392
1,50,13,1,1,False,False,25.605147312277392
1,50,14,1,1,False,False,25.605147312277392
1,50,15,2,2,False,False,25.605147312277392
1,50,16,3,3,False,False,25.605147312277392
1,50,17,1,1,False,False,25.605147312277392
1,50,21,1,1,False,False,25.605147312277392
2,50,1,1,1,False,False,25.605147312277392
2,50,2,1,1,False,False,25.605147312277392
2,50,3,1,1,False,False,25.605147312277392
2,50,5,1,1,False,False,25.605147312277392
2,50,7,1,1,False,False,25.605147312277392
2,50,8,1,1,False,False,25.605147312277392
2,50,9,1,1,False,False,25.605147312277392
2,50,12,1,1,False,False,25.605147312277392
2,50,13,1,1,False,False,25.605147312277392
2,50,14,1,1,False,False,25.605147312277392
2,50,15,2,2,False,False,25.605147312277392
2,50,16,3,3,False,False,25.605147312277392
2,50,17,1,1,False,False,25.605147312277392
2,50,21,1,1,False,False,25.605147312277392
10,50,1,1,1,False,False,25.605147312277392
10,50,2,1,1,False,False,25.605147312277392
10,50,3,1,1,False,False,25.605147312277392
10,50,5,1,1,False,False,25.605147312277392
10,50,7,1,1,False,False,25.605147312277392
10,50,8,1,1,False,False,25.605147312277392
10,50,9,1,1,False,False,25.605147312277392
10,50,12,1,1,False,False,25.605147312277392
10,50,13,1,1,False,False,25.605147312277392
10,50,14,1,1,False,False,25.605147312277392
10,50,15,2,2,False,False,25.605147312277392
10,50,16,3,3,False,False,25.605147312277392
10,50,17,1,1,False,False,25.605147312277392
10,50,21,1,1,False,False,25.605147312277392
42,50,1,1,1,False,False,25.605147312277392
42,50,2,1,1,False,False,25.605147312277392
42,50,3,1,1,False,False,25.605147312277392
42,50,5,1,1,False,False,25.605147312277392
42,50,7,1,1,False,False,25.605147312277392
42,50,8,1,1,False,False,25.605147312277392
42,50,9,1,1,False,False,25.605147312277392
42,50,12,1,1,False,False,25.605147312277392
42,50,13,1,1,False,False,25.605147312277392
42,50,14,1,1,False,False,25.605147312277392
42,50,15,2,2,False,False,25.605147312277392
42,50,16,3,3,False,False,25.605147312277392
42,50,17,1,1,False,False,25.605147312277392
42,50,21,1,1,False,False,25.605147312277392
100,50,1,1,1,False,False,25.605147312277392
100,50,2,1,1,False,False,25.605147312277392
100,50,3,1,1,False,False,25.605147312277392
100,50,5,1,1,False,False,25.605147312277392
100,50,7,1,1,False,False,25.605147312277392
100,50,8,1,1,False,False,25.605147312277392
100,50,9,1,1,False,False,25.605147312277392
100,50,12,1,1,False,False,25.605147312277392
100,50,13,1,1,False,False,25.605147312277392
100,50,14,1,1,False,False,25.605147312277392
100,50,15,2,2,False,False,25.605147312277392
100,50,16,3,3,False,False,25.605147312277392
100,50,17,1,1,False,False,25.605147312277392
100,50,21,1,1,False,False,25.605147312277392
