definition,L_base_definition,L_base,L_base_support_N,weather_code,weather_name,hour,N,mean_epsilon,median_epsilon,population_SD,P95,P99,max_abs_epsilon
A,global,3.46907003958134,10620409,1,Clear,0,95857,1.1975739569720973,1.1601360126039686,25.990988317769425,4.46933658951379,16.58146758425145,4050.658897697901
A,global,3.46907003958134,10620409,1,Clear,1,57138,1.278495470247504,1.145605324567148,32.558658326495525,4.731632203167827,17.110853801411732,3594.769267648416
A,global,3.46907003958134,10620409,1,Clear,2,35962,0.9204058882823369,1.1321237794681112,27.146609494424045,4.820616215288833,16.43485734863561,4080.4533409357196
A,global,3.46907003958134,10620409,1,Clear,3,23657,1.3350056581582577,1.127540412802159,35.833769185310224,5.230539684172704,18.074976690834507,4068.3268846075293
A,global,3.46907003958134,10620409,1,Clear,4,19549,1.4340575056592024,1.1438102891122792,30.391032024834896,5.374042560764299,21.59009863700438,2053.736053847878
A,global,3.46907003958134,10620409,1,Clear,5,32073,1.2416901520664898,1.2101536841470062,41.11424601699605,4.49448677209528,14.539198105334407,3946.378346365538
A,global,3.46907003958134,10620409,1,Clear,6,64967,1.0714938097411404,1.1485199439070375,19.522667527834138,4.131593546313101,13.508197887097102,1887.9543433562203
A,global,3.46907003958134,10620409,1,Clear,7,119329,1.1188099476316373,1.1507176155707495,30.44094157023236,3.9402523690542397,14.259865027430331,3261.106151895722
A,global,3.46907003958134,10620409,1,Clear,8,165769,1.3873381413665093,1.209872646394418,33.4524815613474,4.230438293722118,18.400963293212936,4846.007639966809
A,global,3.46907003958134,10620409,1,Clear,9,165688,1.621392041378913,1.2638455478319222,25.78695469826419,4.62768629881449,23.40048737507843,3380.2839248469945
A,global,3.46907003958134,10620409,1,Clear,10,154738,1.8959266008058853,1.3023403430824283,17.436780179261103,4.864854076970232,28.64512073572615,2473.064819507889
A,global,3.46907003958134,10620409,1,Clear,11,143812,1.8060844625895875,1.320734693397635,28.815522896872256,4.867085389571646,28.223292072023273,8607.69781305789
A,global,3.46907003958134,10620409,1,Clear,12,169540,1.8164286667690426,1.3065090522134797,12.194799451526308,4.73727764056753,26.680826524931025,2064.219272989378
A,global,3.46907003958134,10620409,1,Clear,13,153917,1.725263311532194,1.2999379496532708,20.93612985222416,4.593316072849149,23.12284673019056,2992.9561627553585
A,global,3.46907003958134,10620409,1,Clear,14,193383,1.6662831708303882,1.3052435576051082,15.060558837168715,4.3008905299495215,20.634365771944356,2769.497838471723
A,global,3.46907003958134,10620409,1,Clear,15,209387,1.6841829078362214,1.3065090522134797,20.16120045040228,4.5543410838153955,26.114148753508836,3201.5172654200856
A,global,3.46907003958134,10620409,1,Clear,16,189733,1.5615723095814473,1.286255200601503,21.038318180929426,3.94274041285799,17.431542992710042,5153.05329749717
A,global,3.46907003958134,10620409,1,Clear,17,187292,1.5427693120080765,1.252343205752324,23.13835052660722,3.9975360837345106,18.73836416389216,5153.05329749717
A,global,3.46907003958134,10620409,1,Clear,18,170739,1.479708751528587,1.2356943744585696,19.51921677877694,3.8969796643446575,17.675646673466574,3626.2189250729175
A,global,3.46907003958134,10620409,1,Clear,19,149037,1.428900370914917,1.2101536841470062,24.734435225393966,3.711511869440267,15.87572448584863,4408.192216551718
A,global,3.46907003958134,10620409,1,Clear,20,169635,1.3341627547452157,1.190120022204423,21.088186468282338,3.7842908514831284,15.568432160936727,4199.631113886991
A,global,3.46907003958134,10620409,1,Clear,21,157395,1.2465658789851026,1.1773295595883446,25.433848883625284,3.844143584453778,15.458710125106547,4026.5310482222735
A,global,3.46907003958134,10620409,1,Clear,22,143199,1.2446142541751475,1.179143000722363,24.35889504410738,4.175084950224002,17.6653280305263,3231.3117086579027
A,global,3.46907003958134,10620409,1,Clear,23,113775,1.122914799855299,1.1788847911421974,43.98640291536874,4.324441697953121,16.55564187611557,10599.50944994294
A,global,3.46907003958134,10620409,8,Rain,0,14421,0.9473290939461005,1.0841510370685847,22.26474908757681,4.467352960676521,16.98978878684393,1682.000660291363
A,global,3.46907003958134,10620409,8,Rain,1,978,1.1958894392032107,1.754741394925146,9.45358666011737,4.4680918512977525,14.596321227984982,163.72633811041442
A,global,3.46907003958134,10620409,8,Rain,2,5155,0.8028742865299328,1.0461910312515588,35.42616384241936,4.306459165476886,16.05304463085482,2053.736053847878
A,global,3.46907003958134,10620409,8,Rain,3,6361,1.5476920174707602,1.0772416229532193,33.121259700002014,5.415655549969323,19.336264039501092,1990.8367389988764
A,global,3.46907003958134,10620409,8,Rain,4,2463,1.055140500720991,1.142341163952046,10.202446054933917,4.572899415598096,15.491996190771532,297.30218150878085
A,global,3.46907003958134,10620409,8,Rain,6,2326,1.2016538108884058,1.1870591825177266,5.271877939311511,3.7417835671276873,8.529248715839621,122.36954086990652
A,global,3.46907003958134,10620409,8,Rain,7,25151,0.9321596071072134,1.1573713990810257,28.433130653179905,3.8158261201051125,14.7851333858717,3037.6478276120856
A,global,3.46907003958134,10620409,8,Rain,8,12292,1.6827933567786775,1.2147658188014998,25.198385690539887,4.09775279899762,15.287098231161393,2137.6018069798797
A,global,3.46907003958134,10620409,8,Rain,9,10663,1.4170083640853675,1.2638455478319222,14.316197803991713,4.028910665162868,14.323809846105808,900.9911552930739
A,global,3.46907003958134,10620409,8,Rain,13,18437,1.6725555786995017,1.3132406644438188,8.557251643083442,3.742417305201446,17.894848075281633,667.9323342009682
A,global,3.46907003958134,10620409,8,Rain,14,14207,1.6428152283240143,1.3429652737671363,17.108257998439235,4.230438293722118,19.786718797965577,1860.767319718271
A,global,3.46907003958134,10620409,8,Rain,15,17036,1.6565641762732097,1.31231644539326,14.83853769247815,4.112902680942616,25.85500116888904,899.1087196335702
A,global,3.46907003958134,10620409,8,Rain,16,3628,1.3201752022182685,1.1391571169515888,12.16981659134479,3.0150311242799237,9.028519336186829,670.8801898952229
A,global,3.46907003958134,10620409,8,Rain,17,11290,1.1542064414138646,1.2120149772643123,27.264742142301934,3.4146100770174694,14.725566258917851,2173.6089737153616
A,global,3.46907003958134,10620409,8,Rain,18,18540,1.4111322180992165,1.2363591495513062,23.795310289535916,3.669037173881275,16.083072250519823,2756.1117363283956
A,global,3.46907003958134,10620409,8,Rain,19,19235,1.4964210771588797,1.2257615500673438,39.57481897375605,4.395122780963316,23.161348107588655,3603.7422491306293
A,global,3.46907003958134,10620409,8,Rain,20,9975,1.4652394688391397,1.1601705508871212,30.12750406582829,3.175049986155227,12.344335656805209,2798.0446128943963
A,global,3.46907003958134,10620409,8,Rain,21,12438,1.382931727568806,1.175676489584136,17.63190420535679,3.558138095524577,11.976274528282403,1833.5884518763723
A,global,3.46907003958134,10620409,8,Rain,22,6028,1.0503685357739365,1.16984794292537,20.17546920203324,3.8344421777635285,13.885425107549668,1468.6255776962105
A,global,3.46907003958134,10620409,8,Rain,23,6912,0.9316496524437733,1.1515596625223614,17.379644344539866,3.985161366461663,14.777120893690876,678.9080549585657
A,global,3.46907003958134,10620409,15,Snowfall,1,342,1.3856746037552503,1.2667659158971183,3.6701626850862916,3.7201509382792777,17.017585028290327,35.32845535806111
A,global,3.46907003958134,10620409,15,Snowfall,2,1267,1.5790827896292567,1.1574463807934015,19.388500173762225,6.2937485518999585,26.346297946538954,388.8972243058463
A,global,3.46907003958134,10620409,15,Snowfall,3,259,4.671880953278239,1.1632909925149055,80.4569605672682,5.742481662288205,14.060690198843186,1276.294142104066
A,global,3.46907003958134,10620409,15,Snowfall,5,902,-1.962059921941452,1.2025166439512858,108.41194789062368,5.423658584848807,33.38437122586799,3246.208930276812
A,global,3.46907003958134,10620409,15,Snowfall,6,1527,0.6516551003235342,1.1448702207541992,19.914962812616533,3.7864527919166884,10.184803294274673,728.5784766811839
A,global,3.46907003958134,10620409,15,Snowfall,7,1929,1.2519641807300492,1.121848651413406,5.271824613211476,3.709667207291117,13.321660265558878,117.30759690547191
A,global,3.46907003958134,10620409,15,Snowfall,8,2527,1.1528022034805199,1.1479475622811897,5.793005531347492,3.3847002696859523,9.144079804731165,131.37593891104362
A,global,3.46907003958134,10620409,15,Snowfall,9,7407,1.1344926872395598,1.1504010095766803,6.15686070806759,3.63039166078038,9.90359460669487,234.87938968839012
A,global,3.46907003958134,10620409,15,Snowfall,10,448,1.7224860232023949,1.1848086616673181,10.334917122240357,5.075353697734176,37.358362405639106,135.3654199497923
A,global,3.46907003958134,10620409,15,Snowfall,11,5572,2.1439994681712755,1.397516737854136,10.863460147396019,5.559212703715332,52.63451684050915,318.5040099151577
A,global,3.46907003958134,10620409,15,Snowfall,12,19169,0.9677317065953522,1.2050455460846938,36.86675963609337,4.237624266150348,18.09998606418047,3276.0033735146303
A,global,3.46907003958134,10620409,15,Snowfall,13,14578,1.6176471801547834,1.236156972747879,23.76087465465489,4.435961743006972,16.172846950353545,1948.903862432875
A,global,3.46907003958134,10620409,15,Snowfall,14,9884,0.8148201897273838,1.1843401312860624,45.07848289480671,4.0726772104296804,17.303986076766627,2843.983946566268
A,global,3.46907003958134,10620409,15,Snowfall,15,9861,1.524035741648933,1.3176353529403921,10.256718598925467,4.16192309636407,22.808462138787533,499.2735293431338
A,global,3.46907003958134,10620409,15,Snowfall,16,9022,1.557899073107839,1.2580493968481319,10.174164754379577,3.3817945720736518,13.479471307588357,484.2910934215722
A,global,3.46907003958134,10620409,15,Snowfall,17,10000,1.1835600368457506,1.1670920245849574,21.33282532097201,4.255493031608845,19.0741872125164,944.5368612410165
A,global,3.46907003958134,10620409,15,Snowfall,18,7469,1.4269629640478425,1.201763707773123,7.984103582046672,3.8478292734157358,15.611252730512312,366.95905856544516
A,global,3.46907003958134,10620409,15,Snowfall,19,2084,1.051467218080063,1.0963120839213207,10.172573282211053,5.5112395071019895,18.96851891869621,308.6190366846121
A,global,3.46907003958134,10620409,15,Snowfall,21,1461,1.5282995147897196,1.1802527622099133,9.302023397417951,4.812595881855235,21.52227171036626,197.0392813500866
A,global,3.46907003958134,10620409,15,Snowfall,23,855,2.531042059707784,1.2892648832043188,19.26854868408187,4.8575911931994264,18.565992023952145,394.6174917795687
B,+/-$0.25,3.0486708328788574,155857,1,Clear,0,95857,1.0571588184867797,1.103111965970329,28.08213028353299,5.346684591657123,18.33883486899478,3896.5889645867596
B,+/-$0.25,3.0486708328788574,155857,1,Clear,1,57138,1.1229391837440053,1.08411277016002,36.29844000868658,5.753538372520253,19.98083323894689,4290.979446582058
B,+/-$0.25,3.0486708328788574,155857,1,Clear,2,35962,0.6532827324317628,1.0699467622956522,27.834249721001026,5.979232348553775,19.064251933305915,3930.4919393742084
B,+/-$0.25,3.0486708328788574,155857,1,Clear,3,23657,1.2710305006923057,1.0668245673577597,46.60320912434206,6.463225630303798,21.664265775536833,5341.971664992963
B,+/-$0.25,3.0486708328788574,155857,1,Clear,4,19549,1.3977566878678858,1.102977807374631,35.033118112262386,6.578750124811179,24.519175007810684,2685.5682552224075
B,+/-$0.25,3.0486708328788574,155857,1,Clear,5,32073,1.2733666107855741,1.1730124666910713,42.616949488495955,5.368863255571126,17.2228887734461,3777.9285528306905
B,+/-$0.25,3.0486708328788574,155857,1,Clear,6,64967,1.0744705763706626,1.107694066678284,22.563762157459053,4.73759630096459,15.436537745282898,2649.78181899918
B,+/-$0.25,3.0486708328788574,155857,1,Clear,7,119329,1.1128809861712603,1.0978801333936457,28.37194287272605,4.258615196949612,14.752758061509866,2998.160132719374
B,+/-$0.25,3.0486708328788574,155857,1,Clear,8,165769,1.3328369692701074,1.1535921171473558,32.66398866229254,4.2514234686655055,16.147010471272882,5568.630282167987
B,+/-$0.25,3.0486708328788574,155857,1,Clear,9,165688,1.5603565985549188,1.2082335235608859,25.268812264463552,4.54163040835007,19.97054065326799,3997.73758340741
B,+/-$0.25,3.0486708328788574,155857,1,Clear,10,154738,1.8543250702774974,1.2485027630356647,18.99927244676117,4.655338422565547,22.016067271340923,3138.2783038088087
B,+/-$0.25,3.0486708328788574,155857,1,Clear,11,143812,1.7175728624675077,1.2644265254780658,32.41633787367035,4.6417516597033925,21.536070164632456,10296.150358695417
B,+/-$0.25,3.0486708328788574,155857,1,Clear,12,169540,1.7298772554472825,1.2477207448875343,12.354037008290184,4.529712217899481,21.05607305792401,1847.380333053052
B,+/-$0.25,3.0486708328788574,155857,1,Clear,13,153917,1.6337125578112028,1.239257469912367,19.862796847306864,4.393892130577044,19.13608463109019,2693.0333596323376
B,+/-$0.25,3.0486708328788574,155857,1,Clear,14,193383,1.5651581939468524,1.2485027630356647,14.286553210394487,4.1078363279358605,16.736099097547896,2438.7610487264733
B,+/-$0.25,3.0486708328788574,155857,1,Clear,15,209387,1.5713877365311226,1.2487395115206228,18.949939379085745,4.253295842532748,19.60277124886263,3162.7207381987723
B,+/-$0.25,3.0486708328788574,155857,1,Clear,16,189733,1.4422477234369084,1.2208842899659507,21.03063270752311,3.822315104561759,14.557422145026772,5150.9990317223555
B,+/-$0.25,3.0486708328788574,155857,1,Clear,17,187292,1.3906433985202382,1.1840389865637082,23.735756467937914,3.857544648156169,15.305710277755095,5150.9990317223555
B,+/-$0.25,3.0486708328788574,155857,1,Clear,18,170739,1.3400227477552509,1.1659102662066172,18.388774250108046,3.8101971081963444,14.925192454820841,3624.7733321400087
B,+/-$0.25,3.0486708328788574,155857,1,Clear,19,149037,1.2548293955965026,1.1398280475905351,24.095546985739954,3.9446396192517303,14.816110670714071,4303.424662036142
B,+/-$0.25,3.0486708328788574,155857,1,Clear,20,169635,1.1582062865022682,1.118882058886512,20.865890432756792,4.1646149115093465,15.179355603128291,4066.103838524003
B,+/-$0.25,3.0486708328788574,155857,1,Clear,21,157395,1.066247018412816,1.1082910069404264,26.928716171602876,4.303148156828365,15.551185554191235,5083.259482178637
B,+/-$0.25,3.0486708328788574,155857,1,Clear,22,143199,1.1099945107730889,1.117960887798934,23.406737092056076,4.711687696164024,17.600108143598238,2964.257157931925
B,+/-$0.25,3.0486708328788574,155857,1,Clear,23,113775,0.9841994599696439,1.123244756694632,49.08037102755771,5.174269771151285,18.464577143425224,12562.624652833147
B,+/-$0.25,3.0486708328788574,155857,8,Rain,0,14421,0.8969886032257722,0.9997207836237538,20.20319559266633,5.424822171483137,18.473396471150192,1201.3024689846027
B,+/-$0.25,3.0486708328788574,155857,8,Rain,1,978,1.0160515906653105,2.039549706412543,13.126156810983504,5.37356198663863,19.153252956915814,217.0067848066649
B,+/-$0.25,3.0486708328788574,155857,8,Rain,2,5155,0.7011247540877034,0.9815448787136681,36.26994224791993,5.00698628544311,17.695073144083565,1835.4515209786427
B,+/-$0.25,3.0486708328788574,155857,8,Rain,3,6361,1.3748130624857835,1.0057562371522584,34.69376935536074,6.630303168475841,23.03539227986733,1763.8786485321882
B,+/-$0.25,3.0486708328788574,155857,8,Rain,4,2463,0.9308189410390003,1.093550077869134,13.02698964539968,5.614664668376414,19.685360728186122,375.6087761769567
B,+/-$0.25,3.0486708328788574,155857,8,Rain,6,2326,1.185869665704416,1.1350396222062562,7.320369654992649,4.470283574793333,12.482209845946194,159.42283906445533
B,+/-$0.25,3.0486708328788574,155857,8,Rain,7,25151,1.0089594546227738,1.102855730575526,25.715084215837244,4.025622147137355,13.826108678270941,2743.8878218135105
B,+/-$0.25,3.0486708328788574,155857,8,Rain,8,12292,1.6595338310816263,1.152864251044571,24.27814848960212,3.9266573082107006,13.286050221913,1930.8820175739158
B,+/-$0.25,3.0486708328788574,155857,8,Rain,9,10663,1.3782931664031388,1.1963812702558734,13.114446004257688,4.0926931117892975,13.19627376073165,816.9243152336669
B,+/-$0.25,3.0486708328788574,155857,8,Rain,13,18437,1.5698157801743196,1.2489212290462839,8.68710503537182,3.6813956749749233,12.496666015668843,779.1349768910833
B,+/-$0.25,3.0486708328788574,155857,8,Rain,14,14207,1.5470949445850768,1.2751017145590466,13.438668955791623,3.9670924093633824,15.943549558106302,1404.720317709293
B,+/-$0.25,3.0486708328788574,155857,8,Rain,15,17036,1.5072350552108837,1.2489212290462839,15.004684588445386,3.724041868277765,16.736099097547896,1048.4957574720863
B,+/-$0.25,3.0486708328788574,155857,8,Rain,16,3628,1.2434118971312833,1.074126339451817,16.157343285494058,3.685441483452541,11.471190004269284,885.3750394598944
B,+/-$0.25,3.0486708328788574,155857,8,Rain,17,11290,1.0833670172187853,1.141532662910251,22.76960819614153,3.472419139944972,11.236893125556692,1760.7015529775035
B,+/-$0.25,3.0486708328788574,155857,8,Rain,18,18540,1.254588668950239,1.1605406337325215,22.61449422347488,3.662726571048888,13.561867477925425,2634.681929964053
B,+/-$0.25,3.0486708328788574,155857,8,Rain,19,19235,1.2950373869013894,1.1638508644094034,36.51000169828367,4.367484721877528,18.863329998154047,3388.0443427750324
B,+/-$0.25,3.0486708328788574,155857,8,Rain,20,9975,1.3050205404777533,1.0853007170263846,28.92442398527879,3.6817713930137828,12.415687571826243,2682.3971782616886
B,+/-$0.25,3.0486708328788574,155857,8,Rain,21,12438,1.1595457548751482,1.1034244909028237,16.149661839756657,4.243921153955978,14.31692181669422,1584.9464674160515
B,+/-$0.25,3.0486708328788574,155857,8,Rain,22,6028,0.7988661453519927,1.091182715091576,29.117547764517667,4.491071094833189,14.678129957519397,2172.6293360228165
B,+/-$0.25,3.0486708328788574,155857,8,Rain,23,6912,0.8094031784712535,1.0976430007185503,17.52252011750849,4.553993526699051,15.195065202589134,633.6739281758872
B,+/-$0.25,3.0486708328788574,155857,15,Snowfall,1,342,1.2419227502010293,1.2815361847167286,4.138361126671265,3.869561279958926,15.019239666167234,40.77916184596101
B,+/-$0.25,3.0486708328788574,155857,15,Snowfall,2,1267,1.4906234505233025,1.0979311842204074,24.446840822123846,7.618561790980076,37.178433245821644,378.35329844840254
B,+/-$0.25,3.0486708328788574,155857,15,Snowfall,3,259,5.800276037302787,1.102855730575526,104.63290619405393,7.390035246445733,21.01053852368565,1660.5996966613554
B,+/-$0.25,3.0486708328788574,155857,15,Snowfall,5,902,-1.8055060515523842,1.2673341500410449,99.73025221634,6.600654210068935,22.19524759358912,2981.2086453256497
B,+/-$0.25,3.0486708328788574,155857,15,Snowfall,6,1527,1.0494481404421923,1.0984343417168427,9.466606353518316,4.68992467930959,16.18513881315766,269.0711441376586
B,+/-$0.25,3.0486708328788574,155857,15,Snowfall,7,1929,1.1735151884018913,1.0635148410940494,6.36745494717241,4.320208133203451,14.470661739540846,153.66287378395387
B,+/-$0.25,3.0486708328788574,155857,15,Snowfall,8,2527,1.0422836740064623,1.0843166571352707,7.982133647239748,4.039220639278921,12.299871358400285,171.1563598021778
B,+/-$0.25,3.0486708328788574,155857,15,Snowfall,9,7407,0.929467528380342,1.0853007170263846,8.083285829564245,4.056227254002957,11.54052880001287,331.4395528039274
B,+/-$0.25,3.0486708328788574,155857,15,Snowfall,10,448,1.6903206358850753,1.1305285568154502,8.924567611694023,5.489195035537582,28.320327635132596,115.23480552476661
B,+/-$0.25,3.0486708328788574,155857,15,Snowfall,11,5572,2.0401864707015775,1.3606002784828013,9.508259544418815,5.167916298530985,39.752678749454134,248.6417602170082
B,+/-$0.25,3.0486708328788574,155857,15,Snowfall,12,19169,0.9334950294135286,1.1418776376797382,33.066003090709536,4.478504672344167,18.074682395855568,3015.1116201130985
B,+/-$0.25,3.0486708328788574,155857,15,Snowfall,13,14578,1.5048403791155027,1.17607967942475,20.77550140187039,4.461845512263941,16.623437090830024,1716.1634002345515
B,+/-$0.25,3.0486708328788574,155857,15,Snowfall,14,9884,0.75349229554964,1.1130112471893987,40.016643244863694,4.388325953161792,15.811128976262316,2523.5184856950946
B,+/-$0.25,3.0486708328788574,155857,15,Snowfall,15,9861,1.4507794734183157,1.2615004654754476,9.084234364271495,3.8101971081963444,16.736099097547896,454.3386551241362
B,+/-$0.25,3.0486708328788574,155857,15,Snowfall,16,9022,1.4425027284192486,1.1919951457996962,10.332316183928342,3.336206079694975,11.411180892118953,570.1703620337404
B,+/-$0.25,3.0486708328788574,155857,15,Snowfall,17,10000,1.110190266193432,1.0983518351733053,19.368318710418627,4.637035336183581,17.11232542237207,866.4747954715672
B,+/-$0.25,3.0486708328788574,155857,15,Snowfall,18,7469,1.3616394525460576,1.1356962460214404,8.12173640243598,4.225392391977663,15.629774857887059,295.5779856775299
B,+/-$0.25,3.0486708328788574,155857,15,Snowfall,19,2084,0.9017420281716836,1.030793404139993,11.35692348407322,6.4273357583638715,18.788346487552154,311.6116245958277
B,+/-$0.25,3.0486708328788574,155857,15,Snowfall,21,1461,1.0880058744504943,1.1676717247659365,12.378195065150011,4.326510321308013,18.788386645028506,371.3787127870414
B,+/-$0.25,3.0486708328788574,155857,15,Snowfall,23,855,2.210622412282623,1.3121701448346448,16.094861832216562,5.017421826570114,13.075455062527382,335.25097912527264
C,+/-$0.50,2.9910786705717562,196325,1,Clear,0,95857,1.0348487624243068,1.0952970724109041,28.63864317783817,5.51060224597605,19.03268185295206,3872.1093473437054
C,+/-$0.50,2.9910786705717562,196325,1,Clear,1,57138,1.098223405159162,1.0739161837970697,37.07237792308712,5.933856725937034,20.7241783339533,4473.107798870385
C,+/-$0.50,2.9910786705717562,196325,1,Clear,2,35962,0.610840495455767,1.0588297662268538,28.038847457377752,6.167964816794463,19.690609211507397,3906.665111924302
C,+/-$0.50,2.9910786705717562,196325,1,Clear,3,23657,1.2608657181405993,1.058073750414061,48.43453130679458,6.702007158937967,22.598715826117065,5544.336500868881
C,+/-$0.50,2.9910786705717562,196325,1,Clear,4,19549,1.3919889815594768,1.0992430221767187,35.97072560849799,6.788789078804801,25.46827708262388,2807.301336527202
C,+/-$0.50,2.9910786705717562,196325,1,Clear,5,32073,1.278399569322002,1.1703564812476195,43.062075453036634,5.517174882464117,18.080407071432052,3751.1641713116173
C,+/-$0.50,2.9910786705717562,196325,1,Clear,6,64967,1.0749435441083717,1.1013373732960767,23.310416461554656,4.890620377599325,15.75503551672333,2770.825845126777
C,+/-$0.50,2.9910786705717562,196325,1,Clear,7,119329,1.111938954820509,1.0898923106178657,28.20558618659653,4.3363823097361704,14.937268690791397,2956.381585957894
C,+/-$0.50,2.9910786705717562,196325,1,Clear,8,165769,1.3241774741611214,1.1446009961780927,32.67101742012353,4.275123374939421,16.07708508260382,5683.445193390729
C,+/-$0.50,2.9910786705717562,196325,1,Clear,9,165688,1.550658896683952,1.1992647203254105,25.34644742885235,4.575318137470556,19.304944228329877,4144.736021209425
C,+/-$0.50,2.9910786705717562,196325,1,Clear,10,154738,1.8477151527971956,1.2388485912520226,19.360987095864303,4.676883883498323,22.266360995789316,3298.211803130099
C,+/-$0.50,2.9910786705717562,196325,1,Clear,11,143812,1.703509572837884,1.2547975088418943,33.07074732017724,4.661338830410395,21.012734677695086,10564.422507684094
C,+/-$0.50,2.9910786705717562,196325,1,Clear,12,169540,1.7161254131622956,1.2365555097176866,12.465856917504357,4.547419230098252,20.600822615931804,1812.9275741932045
C,+/-$0.50,2.9910786705717562,196325,1,Clear,13,153917,1.6191663880028058,1.2289255381467936,19.847415002359863,4.411750360185062,18.931238660193365,2645.3797047325247
C,+/-$0.50,2.9910786705717562,196325,1,Clear,14,193383,1.5490908102735181,1.2380002737606048,14.255162823431231,4.112460980994799,16.55719813042304,2386.2114703780494
C,+/-$0.50,2.9910786705717562,196325,1,Clear,15,209387,1.5534661176619704,1.2388485912520226,18.869904457424,4.218705943926984,18.93378246666401,3293.641221866192
C,+/-$0.50,2.9910786705717562,196325,1,Clear,16,189733,1.4232886693403701,1.209226353488168,21.127905929839287,3.850392447234989,14.303605191945337,5150.672636825781
C,+/-$0.50,2.9910786705717562,196325,1,Clear,17,187292,1.3664726595594705,1.1735492401352356,23.882791357627053,3.8727250761505787,15.111636694218253,5150.672636825781
C,+/-$0.50,2.9910786705717562,196325,1,Clear,18,170739,1.3178285412833335,1.1558364026852392,18.296428609912574,3.853172496225917,14.694023075103354,3624.5436470809427
C,+/-$0.50,2.9910786705717562,196325,1,Clear,19,149037,1.227171884731965,1.1297867899692535,24.04417995049121,4.013609984511331,14.886361700413048,4286.778522310866
C,+/-$0.50,2.9910786705717562,196325,1,Clear,20,169635,1.1302491964519994,1.1098581961707925,20.956904101280273,4.257152652622712,15.281178348567396,4044.8881702466883
C,+/-$0.50,2.9910786705717562,196325,1,Clear,21,157395,1.037596803543643,1.098023314749862,27.316582292372928,4.412338041289526,15.701392158393817,5251.159260355626
C,+/-$0.50,2.9910786705717562,196325,1,Clear,22,143199,1.0886052641803523,1.1077123201065882,23.361579557292554,4.831285284356769,17.758795373295964,2921.8258213772974
C,+/-$0.50,2.9910786705717562,196325,1,Clear,23,113775,0.962159478789854,1.114435192643834,50.03599420724607,5.3381787496663335,18.934141392007806,12874.536963044298
C,+/-$0.50,2.9910786705717562,196325,8,Rain,0,14421,0.8889901838081937,0.9900217940356456,20.205765587545457,5.609070494848469,19.433034033079213,1124.9260631862724
C,+/-$0.50,2.9910786705717562,196325,8,Rain,1,978,0.9874778020673335,2.077541971284689,13.740678390513947,5.519070828617524,20.203838957405566,225.47232324966737
C,+/-$0.50,2.9910786705717562,196325,8,Rain,2,5155,0.684958137029145,0.9695973110673983,36.74684736955252,5.134659853382855,18.435668562100474,1800.7690770597299
C,+/-$0.50,2.9910786705717562,196325,8,Rain,3,6361,1.3473449474424761,0.9943981886203449,35.09155800015332,6.825327387612878,23.99836141674119,1802.4679148267944
C,+/-$0.50,2.9910786705717562,196325,8,Rain,4,2463,0.9110659357989753,1.0859549315292367,13.610350749074943,5.839633455173801,20.219275357560058,408.74006830953977
C,+/-$0.50,2.9910786705717562,196325,8,Rain,6,2326,1.1833617796762308,1.1299832892600037,7.701439121992969,4.679466622017607,13.17403406060026,165.31010427629263
C,+/-$0.50,2.9910786705717562,196325,8,Rain,7,25151,1.0211619060261226,1.0934017964601719,25.521480407605107,4.128271880418093,14.023955286087185,2697.2133516034196
C,+/-$0.50,2.9910786705717562,196325,8,Rain,8,12292,1.655838208744281,1.1426061075745757,24.177074900712192,3.9868299573007597,13.754554228810449,1898.0370541275277
C,+/-$0.50,2.9910786705717562,196325,8,Rain,9,10663,1.3721418479621392,1.1848741857593337,12.974482018416838,4.207483028021144,13.75123592576271,803.5672375356916
C,+/-$0.50,2.9910786705717562,196325,8,Rain,13,18437,1.5534918233013664,1.2388485912520226,8.770597795497954,3.694705987636186,12.81151319018416,796.8035646194006
C,+/-$0.50,2.9910786705717562,196325,8,Rain,14,14207,1.531886293156407,1.2653090756835597,12.897386739328935,3.9744410138580433,15.434595909863717,1332.2606506698519
C,+/-$0.50,2.9910786705717562,196325,8,Rain,15,17036,1.483508688534197,1.2380214225309853,15.079964688140139,3.736591042357734,15.708429802978525,1072.2313263369251
C,+/-$0.50,2.9910786705717562,196325,8,Rain,16,3628,1.2312152518229111,1.0628035048650102,16.809718810347064,3.819895997175061,12.026024687605478,919.4553542359254
C,+/-$0.50,2.9910786705717562,196325,8,Rain,17,11290,1.0721115960279228,1.131600024235466,22.173890034640817,3.54090830141575,11.158846759750894,1695.0961787661172
C,+/-$0.50,2.9910786705717562,196325,8,Rain,18,18540,1.2297160277563737,1.1494080653872056,22.447282649070047,3.6920405121857733,13.58710280884626,2615.3883850025386
C,+/-$0.50,2.9910786705717562,196325,8,Rain,19,19235,1.2630402570464614,1.1558364026852392,36.06486476165124,4.3907032841661895,18.56625312713801,3353.7728786347557
C,+/-$0.50,2.9910786705717562,196325,8,Rain,20,9975,1.279563931506879,1.0732911454623835,28.760964648001448,3.7812962297142287,12.446120903568906,2664.0223735364375
C,+/-$0.50,2.9910786705717562,196325,8,Rain,21,12438,1.1240527615403395,1.0939354351796817,15.97837477567704,4.407256154679043,14.553090070220703,1545.44063725676
C,+/-$0.50,2.9910786705717562,196325,8,Rain,22,6028,0.7589058355827841,1.0821090964596252,30.568084396663178,4.6132885787534414,14.683577554982554,2284.4859597877876
C,+/-$0.50,2.9910786705717562,196325,8,Rain,23,6912,0.7899798761322983,1.088627848182645,17.638527948672994,4.673813184650545,15.404269841564563,654.8354410592889
C,+/-$0.50,2.9910786705717562,196325,15,Snowfall,1,342,1.2190825354886068,1.2708081791381731,4.342125547986629,3.8625090649521217,15.013504701504187,44.58936291752362
C,+/-$0.50,2.9910786705717562,196325,15,Snowfall,2,1267,1.4765684644584667,1.0888681835464358,25.450486316445694,7.920301998712713,38.78687542486882,376.6780120118
C,+/-$0.50,2.9910786705717562,196325,15,Snowfall,3,259,5.9795626716128005,1.0976524757583737,108.4786836288401,7.653982275985863,22.114774914615353,1721.6606232806712
C,+/-$0.50,2.9910786705717562,196325,15,Snowfall,5,902,-1.7806317704538217,1.2721514566753402,98.36249271569942,6.716451359145324,23.295370469565384,2939.1037036675957
C,+/-$0.50,2.9910786705717562,196325,15,Snowfall,6,1527,1.1126520451069086,1.0939354351796817,9.389494019435105,4.763238448461816,17.199647989031586,280.4917264872575
C,+/-$0.50,2.9910786705717562,196325,15,Snowfall,7,1929,1.161050710313806,1.058379057192906,6.626890527746374,4.4993431158032555,14.866952584644022,159.4392329007487
C,+/-$0.50,2.9910786705717562,196325,15,Snowfall,8,2527,1.0247237825652258,1.073717285102966,8.364841863671211,4.143178902543779,13.021586294107095,177.47692772557724
C,+/-$0.50,2.9910786705717562,196325,15,Snowfall,9,7407,0.896891818683307,1.0756270013081428,8.462682092717554,4.161251463239331,11.834320058014844,346.78164964439355
C,+/-$0.50,2.9910786705717562,196325,15,Snowfall,10,448,1.6852099932431095,1.1275177341171179,8.715930092985685,5.46119779367005,26.88430681430303,112.03632463987742
C,+/-$0.50,2.9910786705717562,196325,15,Snowfall,11,5572,2.023691997110295,1.3562679195254754,9.336665220857988,5.117217841796413,38.702676023858906,237.54159876554755
C,+/-$0.50,2.9910786705717562,196325,15,Snowfall,12,19169,0.9280552869786404,1.1336230984557485,32.503139556187755,4.519404531243372,18.789096087008733,2973.6594682481928
C,+/-$0.50,2.9910786705717562,196325,15,Snowfall,13,14578,1.486916912439737,1.1652543474574528,20.37030470794003,4.465613358208727,16.367318949577275,1679.1841057249821
C,+/-$0.50,2.9910786705717562,196325,15,Snowfall,14,9884,0.7437481271354776,1.1014223551060642,39.25821130241818,4.490209871934857,15.513817235176303,2472.6008818295413
C,+/-$0.50,2.9910786705717562,196325,15,Snowfall,15,9861,1.4391400485757904,1.2503645759281532,8.938973311007272,3.854465433459782,17.209176930307027,447.1991146600513
C,+/-$0.50,2.9910786705717562,196325,15,Snowfall,16,9022,1.4241678184716566,1.181061123632879,10.40369688357882,3.3513957413341116,11.424718467313994,583.8154099823419
C,+/-$0.50,2.9910786705717562,196325,15,Snowfall,17,10000,1.098532807359567,1.0884712431266936,19.301907705265222,4.75379106652531,17.357761207967258,854.0717947520187
C,+/-$0.50,2.9910786705717562,196325,15,Snowfall,18,7469,1.3512604348737225,1.1265822151081606,8.239160849172558,4.3202578295395195,16.36250138062618,284.23650387501465
C,+/-$0.50,2.9910786705717562,196325,15,Snowfall,19,2084,0.8779527315413228,1.0196401247516729,11.65243552185971,6.423277005983217,18.729707221292166,333.49926689448245
C,+/-$0.50,2.9910786705717562,196325,15,Snowfall,21,1461,1.0180492023574372,1.165091594633474,13.973726397078066,4.37312825154748,18.3108728435189,448.55289263309953
C,+/-$0.50,2.9910786705717562,196325,15,Snowfall,23,855,2.159712087550644,1.314752398910664,15.68658517732412,4.776693927213047,13.853200185863484,325.8184475632333
D,+/-$1.00,3.01799878914405,479000,1,Clear,0,95857,1.045383063345636,1.0990974725093776,28.36904141563123,5.439518836931253,18.691745825804677,3883.6680656972226
D,+/-$1.00,3.01799878914405,479000,1,Clear,1,57138,1.1098936335256269,1.078987311332873,36.70158880797733,5.849721447005141,20.370544218126728,4387.110934320215
D,+/-$1.00,3.01799878914405,479000,1,Clear,2,35962,0.6308807541995168,1.064323494033855,27.939110868324804,6.081187569057015,19.264247717777106,3917.915597788392
D,+/-$1.00,3.01799878914405,479000,1,Clear,3,23657,1.2656652972138078,1.0615849895629943,47.56676119130095,6.59436974206524,22.152492409166307,5448.784429146471
D,+/-$1.00,3.01799878914405,479000,1,Clear,4,19549,1.394712361263611,1.1011417379887036,35.52228227667991,6.689548512927516,25.014419018366713,2749.821744949553
D,+/-$1.00,3.01799878914405,479000,1,Clear,5,32073,1.276023120800365,1.1719817437150237,42.84523792606815,5.443587712128748,17.639700696325658,3763.80170337813
D,+/-$1.00,3.01799878914405,479000,1,Clear,6,64967,1.0747202195025904,1.1043388592970658,22.950531779360755,4.808332106612652,15.62218981311347,2713.67160972787
D,+/-$1.00,3.01799878914405,479000,1,Clear,7,119329,1.112383760593222,1.0926985636734108,28.278264148220135,4.2885707503496775,14.889592075657232,2976.1084652812306
D,+/-$1.00,3.01799878914405,479000,1,Clear,8,165769,1.3282662907490044,1.1489865274336928,32.663126338864245,4.269752013640339,16.198127235388068,5629.232204338203
D,+/-$1.00,3.01799878914405,479000,1,Clear,9,165688,1.5552379308857505,1.2035432081850814,25.30432915219051,4.535462451399916,19.782855026507747,4075.326703077925
D,+/-$1.00,3.01799878914405,479000,1,Clear,10,154738,1.8508362054564842,1.243604661667049,19.1867429683088,4.6670304767918,22.118441519404495,3222.694843220452
D,+/-$1.00,3.01799878914405,479000,1,Clear,11,143812,1.710149938262669,1.2589852955921241,32.75929911131411,4.6563079296894205,21.237067119470648,10437.750502094106
D,+/-$1.00,3.01799878914405,479000,1,Clear,12,169540,1.7226187202363374,1.2412641742935526,12.410218278775094,4.516233758111752,20.75260569993551,1829.1953831302749
D,+/-$1.00,3.01799878914405,479000,1,Clear,13,153917,1.6260347584625354,1.234114970240187,19.849217200599387,4.3889667731315605,18.843926496257808,2667.880676460705
D,+/-$1.00,3.01799878914405,479000,1,Clear,14,193383,1.5566774633128202,1.242500393589501,14.2667445724242,4.114563082843799,16.618590117969486,2411.024185776934
D,+/-$1.00,3.01799878914405,479000,1,Clear,15,209387,1.5619282983770866,1.243604661667049,18.903670638514782,4.241022960145178,19.297979689793852,3231.8235479053246
D,+/-$1.00,3.01799878914405,479000,1,Clear,16,189733,1.4322407033683189,1.2143550582784948,21.078666411915307,3.835810259226195,14.526485062892041,5150.826753070495
D,+/-$1.00,3.01799878914405,479000,1,Clear,17,187292,1.3778855326150394,1.1774537017559945,23.811646754676687,3.8703550114555028,15.285531457471697,5150.826753070495
D,+/-$1.00,3.01799878914405,479000,1,Clear,18,170739,1.3283081406635684,1.1612305498473172,18.336902934041483,3.832093052398667,14.934101659368922,3624.652099140523
D,+/-$1.00,3.01799878914405,479000,1,Clear,19,149037,1.2402311321568094,1.1344364960286302,24.066684670383022,3.981190359069998,14.934101659368922,4294.638450791257
D,+/-$1.00,3.01799878914405,479000,1,Clear,20,169635,1.143449898352952,1.1141190588532515,20.90965841625925,4.212548437843755,15.267290867505766,4054.90572615307
D,+/-$1.00,3.01799878914405,479000,1,Clear,21,157395,1.051124783215567,1.1035985706965656,27.12871425041484,4.354221276551274,15.581157338322791,5171.880804802304
D,+/-$1.00,3.01799878914405,479000,1,Clear,22,143199,1.0987047798183887,1.1137583403295084,23.37917572950728,4.768338841321403,17.65924657027491,2941.860933190061
D,+/-$1.00,3.01799878914405,479000,1,Clear,23,113775,0.9725662564957551,1.1183080090028288,49.580383473178834,5.260727616747556,18.781936896169494,12727.25906613402
D,+/-$1.00,3.01799878914405,479000,8,Rain,0,14421,0.8927668554939948,0.9946120937865008,20.192698268287245,5.548217863333148,18.93246206290223,1160.9892644492465
D,+/-$1.00,3.01799878914405,479000,8,Rain,1,978,1.000969694992688,2.0705739816443063,13.449778451221668,5.459875961796573,19.707776148692545,221.4750885869685
D,+/-$1.00,3.01799878914405,479000,8,Rain,2,5155,0.6925916458154013,0.975705706679971,36.5106447246967,5.090763200582423,18.17263525882519,1817.1453380563805
D,+/-$1.00,3.01799878914405,479000,8,Rain,3,6361,1.36031476646927,0.999526660868322,34.899001523139916,6.7032051069250125,23.461548507273633,1772.9155448961471
D,+/-$1.00,3.01799878914405,479000,8,Rain,4,2463,0.9203928554945754,1.087160782833311,13.331528229534591,5.727172655249593,20.123022976952644,393.09622589785806
D,+/-$1.00,3.01799878914405,479000,8,Rain,6,2326,1.184545946404603,1.1329240043230868,7.5202194506718865,4.5596886412189335,12.847370405366904,162.53027157791186
D,+/-$1.00,3.01799878914405,479000,8,Rain,7,25151,1.015400186077915,1.0963153849985898,25.604094983608856,4.063950478632917,13.984560937606549,2719.251974597459
D,+/-$1.00,3.01799878914405,479000,8,Rain,8,12292,1.657583197536966,1.147560524739346,24.223204154737196,3.9505066001525493,13.512282888187329,1913.545698647535
D,+/-$1.00,3.01799878914405,479000,8,Rain,9,10663,1.375046360588148,1.1907602407336135,13.038678832109472,4.179506867679705,13.2406956964464,809.874145752598
D,+/-$1.00,3.01799878914405,479000,8,Rain,13,18437,1.5611996243685158,1.243604661667049,8.729117696869153,3.692834430218849,12.789425449133823,788.4608594525552
D,+/-$1.00,3.01799878914405,479000,8,Rain,14,14207,1.5390674723658448,1.2712594421621857,13.15112575602073,3.974583012676947,15.438609406639719,1366.474456996263
D,+/-$1.00,3.01799878914405,479000,8,Rain,15,17036,1.4947117391066447,1.243604661667049,15.042788722779747,3.7245371732737986,16.096545453647376,1061.0239307005809
D,+/-$1.00,3.01799878914405,479000,8,Rain,16,3628,1.236974230265159,1.0682570890561798,16.501210178126502,3.743892072514049,11.764044372563353,903.3634049221704
D,+/-$1.00,3.01799878914405,479000,8,Rain,17,11290,1.0774261498546298,1.136427531092474,22.450325072883253,3.5180655800092966,11.146755180413463,1726.0735439535435
D,+/-$1.00,3.01799878914405,479000,8,Rain,18,18540,1.2414603230782115,1.1539412325941067,22.525501650887534,3.6904832961535003,13.545064816281428,2624.4983580072976
D,+/-$1.00,3.01799878914405,479000,8,Rain,19,19235,1.278148573832704,1.1589864154480956,36.27349445923316,4.3990652209557615,18.962527690632257,3369.95508432968
D,+/-$1.00,3.01799878914405,479000,8,Rain,20,9975,1.2915839631278165,1.0795020112457165,28.83716068113383,3.7577063436504408,12.38798962111174,2672.698538302875
D,+/-$1.00,3.01799878914405,479000,8,Rain,21,12438,1.1408117455312645,1.0978094386529924,16.05687077098297,4.330111648932236,14.348495484840292,1564.0943915046007
D,+/-$1.00,3.01799878914405,479000,8,Rain,22,6028,0.7777741847630654,1.0865666982105564,29.88249058824538,4.549508639035014,14.675304176240353,2231.669806772099
D,+/-$1.00,3.01799878914405,479000,8,Rain,23,6912,0.7991511176187189,1.0920691709356853,17.580653415139896,4.611508909788033,15.270076977194938,644.8434560978833
D,+/-$1.00,3.01799878914405,479000,15,Snowfall,1,342,1.2298671652633906,1.2724659535398533,4.242513939979187,3.907504086360836,15.016212621348249,42.79027265319534
D,+/-$1.00,3.01799878914405,479000,15,Snowfall,2,1267,1.4832049091288646,1.0920691709356853,24.971455880385832,7.689790934783829,38.027405619808896,377.4690441545779
D,+/-$1.00,3.01799878914405,479000,15,Snowfall,3,259,5.894907601643213,1.0995746684593957,106.66267780252339,7.529352493403479,21.593379612077186,1692.8290428605274
D,+/-$1.00,3.01799878914405,479000,15,Snowfall,5,902,-1.7923768401013493,1.2700269344804085,99.0078821271699,6.68754106309581,22.887469060560026,2958.9846992356456
D,+/-$1.00,3.01799878914405,479000,15,Snowfall,6,1527,1.0828085992062462,1.0962442918114286,9.339816850383293,4.749809067010071,16.741123387372223,275.09918731879407
D,+/-$1.00,3.01799878914405,479000,15,Snowfall,7,1929,1.1669361533014673,1.0615166180698221,6.502147143957967,4.382042144006525,14.689654045847279,156.7117675373453
D,+/-$1.00,3.01799878914405,479000,15,Snowfall,8,2527,1.0330151638181406,1.078829759341632,8.183307945050306,4.114480436824658,12.743881253759078,174.49249934438683
D,+/-$1.00,3.01799878914405,479000,15,Snowfall,9,7407,0.9122733277083634,1.080517905108715,8.281747442431012,4.133057209435931,11.652855534201905,339.53746054737445
D,+/-$1.00,3.01799878914405,479000,15,Snowfall,10,448,1.6876231224320768,1.1293896554734553,8.813827974766,5.496688092540997,27.5623631765799,113.54657454862681
D,+/-$1.00,3.01799878914405,479000,15,Snowfall,11,5572,2.0314803122926026,1.358422942718754,9.415986266613555,5.122357504729778,39.32622778372691,242.78284247545102
D,+/-$1.00,3.01799878914405,479000,15,Snowfall,12,19169,0.9306238096028405,1.138610289264152,32.767339292476386,4.497124243341146,18.277894807798265,2993.232231326815
D,+/-$1.00,3.01799878914405,479000,15,Snowfall,13,14578,1.4953799656470994,1.1697570662608103,20.558924180179776,4.471714278901402,16.516174748440367,1696.6448873174377
D,+/-$1.00,3.01799878914405,479000,15,Snowfall,14,9884,0.7483491017818642,1.1076106458505508,39.61454954199262,4.418792705784983,15.43302408022671,2496.643016004857
D,+/-$1.00,3.01799878914405,479000,15,Snowfall,15,9861,1.4446359201907706,1.256145648968511,9.005985805803446,3.822127070901225,17.052562113770808,450.57024324341637
D,+/-$1.00,3.01799878914405,479000,15,Snowfall,16,9022,1.432825145831685,1.186404472401909,10.36846402691848,3.3363835938610102,11.536268533314518,577.3725287643819
D,+/-$1.00,3.01799878914405,479000,15,Snowfall,17,10000,1.1040371942149863,1.0926985636734108,19.32433462335461,4.744382655411217,17.284262787569823,859.9282095248604
D,+/-$1.00,3.01799878914405,479000,15,Snowfall,18,7469,1.3561611708970662,1.132044217474241,8.180649618951128,4.272223450406201,15.942074436235863,289.59169356467413
D,+/-$1.00,3.01799878914405,479000,15,Snowfall,19,2084,0.8891854962062457,1.0254795463712925,11.509768031527026,6.425193456521183,18.776373533209966,323.1644201425601
D,+/-$1.00,3.01799878914405,479000,15,Snowfall,21,1461,1.0510811514130312,1.1683543644093535,13.203696262730196,4.339121651909894,18.53167584822634,412.11300061406183
D,+/-$1.00,3.01799878914405,479000,15,Snowfall,23,855,2.183750784684686,1.307280762675566,15.87544649643697,4.826846836321464,13.489590401963461,330.27227437775224
E,+/-$2.00,3.0333960338928465,937897,1,Clear,0,95857,1.0513242129189861,1.101291633280077,28.222351955508316,5.393969034035466,18.523817602768325,3890.186967627907
E,+/-$2.00,3.0333960338928465,937897,1,Clear,1,57138,1.1164754250273228,1.0812920348198345,36.49667135230867,5.802766085496766,20.275423709324656,4338.610303955922
E,+/-$2.00,3.0333960338928465,937897,1,Clear,2,35962,0.6421830869859452,1.0670284829902679,27.88532650874874,6.0220122392933595,19.055040784173233,3924.2606623342585
E,+/-$2.00,3.0333960338928465,937897,1,Clear,3,23657,1.26837217044403,1.064186670532728,47.079746127575696,6.51806405873837,21.903683413800906,5394.894839852811
E,+/-$2.00,3.0333960338928465,937897,1,Clear,4,19549,1.3962482967080336,1.1014949567862626,35.27385576731323,6.636317019937106,24.699102025300203,2717.404325556643
E,+/-$2.00,3.0333960338928465,937897,1,Clear,5,32073,1.274682848083091,1.1733238541156301,42.72818589979659,5.413568615528991,17.36468064275707,3770.929036155678
E,+/-$2.00,3.0333960338928465,937897,1,Clear,6,64967,1.074594268583183,1.106031641514639,22.753299120465982,4.769281505167397,15.577337449066015,2681.437685161712
E,+/-$2.00,3.0333960338928465,937897,1,Clear,7,119329,1.1126346227668502,1.0955879318550115,28.323893689638943,4.2825240615441444,14.814813326233278,2987.234057909599
E,+/-$2.00,3.0333960338928465,937897,1,Clear,8,165769,1.3305723071717384,1.1512872814053898,32.662283584732975,4.262131339298227,16.118850568455578,5598.657087946068
E,+/-$2.00,3.0333960338928465,937897,1,Clear,9,165688,1.5578204209149926,1.205492346483003,25.284880738041267,4.52203907598523,19.90073754523704,4036.18114003743
E,+/-$2.00,3.0333960338928465,937897,1,Clear,10,154738,1.8525964210430343,1.2462869968241777,19.0911819167443,4.667147918677676,21.89955851415931,3180.1046839399796
E,+/-$2.00,3.0333960338928465,937897,1,Clear,11,143812,1.7138949807201593,1.2624519132551848,32.58557194513447,4.647905825722616,21.273799368277867,10366.309849545205
E,+/-$2.00,3.0333960338928465,937897,1,Clear,12,169540,1.7262808245222,1.2440928452502313,12.381074693048804,4.514756774655692,20.90763807017507,1838.3701244678907
E,+/-$2.00,3.0333960338928465,937897,1,Clear,13,153917,1.6299083915143322,1.2368936078052863,19.854543509801715,4.4132420882143055,19.04763445155198,2680.5708055524374
E,+/-$2.00,3.0333960338928465,937897,1,Clear,14,193383,1.5609561943652375,1.2449309023913333,14.275834632416107,4.10783137609158,16.666643503268748,2425.018095254803
E,+/-$2.00,3.0333960338928465,937897,1,Clear,15,209387,1.5667008107365379,1.2462869968241777,18.925893309107504,4.248710438933239,19.41536132695313,3196.9595308223843
E,+/-$2.00,3.0333960338928465,937897,1,Clear,16,189733,1.43728948387525,1.2170780038143316,21.053504398760957,3.828186167497595,14.565724218224398,5150.913671762904
E,+/-$2.00,3.0333960338928465,937897,1,Clear,17,187292,1.3843221805132873,1.180661222962877,23.7728760142514,3.8645840223190415,15.322632882080887,5150.913671762904
E,+/-$2.00,3.0333960338928465,937897,1,Clear,18,170739,1.3342184395862708,1.1636239980532919,18.362202127565197,3.824099585987101,14.852674713326033,3624.7132640827745
E,+/-$2.00,3.0333960338928465,937897,1,Clear,19,149037,1.2475963045442133,1.1371119869373614,24.080758264557524,3.960653184427537,14.814813326233278,4299.071304104123
E,+/-$2.00,3.0333960338928465,937897,1,Clear,20,169635,1.1508948484310306,1.116522106069867,20.88637914567002,4.189211846880322,15.227785803550239,4060.5554411596636
E,+/-$2.00,3.0333960338928465,937897,1,Clear,21,157395,1.0587543118626364,1.1060550189624392,27.026475754526825,4.331796034257606,15.597147460890826,5127.16923201699
E,+/-$2.00,3.0333960338928465,937897,1,Clear,22,143199,1.1044007185875635,1.115511657983763,23.392041387497763,4.744465369698158,17.608613987349795,2953.1603632032475
E,+/-$2.00,3.0333960338928465,937897,1,Clear,23,113775,0.9784354853500565,1.12029276191577,49.32687179428488,5.213804196537861,18.597934477848973,12644.19707455747
E,+/-$2.00,3.0333960338928465,937897,8,Rain,0,14421,0.8948968280040211,0.9986040491799447,20.194682289522024,5.479232556030256,18.72350622154193,1181.3282384729823
E,+/-$2.00,3.0333960338928465,937897,8,Rain,1,978,1.0085788713866195,2.055916162317929,13.286290680025333,5.413862634143551,19.42800596115475,219.22072266480396
E,+/-$2.00,3.0333960338928465,937897,8,Rain,2,5155,0.6968968026366573,0.9792774327211328,36.38609595465484,5.043640423454544,17.91576179570671,1826.3812443362474
E,+/-$2.00,3.0333960338928465,937897,8,Rain,3,6361,1.36762950290531,1.0017514603542752,34.79412422074936,6.613733733950486,23.167285638554777,1756.2485585136494
E,+/-$2.00,3.0333960338928465,937897,8,Rain,4,2463,0.9256530645377768,1.0902756835716692,13.176908048400596,5.696247831189671,19.90221192480657,384.27339006244694
E,+/-$2.00,3.0333960338928465,937897,8,Rain,6,2326,1.1852137943904906,1.1344716909220107,7.419017099576876,4.50340630047388,12.663138186218042,160.96249769587592
E,+/-$2.00,3.0333960338928465,937897,8,Rain,7,25151,1.0121506833090372,1.0990670027638767,25.657646395690573,4.047160947316543,13.798885813099995,2731.681347611964
E,+/-$2.00,3.0333960338928465,937897,8,Rain,8,12292,1.6585673387247466,1.1502363812681011,24.25048044846308,3.939585382838536,13.304241345122177,1922.2922853893954
E,+/-$2.00,3.0333960338928465,937897,8,Rain,9,10663,1.3766844516278542,1.1926429825712301,13.076380961089889,4.1629311622948615,13.236001398822458,813.4311245537408
E,+/-$2.00,3.0333960338928465,937897,8,Rain,13,18437,1.5655466806528906,1.2462869968241777,8.707342551402725,3.6788840719979614,12.57950619684058,783.7557290777215
E,+/-$2.00,3.0333960338928465,937897,8,Rain,14,14207,1.5431175237280486,1.2735284126812834,13.295698898563687,3.955795530293402,16.065141242678926,1385.7704067110892
E,+/-$2.00,3.0333960338928465,937897,8,Rain,15,17036,1.5010300510312586,1.2462869968241777,15.023107004879781,3.7117084878864737,16.19983898106183,1054.7031682408333
E,+/-$2.00,3.0333960338928465,937897,8,Rain,16,3628,1.2402221868757215,1.0707659905613518,16.327585407970137,3.731064361133881,11.616292352893304,894.2878451376383
E,+/-$2.00,3.0333960338928465,937897,8,Rain,17,11290,1.0804234592571123,1.1391824132348298,22.61008234018425,3.482729230559866,11.261794600301004,1743.5442011277783
E,+/-$2.00,3.0333960338928465,937897,8,Rain,18,18540,1.248083886963628,1.1558138563707652,22.57019640508691,3.661796255420599,13.639100759606912,2629.6362131563624
E,+/-$2.00,3.0333960338928465,937897,8,Rain,19,19235,1.2866693831867326,1.160909218072471,36.39238773178062,4.371974403004087,18.941555163786504,3379.081547032638
E,+/-$2.00,3.0333960338928465,937897,8,Rain,20,9975,1.298363037151778,1.082331600341829,28.880912798881482,3.7092798662263893,12.288046623000076,2677.5917336829366
E,+/-$2.00,3.0333960338928465,937897,8,Rain,21,12438,1.1502635004536872,1.100821475408725,16.10302575402499,4.290821656622143,14.3904942595435,1574.6147615717337
E,+/-$2.00,3.0333960338928465,937897,8,Rain,22,6028,0.7884155823763862,1.088686155331813,29.496360767737606,4.521790020989434,14.78314965979142,2201.8824798959727
E,+/-$2.00,3.0333960338928465,937897,8,Rain,23,6912,0.8043235270506356,1.0944002331729794,17.550453820545105,4.585999694399172,15.1884290065079,639.2081626281314
E,+/-$2.00,3.0333960338928465,937897,15,Snowfall,1,342,1.235949495649022,1.2737129032259067,4.188982758389935,3.9145391029116294,15.017739837719454,41.775619242764535
E,+/-$2.00,3.0333960338928465,937897,15,Snowfall,2,1267,1.4869477403538829,1.0950266965727302,24.705298086019184,7.624970021858252,37.59907879090964,377.9151715542666
E,+/-$2.00,3.0333960338928465,937897,15,Snowfall,3,259,5.847163718438461,1.101291633280077,105.6385759380402,7.459063616605138,21.299322369707262,1676.5685683410175
E,+/-$2.00,3.0333960338928465,937897,15,Snowfall,5,902,-1.7990008406920377,1.2689228386331646,99.37221462019646,6.7050521795595,22.538226806125856,2970.197210556423
E,+/-$2.00,3.0333960338928465,937897,15,Snowfall,6,1527,1.0659774513964282,1.097349224268431,9.379943803316865,4.677825243011695,16.460615897509193,272.05789563562996
E,+/-$2.00,3.0333960338928465,937897,15,Snowfall,7,1929,1.1702554335609023,1.0612716691485795,6.433546104501784,4.343272121113173,14.57683145394994,155.17352785716875
E,+/-$2.00,3.0333960338928465,937897,15,Snowfall,8,2527,1.0376913484611567,1.0811699281176292,8.081571305958121,4.076491184346187,12.451457767990242,172.80933730677117
E,+/-$2.00,3.0333960338928465,937897,15,Snowfall,9,7407,0.9209482123983057,1.083388656924762,8.181100845212192,4.08788036115198,11.545623651511956,335.45187278180435
E,+/-$2.00,3.0333960338928465,937897,15,Snowfall,10,448,1.6889840823627391,1.131460481274795,8.869529622189628,5.516373016506699,27.944774339649253,114.39832737665265
E,+/-$2.00,3.0333960338928465,937897,15,Snowfall,11,5572,2.0358727770387723,1.3573278830897604,9.462071158689543,5.131842634124091,39.541382475949796,245.7388063370742
E,+/-$2.00,3.0333960338928465,937897,15,Snowfall,12,19169,0.9320724085375843,1.1406645689515218,32.9175886880453,4.482213825667517,17.997128035509714,3004.2709052627742
E,+/-$2.00,3.0333960338928465,937897,15,Snowfall,13,14578,1.500152970075931,1.172391756798507,20.667447598046977,4.457929703793368,16.533980251627735,1706.492443019812
E,+/-$2.00,3.0333960338928465,937897,15,Snowfall,14,9884,0.750943965813328,1.1110173165712036,39.81692609820669,4.408242014293582,15.71891180617129,2510.202332020681
E,+/-$2.00,3.0333960338928465,937897,15,Snowfall,15,9861,1.4477354894497436,1.2583859647226419,9.045028792317655,3.793702916515842,16.741685088884932,452.471496994789
E,+/-$2.00,3.0333960338928465,937897,15,Snowfall,16,9022,1.4377077172652803,1.1897917158218614,10.349797294546018,3.3368234963883587,11.629937656889636,573.7388637224311
E,+/-$2.00,3.0333960338928465,937897,15,Snowfall,17,10000,1.1071415659110155,1.0962598064844968,19.344036702082303,4.6919908664644145,17.25002747944762,863.2311184116359
E,+/-$2.00,3.0333960338928465,937897,15,Snowfall,18,7469,1.3589250947636449,1.1344716909220107,8.150060696773531,4.244157611880401,15.727502198368978,292.61192083723154
E,+/-$2.00,3.0333960338928465,937897,15,Snowfall,19,2084,0.8955205663257462,1.0285757725939142,11.431762065413198,6.426274298940723,18.817334301797963,317.33575900696513
E,+/-$2.00,3.0333960338928465,937897,15,Snowfall,21,1461,1.069710555633029,1.1645595281585612,12.782129558267544,4.30147863557821,18.661192573278363,391.56158001780216
E,+/-$2.00,3.0333960338928465,937897,15,Snowfall,23,855,2.197308162273228,1.3103444668846764,15.985072763729931,4.9363807088948235,13.284521254175086,332.78414977190147
