pickup_timestamp,WeatherCode,hour,fare,trip_distance,delta_P,delta_L,epsilon
2026-02-20 11:40:00,3,11,31.109999999999999,328522.20000000001,0.4570154825622319,50898.071683814327,111370.56319942842
2026-02-27 17:12:00,1,17,74.099999999999994,298292.14000000001,2.470422605524313,46214.424761487593,18707.092729051197
2026-03-09 14:28:00,1,14,21.390000000000001,288381.67999999999,0.0017859585987188079,44678.963188541908,25016796.705474153
2026-01-28 01:08:00,2,1,12.19,269097.47999999998,-0.42908972251900973,41691.195913864547,-97161.954075974223
2026-02-20 08:00:00,3,8,15.07,240830.73999999999,-0.29420690060389471,37311.732895755747,-126821.40636120013
2026-02-03 08:05:00,1,8,44.189999999999998,237905.70000000001,1.0696082987600459,36858.546412047726,34459.854560567983
2026-01-30 13:00:00,1,13,72.989999999999995,237567.19,2.418436517911196,36806.099896239393,15218.964659047089
2026-01-21 16:31:00,3,16,13.58,236216.69,-0.36399002721970075,36596.862297352644,-100543.58515504916
2026-01-17 10:40:00,3,10,22.75,236183.06,0.065480624503078649,36591.651886060114,558816.47683949186
2026-01-02 21:31:00,3,21,31.210000000000001,221544.91,0.46169891387872902,34323.713079585468,74342.200182435379
2026-01-02 07:07:00,3,7,27.609999999999999,221436.73000000001,0.29309538648483519,34306.952380994153,117050.4687652912
2026-03-28 20:13:00,3,20,17.149999999999999,208321.67999999999,-0.19679152922075616,32274.992683637902,-164006.00580440921
2026-03-24 21:51:00,1,21,25.98,200520.75,0.21675545602593335,31066.367831891454,143324.50219003746
2026-03-18 21:15:00,3,21,33.100000000000001,200113.59,0.55021576576052333,31003.28513602864,56347.504134446324
2026-03-21 00:50:00,8,0,28.780000000000001,200042.67999999999,0.34789153288785074,30992.298806419563,89086.096891040186
2026-03-16 08:45:00,9,8,24.079999999999998,199688.67999999999,0.12777026101248931,30937.452371761356,242133.43642412435
2026-02-25 07:39:00,3,7,22.129999999999999,197869.5,0.036443350340796897,30655.600572322044,841185.0251321242
2026-02-24 18:03:00,1,18,42.960000000000001,197805.79000000001,1.0120020935671323,30645.729763417883,30282.279017227116
2026-02-26 20:06:00,3,20,29.960000000000001,196820.95999999999,0.40315602242251591,30493.146672331884,75636.093661958075
2026-01-17 10:39:00,3,10,33.590000000000003,196490.48000000001,0.57316457921135888,30441.944271976397,53112.047352721522
2026-02-17 15:24:00,5,15,55.409999999999997,194203.57999999999,1.5950892924710147,30087.627008078503,18862.660009126255
2026-01-29 07:51:00,1,7,60.200000000000003,192081.67999999999,1.8194256525312236,29758.873760334867,16356.191152374757
2026-02-03 06:52:00,1,6,21.649999999999999,192007.26999999999,0.013962880021611042,29747.345163716454,2130459.1257444751
2026-02-28 17:06:00,5,17,14.84,190858.87,-0.30497879263183791,29569.419611282883,-96955.658313521752
2026-03-19 20:01:00,3,20,19.93,187105.07000000001,-0.066592138622138142,28987.830497102164,-435304.09289881767
2026-01-07 17:51:00,3,17,12.18,184908.32999999999,-0.42955806565065946,28647.482031364678,-66690.592779283077
2026-03-19 20:06:00,3,20,15.93,183605.04999999999,-0.25392939128202013,28445.560389100985,-112021.53577215745
2026-03-10 19:43:00,1,19,20.870000000000001,183495.35000000001,-0.022567884247065826,28428.564191694193,-1259691.1558242482
2026-01-27 14:46:00,1,14,71.010000000000005,183363.75,2.3257045778445549,28408.17495214329,12214.868226501823
2026-03-14 17:49:00,2,17,31.600000000000001,179186.51999999999,0.47996429601306756,27760.982375173513,57839.68225506859
2026-01-28 19:37:00,3,19,41.18,178237.67999999999,0.92863701613348482,27613.975338277771,29736.026949746814
2026-01-13 20:46:00,1,20,15,176264.12,-0.29748530252544264,27308.204915723956,-91796.820494647473
2026-03-28 23:33:00,3,23,26.210000000000001,173660.98999999999,0.22752734805387659,26904.893052865715,118249.05130303219
2026-03-06 05:17:00,9,5,29.18,173146.70000000001,0.3666252581538389,26825.212338514393,73167.933037658629
2026-03-21 20:28:00,3,20,40.140000000000001,172977.10999999999,0.87992933044191546,26798.937177910761,30455.783493944768
2026-03-10 10:27:00,2,10,39.479999999999997,172432.89999999999,0.8490186837530348,26714.620855296798,31465.29206778638
2026-03-03 10:45:00,3,10,50.579999999999998,170943.88,1.3688795598842074,26483.921877514986,19347.152703306667
2026-02-15 13:46:00,3,13,23.870000000000001,170941.09,0.11793505524784564,26483.489613241829,224559.9457903812
2026-01-19 17:13:00,1,17,8.5999999999999996,167957.87,-0.59722490678125384,26021.289102504386,-43570.334738291866
2026-01-11 17:35:00,3,17,44.619999999999997,167441.48999999999,1.0897470534209832,25941.284577281771,23804.867832260446
2026-03-20 22:48:00,3,22,23.719999999999999,166887.07999999999,0.11090990827309997,25855.387933669183,233120.63219819768
2026-03-13 09:18:00,1,9,26.510000000000002,166294.85000000001,0.24157764200336776,25763.631707687182,106647.41775784043
2026-02-13 01:06:00,3,1,38.700000000000003,165480.78,0.81248791948435806,25637.505049319367,31554.321528362045
2026-02-10 07:54:00,3,7,29.190000000000001,165025.22,0.36709360128548868,25566.923575384641,69646.878850119872
2026-01-29 07:53:00,1,7,42.270000000000003,164789.12,0.97968641748330276,25530.343792269381,26059.709858848284
2026-01-09 21:06:00,3,21,8.5,163954.32999999999,-0.60190833809775079,25401.006913206314,-42200.789232265386
2026-01-05 19:07:00,3,19,21.07,160979.64000000001,-0.013201021614071762,24940.127984637336,-1889257.4161118071
2026-02-15 10:25:00,5,10,9.8499999999999996,159540.32000000001,-0.53868201532504068,24717.12919838804,-45884.452228229165
2026-01-14 21:08:00,3,21,41.189999999999998,155023.85999999999,0.92910535926513438,24017.378553539438,25850.005399318456
2026-01-16 08:35:00,1,8,23.010000000000002,153394.69,0.077657545925971044,23764.96565536964,306022.6198497719
