weather_class,hour,n_valid,mean_elasticity,std_elasticity,variance_elasticity
1,0,325900,1.0533696746891015,41.894714093971132,1755.1670690155834
1,1,219403,0.93774130856278148,32.417780363033927,1050.912483665908
1,2,144129,0.83450125084282634,30.331041276280068,919.97206490340523
1,3,109419,1.1276710961212628,45.564918837111406,2076.1618286325497
1,4,89198,1.346489629841481,48.156954404745854,2319.0922575407712
1,5,98060,1.2676066512831878,39.474279085030574,1558.2187092828822
1,6,189133,1.0822126375992551,39.018001599239668,1522.4044487982692
1,7,336699,1.1057907414529238,28.989233552313216,840.37566195056229
1,8,442448,1.2772581205033842,28.337494066335374,803.01356995959259
1,9,450351,1.4717892026466075,24.593096181934985,604.82037981390511
1,10,460006,1.5942250533305184,18.667437384320461,348.47321849752512
1,11,484443,1.5187436594133217,54.258465203950287,2943.9810462882842
1,12,510227,1.5579618340262233,16.255304642767886,264.23492902919116
1,13,535902,1.5385133622727911,18.616771122950208,346.58416704431278
1,14,578417,1.4940605334561812,14.049535808538687,197.38945643541084
1,15,610404,1.4651517852973295,17.426702105656737,303.68994627930095
1,16,590467,1.4610127754653623,20.662763614669288,426.94980019570102
1,17,660075,1.4253302370447729,48.921161765633741,2393.2800684993044
1,18,695088,1.3199392920663744,21.635783045555637,468.10710799435276
1,19,643438,1.1706506423824576,36.69316196546901,1346.3881350241415
1,20,643673,1.0782885547091035,21.116122211568854,445.8906172539115
1,21,650819,1.0401630510608155,24.495386593351999,600.02396435776882
1,22,584249,1.0971982011215875,25.911367940522791,671.39898854915225
1,23,445342,1.0480167909885021,37.035265010365634,1371.610854388013
2,1,342,1.2298671652633906,4.2425139399791849,17.998924530917709
2,2,1267,1.4832049091288646,24.971455880385825,623.57360878605584
2,3,259,5.8949076016432125,106.66267780252342,11376.926836004923
2,5,902,-1.7923768401013491,99.00788212716995,9802.5607233075789
2,6,1527,1.0828085992062462,9.339816850383297,87.232178798703771
2,7,1929,1.1669361533014673,6.5021471439579628,42.277917481680696
2,8,2527,1.0330151638181406,8.1833079450503021,66.966528923523398
2,9,7407,0.91227332770836345,8.2817474424310156,68.587340700212664
2,10,448,1.6876231224320768,8.8138279747660011,77.683563568767752
2,11,5572,2.0314803122926026,9.4159862666135634,88.660797373055232
2,12,19169,0.93062380960284052,32.767339292476485,1073.6985243082734
2,13,14578,1.4953799656470994,20.558924180179833,422.66936344638304
2,14,9884,0.74834910178186431,39.614549541992638,1569.312535414989
2,15,9861,1.4446359201907706,9.0059858058034514,81.107780334333242
2,16,9022,1.4328251458316852,10.368464026918467,107.50504627750232
2,17,10000,1.1040371942149865,19.324334623354641,373.42990863538296
2,18,7469,1.3561611708970662,8.1806496189511382,66.923028188045407
2,19,2084,0.88918549620624565,11.509768031527017,132.47476013956131
2,21,1461,1.0510811514130312,13.203696262730203,174.33759499843552
2,23,855,2.183750784684686,15.875446496436979,252.02980146123315
3,0,1238,-3.7506679546494781,123.97531131375401,15369.877815342223
3,1,341,2.2720247885319034,10.995525653928748,120.90158440620523
3,2,209,2.2409713787287249,12.959454817844566,167.94746917575475
3,3,126,1.0410350838280769,7.4368066153690133,55.306092634396322
3,4,575,1.5215047953963647,5.5669567205781618,30.991007128790361
3,8,393,2.3004190800376696,9.0707579666270775,82.27865008912859
3,9,413,0.24978852379856281,14.968513988237204,224.05641101605283
3,15,1617,3.8819853140988649,62.962068675089043,3964.2220918466287
3,16,1601,0.097884193212293913,62.964464322630874,3964.5237674358564
3,18,3352,-0.3220647035339822,71.438870568592122,5103.5122281160575
3,19,1490,2.6105552414117628,87.34499829849473,7629.1487277640472
3,20,1455,-1.1039091785541533,70.651503709740197,4991.6349764474326
3,21,1260,-1.2495038152264735,91.576421116331616,8386.2409044757078
3,22,1375,0.58664896144468259,132.79928104148718,17635.649045135895
3,23,1111,4.8325518044560898,65.763809962447127,4324.8787007768597
