condition_id,time_bucket,WeatherCode,sample_count,L_base,P_base,n_lt_30,n_lt_100,n_lt_500
30min:T00:W1,0,1,13933,4.0350197373142898,21.352625421660807,False,False,False
30min:T00:W12,0,12,1923,5.0127353094123768,23.968871554862194,False,False,False
30min:T00:W2,0,2,6274,18.622247370098822,23.125239081925407,False,False,False
30min:T00:W3,0,3,18564,3.9679546433958199,20.756201788407672,False,False,False
30min:T00:W5,0,5,915,5.1187868852459015,22.678262295081968,False,False,False
30min:T00:W8,0,8,3277,3.5129081476960633,19.921000915471467,False,False,False
30min:T00:W9,0,9,4072,3.4589513752455798,21.046549607072691,False,False,False
30min:T01:W1,1,1,12611,3.6780374276425345,22.760766790896838,False,False,False
30min:T01:W12,1,12,1465,4.8939795221843001,23.613993174061434,False,False,False
30min:T01:W2,1,2,4761,4.1962549884478051,20.723327032136105,False,False,False
30min:T01:W3,1,3,15398,3.7190511754773343,19.845807247694506,False,False,False
30min:T01:W5,1,5,590,4.7871016949152541,21.851423728813561,False,False,False
30min:T01:W8,1,8,3130,3.2302172523961663,19.743805111821086,False,False,False
30min:T01:W9,1,9,3322,3.2158187838651418,18.863500903070442,False,False,False
30min:T02:W1,2,1,7057,3.8973260592319683,20.497942468471024,False,False,False
30min:T02:W12,2,12,1001,4.6101598401598407,21.904535464535464,False,False,False
30min:T02:W2,2,2,3379,3.9323113347144125,19.798200651080201,False,False,False
30min:T02:W3,2,3,20014,3.5227235934845607,21.921929149595282,False,False,False
30min:T02:W5,2,5,418,4.52188995215311,20.943301435406696,False,False,True
30min:T02:W9,2,9,2904,3.2242493112947654,18.975106749311294,False,False,False
30min:T03:W1,3,1,5775,3.7147359307359307,19.41905974025974,False,False,False
30min:T03:W12,3,12,774,4.2203746770025843,20.30594315245478,False,False,False
30min:T03:W2,3,2,2952,3.8268224932249324,19.162042682926828,False,False,False
30min:T03:W3,3,3,17295,8.502357906909511,22.039596993350681,False,False,False
30min:T03:W5,3,5,312,4.5059935897435892,20.738814102564103,False,False,True
30min:T03:W9,3,9,2554,3.2699412685982772,18.30397024275646,False,False,False
30min:T04:W1,4,1,1572,4.2037468193384226,19.654847328244273,False,False,False
30min:T04:W15,4,15,608,170.83388157894737,19.318042763157894,False,False,False
30min:T04:W2,4,2,7255,16.416311509303927,18.305316333563059,False,False,False
30min:T04:W3,4,3,12567,11.937818095010742,20.670455160340573,False,False,False
30min:T04:W5,4,5,248,4.3064919354838711,20.383951612903228,False,False,True
30min:T04:W9,4,9,2303,3.1880199739470259,17.778892748588799,False,False,False
30min:T05:W1,5,1,1142,4.1599124343257445,19.451182136602451,False,False,False
30min:T05:W15,5,15,456,4.6821052631578945,21.216425438596492,False,False,True
30min:T05:W2,5,2,5703,3.2938874276696479,17.733054532702088,False,False,False
30min:T05:W3,5,3,11368,3.784243490499648,21.912686488388459,False,False,False
30min:T05:W5,5,5,174,5.0354022988505749,21.710114942528737,False,False,True
30min:T05:W9,5,9,1810,3.305668508287293,17.439011049723756,False,False,False
30min:T06:W1,6,1,3184,4.1376758793969852,20.358784547738694,False,False,False
30min:T06:W14,6,14,422,4.1766113744075826,20.282938388625592,False,False,True
30min:T06:W3,6,3,12026,3.8151114252453016,20.821796108431734,False,False,False
30min:T06:W5,6,5,158,4.6294303797468359,21.109493670886078,False,False,True
30min:T06:W8,6,8,1418,3.419294781382229,17.39638928067701,False,False,False
30min:T07:W1,7,1,2851,33.764159943879342,21.545864608909156,False,False,False
30min:T07:W14,7,14,384,4.0298958333333337,23.528958333333335,False,False,True
30min:T07:W3,7,3,10515,17.939057536852115,20.678120779838327,False,False,False
30min:T07:W5,7,5,170,4.823294117647059,21.193941176470588,False,False,True
30min:T07:W8,7,8,1266,3.5222037914691939,17.736642969984203,False,False,False
30min:T08:W1,8,1,3415,4.5121522693997074,21.752556368960466,False,False,False
30min:T08:W14,8,14,459,4.5965359477124181,29.290217864923747,False,False,True
30min:T08:W2,8,2,512,5.6187500000000004,24.691503906249999,False,False,False
30min:T08:W3,8,3,8039,4.3118410250031101,22.593322552556288,False,False,False
30min:T08:W5,8,5,168,5.5217857142857145,23.123035714285713,False,False,True
30min:T08:W8,8,8,1047,3.6951862464183383,19.390028653295129,False,False,False
30min:T09:W1,9,1,2494,5.8685525260625502,25.989659182036888,False,False,False
30min:T09:W14,9,14,339,5.9003244837758118,31.837758112094395,False,False,True
30min:T09:W2,9,2,491,163.51698574338087,26.745132382892059,False,False,True
30min:T09:W3,9,3,5399,5.2904000740877937,24.543650676051122,False,False,False
30min:T09:W5,9,5,211,6.402559241706161,25.855118483412323,False,False,True
30min:T09:W8,9,8,549,4.7631876138433515,22.781785063752277,False,False,False
30min:T10:W1,10,1,2333,6.5648778396913849,28.098401200171455,False,False,False
30min:T10:W2,10,2,1110,6.3239819819819818,27.264027027027026,False,False,False
30min:T10:W3,10,3,6806,6.1371275345283571,27.243618865706729,False,False,False
30min:T11:W1,11,1,3996,5.6347272272272271,25.447590090090092,False,False,False
30min:T11:W2,11,2,1329,109.20582392776524,26.815854025583143,False,False,False
30min:T11:W3,11,3,9317,11.246633036385102,25.633949769239027,False,False,False
30min:T12:W1,12,1,6085,5.9314001643385375,26.016866064092032,False,False,False
30min:T12:W14,12,14,921,5.0204343105320302,30.241726384364821,False,False,False
30min:T12:W2,12,2,1817,5.750539350577875,25.359834892680244,False,False,False
30min:T12:W3,12,3,8869,22.644165069342652,25.921858157627693,False,False,False
30min:T12:W5,12,5,876,5.864714611872146,25.233847031963467,False,False,False
30min:T13:W1,13,1,9988,15.616182418902682,23.803291950340409,False,False,False
30min:T13:W14,13,14,1091,4.9538496791934001,29.770439963336386,False,False,False
30min:T13:W2,13,2,2938,4.9865554799183114,22.933972089857043,False,False,False
30min:T13:W3,13,3,14127,4.9588744956466346,23.733912366390598,False,False,False
30min:T13:W5,13,5,1467,4.6660804362644859,22.549216087252894,False,False,False
30min:T14:W1,14,1,11909,7.4820530691073985,22.864598203039719,False,False,False
30min:T14:W14,14,14,945,5.3915873015873022,28.551619047619045,False,False,False
30min:T14:W3,14,3,21719,19.680318615037525,22.526320272572402,False,False,False
30min:T14:W5,14,5,1954,4.127512794268168,21.319273285568066,False,False,False
30min:T15:W1,15,1,16379,33.898245924659626,22.103561267476646,False,False,False
30min:T15:W14,15,14,923,5.099425785482123,26.44596966413868,False,False,False
30min:T15:W3,15,3,29977,3.9650201821396407,21.868556560029354,False,False,False
30min:T15:W5,15,5,2754,15.421612200435732,21.269262890341324,False,False,False
30min:T16:W1,16,1,20122,16.566744856376108,21.000770798131398,False,False,False
30min:T16:W3,16,3,30656,11.372313739561587,21.279887134655532,False,False,False
30min:T16:W5,16,5,2912,3.282503434065934,20.058279532967031,False,False,False
30min:T17:W1,17,1,22358,10.168539672600412,20.357680025046964,False,False,False
30min:T17:W3,17,3,34708,3.9486588106488414,20.644837213322578,False,False,False
30min:T17:W5,17,5,3154,35.845272669625871,20.053941027266962,False,False,False
30min:T18:W1,18,1,18795,9.9496057462090981,19.726685820696993,False,False,False
30min:T18:W14,18,14,2055,3.4767250608272509,19.326666666666668,False,False,False
30min:T18:W2,18,2,5668,18.312101270289343,20.422925194071983,False,False,False
30min:T18:W3,18,3,29042,4.1021703050754077,19.775689346463739,False,False,False
30min:T18:W5,18,5,2878,3.1671924947880474,19.697654621264768,False,False,False
30min:T19:W1,19,1,19667,8.6777098693242483,19.26331519804749,False,False,False
30min:T19:W14,19,14,2702,3.294415247964471,18.799433752775723,False,False,False
30min:T19:W2,19,2,5596,3.2130950679056469,19.22592030021444,False,False,False
30min:T19:W3,19,3,32264,11.142942908504835,19.375656459211505,False,False,False
30min:T19:W5,19,5,2854,3.1139628591450594,19.051860546601262,False,False,False
30min:T20:W1,20,1,19246,3.3011404967265925,19.859977657695104,False,False,False
30min:T20:W2,20,2,5674,2.9185830102220658,17.995875925273175,False,False,False
30min:T20:W3,20,3,31761,10.974720569251597,19.262812883725321,False,False,False
30min:T20:W5,20,5,2653,3.3263965322276667,20.123626083678854,False,False,False
30min:T20:W7,20,7,2235,3.4818612975391501,18.142044742729308,False,False,False
30min:T21:W1,21,1,19668,3.2441925971120602,19.608660768761439,False,False,False
30min:T21:W2,21,2,6018,2.9240677966101698,17.962450980392155,False,False,False
30min:T21:W3,21,3,34223,19.677118312246151,18.788469158168486,False,False,False
30min:T21:W5,21,5,2663,3.3605219677055951,19.943082989110028,False,False,False
30min:T21:W7,21,7,2653,3.2072446287222012,17.021737655484358,False,False,False
30min:T22:W1,22,1,17026,3.1109191824268767,19.837723481733821,False,False,False
30min:T22:W14,22,14,3200,2.9095,18.027721875000001,False,False,False
30min:T22:W2,22,2,2325,3.6230752688172041,20.447789247311828,False,False,False
30min:T22:W21,22,21,1839,77.971337683523657,19.862936378466561,False,False,False
30min:T22:W3,22,3,37169,7.0238900696817241,18.427068255804567,False,False,False
30min:T22:W5,22,5,2553,3.0688366627497063,19.01719545632589,False,False,False
30min:T23:W1,23,1,18502,3.0297762404064423,19.468965517241379,False,False,False
30min:T23:W14,23,14,3828,2.9648667711598748,18.616880877742947,False,False,False
30min:T23:W2,23,2,2563,3.2896878657822861,19.207541943035505,False,False,False
30min:T23:W21,23,21,2319,3.6705519620526088,20.752294092281154,False,False,False
30min:T23:W3,23,3,41704,10.374135814310378,18.502188998657203,False,False,False
30min:T23:W5,23,5,2841,2.9790742696233719,18.719799366420272,False,False,False
30min:T24:W1,24,1,18996,3.1884465150558015,19.907844283006948,False,False,False
30min:T24:W15,24,15,6460,3.1026052631578951,19.618726006191952,False,False,False
30min:T24:W3,24,3,45601,3.6675037828117802,19.096268064296837,False,False,False
30min:T24:W5,24,5,2732,3.1502489019033675,19.177767203513909,False,False,False
30min:T25:W1,25,1,18854,8.8832587249390063,19.55254906120717,False,False,False
30min:T25:W15,25,15,6673,17.294260452570061,19.931903191967631,False,False,False
30min:T25:W3,25,3,47234,3.7429914891815215,18.887489943684631,False,False,False
30min:T25:W5,25,5,2861,3.2559769311429569,19.528483047885356,False,False,False
30min:T26:W1,26,1,15299,3.209975815412772,19.746655336950127,False,False,False
30min:T26:W15,26,15,4031,3.0214165219548499,19.241691887869013,False,False,False
30min:T26:W2,26,2,9036,3.2725741478530321,19.639362549800797,False,False,False
30min:T26:W3,26,3,45868,3.115717057643673,19.088468649167176,False,False,False
30min:T26:W5,26,5,2970,3.2010505050505054,19.436296296296298,False,False,False
30min:T27:W1,27,1,16000,10.50323,19.787230624999999,False,False,False
30min:T27:W15,27,15,4119,3.1112770089827628,19.670643360038845,False,False,False
30min:T27:W2,27,2,9439,3.4044994173111558,19.94802733340396,False,False,False
30min:T27:W3,27,3,46289,5.3469977748493163,19.491288427056105,False,False,False
30min:T27:W5,27,5,2899,3.1721662642290447,19.462418075198347,False,False,False
30min:T28:W1,28,1,23178,3.4233480024160841,20.672286219691088,False,False,False
30min:T28:W15,28,15,4254,3.2055876821814762,20.069668547249645,False,False,False
30min:T28:W2,28,2,5945,28.356539949537428,20.656613961312029,False,False,False
30min:T28:W3,28,3,40010,6.5465478630342417,20.19946463384154,False,False,False
30min:T28:W5,28,5,5714,3.3996762338116904,20.31326041302065,False,False,False
30min:T29:W1,29,1,25508,4.1728367570958129,20.660243061000468,False,False,False
30min:T29:W15,29,15,4218,3.2633096254148883,20.469883831199621,False,False,False
30min:T29:W2,29,2,6248,3.7777448783610752,21.164871959026886,False,False,False
30min:T29:W3,29,3,42761,3.6683433502490588,20.061320829728025,False,False,False
30min:T29:W5,29,5,6168,3.3636819066147856,20.195684176394291,False,False,False
30min:T30:W1,30,1,25499,8.5159861171026314,20.954201733401309,False,False,False
30min:T30:W16,30,16,822,2.5227858880778591,24.90916058394161,False,False,False
30min:T30:W2,30,2,10111,3.5012956186331716,20.807015132034419,False,False,False
30min:T30:W3,30,3,41095,10.535258790607131,20.306809100863852,False,False,False
30min:T30:W5,30,5,6606,3.5307962458371174,20.217425068119891,False,False,False
30min:T30:W7,30,7,3380,3.6980355029585801,20.832813609467458,False,False,False
30min:T31:W1,31,1,25085,3.2737380904923263,20.741681084313335,False,False,False
30min:T31:W16,31,16,788,2.5646827411167514,23.990418781725889,False,False,False
30min:T31:W2,31,2,10099,3.3028190909991086,20.149347460144568,False,False,False
30min:T31:W3,31,3,40654,3.2405667339007231,20.035065676194225,False,False,False
30min:T31:W5,31,5,6520,3.4321503067484662,20.017101226993866,False,False,False
30min:T31:W7,31,7,3433,3.7657209437809493,20.886466647247307,False,False,False
30min:T32:W1,32,1,32934,3.5024148296593185,20.681814538167245,False,False,False
30min:T32:W12,32,12,3275,3.4871603053435116,19.314393893129772,False,False,False
30min:T32:W14,32,14,3438,8.5020593368237343,18.758440954043046,False,False,False
30min:T32:W16,32,16,831,2.663080625752106,25.107689530685924,False,False,False
30min:T32:W3,32,3,42071,4.3093513346485706,20.359718570987141,False,False,False
30min:T33:W1,33,1,32889,3.4057262306546261,20.173131746176534,False,False,False
30min:T33:W12,33,12,3333,3.4122352235223521,19.271977197719771,False,False,False
30min:T33:W14,33,14,3781,3.1742872256016925,18.752216344882306,False,False,False
30min:T33:W16,33,16,762,2.1655511811023622,23.977795275590555,False,False,False
30min:T33:W3,33,3,42519,11.587762647287095,19.75509607469602,False,False,False
30min:T34:W1,34,1,27241,9.3006207554788727,19.454534341617414,False,False,False
30min:T34:W12,34,12,3713,3.290339348235928,19.642884460005387,False,False,False
30min:T34:W15,34,15,4039,12.400727902946274,20.324201535033424,False,False,False
30min:T34:W2,34,2,3711,2.9660199407167878,19.16758016707087,False,False,False
30min:T34:W3,34,3,48372,4.7708318862151655,19.526974902836351,False,False,False
30min:T35:W1,35,1,28525,7.6905801928133224,18.564825241016653,False,False,False
30min:T35:W12,35,12,3613,3.181594243011348,19.382250207583727,False,False,False
30min:T35:W15,35,15,4349,3.026527937456887,19.744555070131067,False,False,False
30min:T35:W2,35,2,3882,2.8898505924781039,18.197029881504378,False,False,False
30min:T35:W3,35,3,50340,11.556361144219307,18.898979936432262,False,False,False
30min:T36:W1,36,1,20081,4.4636955330909815,18.055219859568748,False,False,False
30min:T36:W12,36,12,3913,3.3146843853820598,20.141714796831074,False,False,False
30min:T36:W15,36,15,3697,3.2121909656478222,19.215352988909927,False,False,False
30min:T36:W16,36,16,868,71.487315668202768,26.492258064516129,False,False,False
30min:T36:W2,36,2,6058,3.0412743479696269,19.035798943545725,False,False,False
30min:T36:W3,36,3,58619,3.5636465992255069,18.691237141541137,False,False,False
30min:T37:W1,37,1,18544,3.2424584771354619,17.590507441760138,False,False,False
30min:T37:W12,37,12,4000,3.0148125000000001,18.934777499999999,False,False,False
30min:T37:W15,37,15,3733,2.9053629788373958,18.106054111974281,False,False,False
30min:T37:W2,37,2,6088,2.9361760840998685,18.537000657030223,False,False,False
30min:T37:W3,37,3,56806,3.2503939724676973,18.443570925606451,False,False,False
30min:T38:W1,38,1,15444,3.1136408961408963,18.255935638435638,False,False,False
30min:T38:W12,38,12,3429,3.0828608923884513,18.140956547098277,False,False,False
30min:T38:W13,38,13,3880,2.9843427835051548,18.687597938144332,False,False,False
30min:T38:W2,38,2,6772,3.1830596574128767,18.619087418783227,False,False,False
30min:T38:W3,38,3,47426,6.4619227849702687,18.520286129970902,False,False,False
30min:T38:W8,38,8,5280,2.636628787878788,20.625532196969697,False,False,False
30min:T39:W1,39,1,15297,3.3272216774530956,19.315552722756095,False,False,False
30min:T39:W12,39,12,3013,3.4037105874543641,18.755300365084633,False,False,False
30min:T39:W13,39,13,3406,3.3073605402231361,19.174339401056958,False,False,False
30min:T39:W2,39,2,6655,3.3701487603305784,19.10235011269722,False,False,False
30min:T39:W3,39,3,46050,3.2453181324647122,19.342151574375677,False,False,False
30min:T39:W8,39,8,4855,2.9493964984552008,20.689583934088567,False,False,False
30min:T40:W1,40,1,19906,9.6026564854817646,19.506437757460063,False,False,False
30min:T40:W12,40,12,6243,3.4101393560788082,18.853892359442575,False,False,False
30min:T40:W2,40,2,5702,9.101897579796562,20.351232900736584,False,False,False
30min:T40:W3,40,3,42803,3.5585157582412448,19.832342125551946,False,False,False
30min:T40:W9,40,9,4374,3.3099634202103339,20.709999999999997,False,False,False
30min:T41:W1,41,1,19499,12.631094415098209,19.575063336581362,False,False,False
30min:T41:W12,41,12,6081,3.5451225127446144,19.168117086005591,False,False,False
30min:T41:W2,41,2,5546,3.9569401370357014,20.522897583844212,False,False,False
30min:T41:W3,41,3,42825,3.5476849970811437,19.573369293636894,False,False,False
30min:T41:W9,41,9,3680,3.3094456521739133,19.897692934782608,False,False,False
30min:T42:W1,42,1,14551,3.4199738849563603,19.959171878221426,False,False,False
30min:T42:W12,42,12,2778,3.547095032397408,18.972825773938087,False,False,False
30min:T42:W2,42,2,6648,3.3428580024067389,18.890544524669075,False,False,False
30min:T42:W3,42,3,51537,12.188652424471737,19.91672681762617,False,False,False
30min:T42:W9,42,9,3428,3.3705280046674444,19.582876312718788,False,False,False
30min:T43:W1,43,1,14244,3.3421047458579052,19.658805812973885,False,False,False
30min:T43:W12,43,12,2662,3.7558489857250188,19.405405709992486,False,False,False
30min:T43:W2,43,2,6364,3.2610276555625393,18.662440289126337,False,False,False
30min:T43:W3,43,3,50416,7.954939106632815,19.745318748016501,False,False,False
30min:T43:W9,43,9,3707,3.3153466414890747,19.197833827893174,False,False,False
30min:T44:W1,44,1,14989,10.198434852224965,20.103827473480553,False,False,False
30min:T44:W12,44,12,3418,3.6647659449970744,21.106085430076071,False,False,False
30min:T44:W3,44,3,53492,3.593257496448067,19.997647498691393,False,False,False
30min:T44:W9,44,9,4246,3.3099057936881771,19.377432878002825,False,False,False
30min:T45:W1,45,1,12184,4.0328086014445175,20.808733585029547,False,False,False
30min:T45:W12,45,12,2817,13.586180333688322,21.465200567980123,False,False,False
30min:T45:W3,45,3,47900,3.7786498956158661,20.415446346555324,False,False,False
30min:T45:W9,45,9,4056,3.4559738658777119,19.976107001972387,False,False,False
30min:T46:W1,46,1,17253,3.995082594331421,20.6883255086072,False,False,False
30min:T46:W12,46,12,2399,4.5519091288036684,21.996777824093371,False,False,False
30min:T46:W2,46,2,5355,4.6457012138188611,21.870862745098041,False,False,False
30min:T46:W3,46,3,30463,3.9543209795489611,20.943671995535567,False,False,False
30min:T46:W9,46,9,3741,3.6353835872761291,20.045386260358192,False,False,False
30min:T47:W1,47,1,15997,4.02853034944052,20.897017565793586,False,False,False
30min:T47:W12,47,12,2223,4.7295051731893842,22.384129554655871,False,False,False
30min:T47:W2,47,2,3992,5.2928256513026053,23.8860746492986,False,False,False
30min:T47:W3,47,3,26145,4.0602386689615608,21.305509657678336,False,False,False
30min:T47:W9,47,9,4559,3.3840315858740952,21.338504057907436,False,False,False
