variant,epsilon_percentile,epsilon,relative_distance,P_base,price_factor,P_dispatch,tolerance,P_max,accepted,scope
30min,P10,0.011381846878842977,0.050000000000000003,19.907844283006948,0.84999999999999998,16.921667640555906,4.3929601700179219,24.30080445302487,True,ILLUSTRATIVE - NOT PRODUCTION INTEGRATION
30min,P10,0.011381846878842977,0.050000000000000003,19.907844283006948,0.90000000000000002,17.917059854706253,4.3929601700179219,24.30080445302487,True,ILLUSTRATIVE - NOT PRODUCTION INTEGRATION
30min,P10,0.011381846878842977,0.050000000000000003,19.907844283006948,0.94999999999999996,18.912452068856599,4.3929601700179219,24.30080445302487,True,ILLUSTRATIVE - NOT PRODUCTION INTEGRATION
30min,P10,0.011381846878842977,0.050000000000000003,19.907844283006948,1,19.907844283006948,4.3929601700179219,24.30080445302487,True,ILLUSTRATIVE - NOT PRODUCTION INTEGRATION
30min,P10,0.011381846878842977,0.050000000000000003,19.907844283006948,1.05,20.903236497157298,4.3929601700179219,24.30080445302487,True,ILLUSTRATIVE - NOT PRODUCTION INTEGRATION
30min,P10,0.011381846878842977,0.050000000000000003,19.907844283006948,1.1000000000000001,21.898628711307644,4.3929601700179219,24.30080445302487,True,ILLUSTRATIVE - NOT PRODUCTION INTEGRATION
30min,P10,0.011381846878842977,0.050000000000000003,19.907844283006948,1.1499999999999999,22.894020925457991,4.3929601700179219,24.30080445302487,True,ILLUSTRATIVE - NOT PRODUCTION INTEGRATION
30min,P10,0.011381846878842977,0.10000000000000001,19.907844283006948,0.84999999999999998,16.921667640555906,8.7859203400358474,28.693764623042796,True,ILLUSTRATIVE - NOT PRODUCTION INTEGRATION
30min,P10,0.011381846878842977,0.10000000000000001,19.907844283006948,0.90000000000000002,17.917059854706253,8.7859203400358474,28.693764623042796,True,ILLUSTRATIVE - NOT PRODUCTION INTEGRATION
30min,P10,0.011381846878842977,0.10000000000000001,19.907844283006948,0.94999999999999996,18.912452068856599,8.7859203400358474,28.693764623042796,True,ILLUSTRATIVE - NOT PRODUCTION INTEGRATION
30min,P10,0.011381846878842977,0.10000000000000001,19.907844283006948,1,19.907844283006948,8.7859203400358474,28.693764623042796,True,ILLUSTRATIVE - NOT PRODUCTION INTEGRATION
30min,P10,0.011381846878842977,0.10000000000000001,19.907844283006948,1.05,20.903236497157298,8.7859203400358474,28.693764623042796,True,ILLUSTRATIVE - NOT PRODUCTION INTEGRATION
30min,P10,0.011381846878842977,0.10000000000000001,19.907844283006948,1.1000000000000001,21.898628711307644,8.7859203400358474,28.693764623042796,True,ILLUSTRATIVE - NOT PRODUCTION INTEGRATION
30min,P10,0.011381846878842977,0.10000000000000001,19.907844283006948,1.1499999999999999,22.894020925457991,8.7859203400358474,28.693764623042796,True,ILLUSTRATIVE - NOT PRODUCTION INTEGRATION
30min,P10,0.011381846878842977,0.25,19.907844283006948,0.84999999999999998,16.921667640555906,21.964800850089606,41.872645133096555,True,ILLUSTRATIVE - NOT PRODUCTION INTEGRATION
30min,P10,0.011381846878842977,0.25,19.907844283006948,0.90000000000000002,17.917059854706253,21.964800850089606,41.872645133096555,True,ILLUSTRATIVE - NOT PRODUCTION INTEGRATION
30min,P10,0.011381846878842977,0.25,19.907844283006948,0.94999999999999996,18.912452068856599,21.964800850089606,41.872645133096555,True,ILLUSTRATIVE - NOT PRODUCTION INTEGRATION
30min,P10,0.011381846878842977,0.25,19.907844283006948,1,19.907844283006948,21.964800850089606,41.872645133096555,True,ILLUSTRATIVE - NOT PRODUCTION INTEGRATION
30min,P10,0.011381846878842977,0.25,19.907844283006948,1.05,20.903236497157298,21.964800850089606,41.872645133096555,True,ILLUSTRATIVE - NOT PRODUCTION INTEGRATION
30min,P10,0.011381846878842977,0.25,19.907844283006948,1.1000000000000001,21.898628711307644,21.964800850089606,41.872645133096555,True,ILLUSTRATIVE - NOT PRODUCTION INTEGRATION
30min,P10,0.011381846878842977,0.25,19.907844283006948,1.1499999999999999,22.894020925457991,21.964800850089606,41.872645133096555,True,ILLUSTRATIVE - NOT PRODUCTION INTEGRATION
30min,P10,0.011381846878842977,0.5,19.907844283006948,0.84999999999999998,16.921667640555906,43.929601700179219,63.837445983186171,True,ILLUSTRATIVE - NOT PRODUCTION INTEGRATION
30min,P10,0.011381846878842977,0.5,19.907844283006948,0.90000000000000002,17.917059854706253,43.929601700179219,63.837445983186171,True,ILLUSTRATIVE - NOT PRODUCTION INTEGRATION
30min,P10,0.011381846878842977,0.5,19.907844283006948,0.94999999999999996,18.912452068856599,43.929601700179219,63.837445983186171,True,ILLUSTRATIVE - NOT PRODUCTION INTEGRATION
30min,P10,0.011381846878842977,0.5,19.907844283006948,1,19.907844283006948,43.929601700179219,63.837445983186171,True,ILLUSTRATIVE - NOT PRODUCTION INTEGRATION
30min,P10,0.011381846878842977,0.5,19.907844283006948,1.05,20.903236497157298,43.929601700179219,63.837445983186171,True,ILLUSTRATIVE - NOT PRODUCTION INTEGRATION
30min,P10,0.011381846878842977,0.5,19.907844283006948,1.1000000000000001,21.898628711307644,43.929601700179219,63.837445983186171,True,ILLUSTRATIVE - NOT PRODUCTION INTEGRATION
30min,P10,0.011381846878842977,0.5,19.907844283006948,1.1499999999999999,22.894020925457991,43.929601700179219,63.837445983186171,True,ILLUSTRATIVE - NOT PRODUCTION INTEGRATION
30min,P10,0.011381846878842977,1,19.907844283006948,0.84999999999999998,16.921667640555906,87.859203400358439,107.76704768336539,True,ILLUSTRATIVE - NOT PRODUCTION INTEGRATION
30min,P10,0.011381846878842977,1,19.907844283006948,0.90000000000000002,17.917059854706253,87.859203400358439,107.76704768336539,True,ILLUSTRATIVE - NOT PRODUCTION INTEGRATION
30min,P10,0.011381846878842977,1,19.907844283006948,0.94999999999999996,18.912452068856599,87.859203400358439,107.76704768336539,True,ILLUSTRATIVE - NOT PRODUCTION INTEGRATION
30min,P10,0.011381846878842977,1,19.907844283006948,1,19.907844283006948,87.859203400358439,107.76704768336539,True,ILLUSTRATIVE - NOT PRODUCTION INTEGRATION
30min,P10,0.011381846878842977,1,19.907844283006948,1.05,20.903236497157298,87.859203400358439,107.76704768336539,True,ILLUSTRATIVE - NOT PRODUCTION INTEGRATION
30min,P10,0.011381846878842977,1,19.907844283006948,1.1000000000000001,21.898628711307644,87.859203400358439,107.76704768336539,True,ILLUSTRATIVE - NOT PRODUCTION INTEGRATION
30min,P10,0.011381846878842977,1,19.907844283006948,1.1499999999999999,22.894020925457991,87.859203400358439,107.76704768336539,True,ILLUSTRATIVE - NOT PRODUCTION INTEGRATION
30min,P25,0.031348852853243847,0.050000000000000003,19.907844283006948,0.84999999999999998,16.921667640555906,1.5949546936874981,21.502798976694447,True,ILLUSTRATIVE - NOT PRODUCTION INTEGRATION
30min,P25,0.031348852853243847,0.050000000000000003,19.907844283006948,0.90000000000000002,17.917059854706253,1.5949546936874981,21.502798976694447,True,ILLUSTRATIVE - NOT PRODUCTION INTEGRATION
30min,P25,0.031348852853243847,0.050000000000000003,19.907844283006948,0.94999999999999996,18.912452068856599,1.5949546936874981,21.502798976694447,True,ILLUSTRATIVE - NOT PRODUCTION INTEGRATION
30min,P25,0.031348852853243847,0.050000000000000003,19.907844283006948,1,19.907844283006948,1.5949546936874981,21.502798976694447,True,ILLUSTRATIVE - NOT PRODUCTION INTEGRATION
30min,P25,0.031348852853243847,0.050000000000000003,19.907844283006948,1.05,20.903236497157298,1.5949546936874981,21.502798976694447,True,ILLUSTRATIVE - NOT PRODUCTION INTEGRATION
30min,P25,0.031348852853243847,0.050000000000000003,19.907844283006948,1.1000000000000001,21.898628711307644,1.5949546936874981,21.502798976694447,False,ILLUSTRATIVE - NOT PRODUCTION INTEGRATION
30min,P25,0.031348852853243847,0.050000000000000003,19.907844283006948,1.1499999999999999,22.894020925457991,1.5949546936874981,21.502798976694447,False,ILLUSTRATIVE - NOT PRODUCTION INTEGRATION
30min,P25,0.031348852853243847,0.10000000000000001,19.907844283006948,0.84999999999999998,16.921667640555906,3.1899093873749962,23.097753670381945,True,ILLUSTRATIVE - NOT PRODUCTION INTEGRATION
30min,P25,0.031348852853243847,0.10000000000000001,19.907844283006948,0.90000000000000002,17.917059854706253,3.1899093873749962,23.097753670381945,True,ILLUSTRATIVE - NOT PRODUCTION INTEGRATION
30min,P25,0.031348852853243847,0.10000000000000001,19.907844283006948,0.94999999999999996,18.912452068856599,3.1899093873749962,23.097753670381945,True,ILLUSTRATIVE - NOT PRODUCTION INTEGRATION
30min,P25,0.031348852853243847,0.10000000000000001,19.907844283006948,1,19.907844283006948,3.1899093873749962,23.097753670381945,True,ILLUSTRATIVE - NOT PRODUCTION INTEGRATION
30min,P25,0.031348852853243847,0.10000000000000001,19.907844283006948,1.05,20.903236497157298,3.1899093873749962,23.097753670381945,True,ILLUSTRATIVE - NOT PRODUCTION INTEGRATION
30min,P25,0.031348852853243847,0.10000000000000001,19.907844283006948,1.1000000000000001,21.898628711307644,3.1899093873749962,23.097753670381945,True,ILLUSTRATIVE - NOT PRODUCTION INTEGRATION
30min,P25,0.031348852853243847,0.10000000000000001,19.907844283006948,1.1499999999999999,22.894020925457991,3.1899093873749962,23.097753670381945,True,ILLUSTRATIVE - NOT PRODUCTION INTEGRATION
30min,P25,0.031348852853243847,0.25,19.907844283006948,0.84999999999999998,16.921667640555906,7.974773468437494,27.882617751444442,True,ILLUSTRATIVE - NOT PRODUCTION INTEGRATION
30min,P25,0.031348852853243847,0.25,19.907844283006948,0.90000000000000002,17.917059854706253,7.974773468437494,27.882617751444442,True,ILLUSTRATIVE - NOT PRODUCTION INTEGRATION
30min,P25,0.031348852853243847,0.25,19.907844283006948,0.94999999999999996,18.912452068856599,7.974773468437494,27.882617751444442,True,ILLUSTRATIVE - NOT PRODUCTION INTEGRATION
30min,P25,0.031348852853243847,0.25,19.907844283006948,1,19.907844283006948,7.974773468437494,27.882617751444442,True,ILLUSTRATIVE - NOT PRODUCTION INTEGRATION
30min,P25,0.031348852853243847,0.25,19.907844283006948,1.05,20.903236497157298,7.974773468437494,27.882617751444442,True,ILLUSTRATIVE - NOT PRODUCTION INTEGRATION
30min,P25,0.031348852853243847,0.25,19.907844283006948,1.1000000000000001,21.898628711307644,7.974773468437494,27.882617751444442,True,ILLUSTRATIVE - NOT PRODUCTION INTEGRATION
30min,P25,0.031348852853243847,0.25,19.907844283006948,1.1499999999999999,22.894020925457991,7.974773468437494,27.882617751444442,True,ILLUSTRATIVE - NOT PRODUCTION INTEGRATION
30min,P25,0.031348852853243847,0.5,19.907844283006948,0.84999999999999998,16.921667640555906,15.949546936874984,35.857391219881933,True,ILLUSTRATIVE - NOT PRODUCTION INTEGRATION
30min,P25,0.031348852853243847,0.5,19.907844283006948,0.90000000000000002,17.917059854706253,15.949546936874984,35.857391219881933,True,ILLUSTRATIVE - NOT PRODUCTION INTEGRATION
30min,P25,0.031348852853243847,0.5,19.907844283006948,0.94999999999999996,18.912452068856599,15.949546936874984,35.857391219881933,True,ILLUSTRATIVE - NOT PRODUCTION INTEGRATION
30min,P25,0.031348852853243847,0.5,19.907844283006948,1,19.907844283006948,15.949546936874984,35.857391219881933,True,ILLUSTRATIVE - NOT PRODUCTION INTEGRATION
30min,P25,0.031348852853243847,0.5,19.907844283006948,1.05,20.903236497157298,15.949546936874984,35.857391219881933,True,ILLUSTRATIVE - NOT PRODUCTION INTEGRATION
30min,P25,0.031348852853243847,0.5,19.907844283006948,1.1000000000000001,21.898628711307644,15.949546936874984,35.857391219881933,True,ILLUSTRATIVE - NOT PRODUCTION INTEGRATION
30min,P25,0.031348852853243847,0.5,19.907844283006948,1.1499999999999999,22.894020925457991,15.949546936874984,35.857391219881933,True,ILLUSTRATIVE - NOT PRODUCTION INTEGRATION
30min,P25,0.031348852853243847,1,19.907844283006948,0.84999999999999998,16.921667640555906,31.899093873749965,51.806938156756914,True,ILLUSTRATIVE - NOT PRODUCTION INTEGRATION
30min,P25,0.031348852853243847,1,19.907844283006948,0.90000000000000002,17.917059854706253,31.899093873749965,51.806938156756914,True,ILLUSTRATIVE - NOT PRODUCTION INTEGRATION
30min,P25,0.031348852853243847,1,19.907844283006948,0.94999999999999996,18.912452068856599,31.899093873749965,51.806938156756914,True,ILLUSTRATIVE - NOT PRODUCTION INTEGRATION
30min,P25,0.031348852853243847,1,19.907844283006948,1,19.907844283006948,31.899093873749965,51.806938156756914,True,ILLUSTRATIVE - NOT PRODUCTION INTEGRATION
30min,P25,0.031348852853243847,1,19.907844283006948,1.05,20.903236497157298,31.899093873749965,51.806938156756914,True,ILLUSTRATIVE - NOT PRODUCTION INTEGRATION
30min,P25,0.031348852853243847,1,19.907844283006948,1.1000000000000001,21.898628711307644,31.899093873749965,51.806938156756914,True,ILLUSTRATIVE - NOT PRODUCTION INTEGRATION
30min,P25,0.031348852853243847,1,19.907844283006948,1.1499999999999999,22.894020925457991,31.899093873749965,51.806938156756914,True,ILLUSTRATIVE - NOT PRODUCTION INTEGRATION
30min,P50,0.066986866975142445,0.050000000000000003,19.907844283006948,0.84999999999999998,16.921667640555906,0.74641496546709618,20.654259248474045,True,ILLUSTRATIVE - NOT PRODUCTION INTEGRATION
30min,P50,0.066986866975142445,0.050000000000000003,19.907844283006948,0.90000000000000002,17.917059854706253,0.74641496546709618,20.654259248474045,True,ILLUSTRATIVE - NOT PRODUCTION INTEGRATION
30min,P50,0.066986866975142445,0.050000000000000003,19.907844283006948,0.94999999999999996,18.912452068856599,0.74641496546709618,20.654259248474045,True,ILLUSTRATIVE - NOT PRODUCTION INTEGRATION
30min,P50,0.066986866975142445,0.050000000000000003,19.907844283006948,1,19.907844283006948,0.74641496546709618,20.654259248474045,True,ILLUSTRATIVE - NOT PRODUCTION INTEGRATION
30min,P50,0.066986866975142445,0.050000000000000003,19.907844283006948,1.05,20.903236497157298,0.74641496546709618,20.654259248474045,False,ILLUSTRATIVE - NOT PRODUCTION INTEGRATION
30min,P50,0.066986866975142445,0.050000000000000003,19.907844283006948,1.1000000000000001,21.898628711307644,0.74641496546709618,20.654259248474045,False,ILLUSTRATIVE - NOT PRODUCTION INTEGRATION
30min,P50,0.066986866975142445,0.050000000000000003,19.907844283006948,1.1499999999999999,22.894020925457991,0.74641496546709618,20.654259248474045,False,ILLUSTRATIVE - NOT PRODUCTION INTEGRATION
30min,P50,0.066986866975142445,0.10000000000000001,19.907844283006948,0.84999999999999998,16.921667640555906,1.4928299309341959,21.400674213941144,True,ILLUSTRATIVE - NOT PRODUCTION INTEGRATION
30min,P50,0.066986866975142445,0.10000000000000001,19.907844283006948,0.90000000000000002,17.917059854706253,1.4928299309341959,21.400674213941144,True,ILLUSTRATIVE - NOT PRODUCTION INTEGRATION
30min,P50,0.066986866975142445,0.10000000000000001,19.907844283006948,0.94999999999999996,18.912452068856599,1.4928299309341959,21.400674213941144,True,ILLUSTRATIVE - NOT PRODUCTION INTEGRATION
30min,P50,0.066986866975142445,0.10000000000000001,19.907844283006948,1,19.907844283006948,1.4928299309341959,21.400674213941144,True,ILLUSTRATIVE - NOT PRODUCTION INTEGRATION
30min,P50,0.066986866975142445,0.10000000000000001,19.907844283006948,1.05,20.903236497157298,1.4928299309341959,21.400674213941144,True,ILLUSTRATIVE - NOT PRODUCTION INTEGRATION
30min,P50,0.066986866975142445,0.10000000000000001,19.907844283006948,1.1000000000000001,21.898628711307644,1.4928299309341959,21.400674213941144,False,ILLUSTRATIVE - NOT PRODUCTION INTEGRATION
30min,P50,0.066986866975142445,0.10000000000000001,19.907844283006948,1.1499999999999999,22.894020925457991,1.4928299309341959,21.400674213941144,False,ILLUSTRATIVE - NOT PRODUCTION INTEGRATION
30min,P50,0.066986866975142445,0.25,19.907844283006948,0.84999999999999998,16.921667640555906,3.732074827335488,23.639919110342436,True,ILLUSTRATIVE - NOT PRODUCTION INTEGRATION
30min,P50,0.066986866975142445,0.25,19.907844283006948,0.90000000000000002,17.917059854706253,3.732074827335488,23.639919110342436,True,ILLUSTRATIVE - NOT PRODUCTION INTEGRATION
30min,P50,0.066986866975142445,0.25,19.907844283006948,0.94999999999999996,18.912452068856599,3.732074827335488,23.639919110342436,True,ILLUSTRATIVE - NOT PRODUCTION INTEGRATION
30min,P50,0.066986866975142445,0.25,19.907844283006948,1,19.907844283006948,3.732074827335488,23.639919110342436,True,ILLUSTRATIVE - NOT PRODUCTION INTEGRATION
30min,P50,0.066986866975142445,0.25,19.907844283006948,1.05,20.903236497157298,3.732074827335488,23.639919110342436,True,ILLUSTRATIVE - NOT PRODUCTION INTEGRATION
30min,P50,0.066986866975142445,0.25,19.907844283006948,1.1000000000000001,21.898628711307644,3.732074827335488,23.639919110342436,True,ILLUSTRATIVE - NOT PRODUCTION INTEGRATION
30min,P50,0.066986866975142445,0.25,19.907844283006948,1.1499999999999999,22.894020925457991,3.732074827335488,23.639919110342436,True,ILLUSTRATIVE - NOT PRODUCTION INTEGRATION
30min,P50,0.066986866975142445,0.5,19.907844283006948,0.84999999999999998,16.921667640555906,7.464149654670976,27.371993937677924,True,ILLUSTRATIVE - NOT PRODUCTION INTEGRATION
30min,P50,0.066986866975142445,0.5,19.907844283006948,0.90000000000000002,17.917059854706253,7.464149654670976,27.371993937677924,True,ILLUSTRATIVE - NOT PRODUCTION INTEGRATION
30min,P50,0.066986866975142445,0.5,19.907844283006948,0.94999999999999996,18.912452068856599,7.464149654670976,27.371993937677924,True,ILLUSTRATIVE - NOT PRODUCTION INTEGRATION
30min,P50,0.066986866975142445,0.5,19.907844283006948,1,19.907844283006948,7.464149654670976,27.371993937677924,True,ILLUSTRATIVE - NOT PRODUCTION INTEGRATION
30min,P50,0.066986866975142445,0.5,19.907844283006948,1.05,20.903236497157298,7.464149654670976,27.371993937677924,True,ILLUSTRATIVE - NOT PRODUCTION INTEGRATION
30min,P50,0.066986866975142445,0.5,19.907844283006948,1.1000000000000001,21.898628711307644,7.464149654670976,27.371993937677924,True,ILLUSTRATIVE - NOT PRODUCTION INTEGRATION
30min,P50,0.066986866975142445,0.5,19.907844283006948,1.1499999999999999,22.894020925457991,7.464149654670976,27.371993937677924,True,ILLUSTRATIVE - NOT PRODUCTION INTEGRATION
30min,P50,0.066986866975142445,1,19.907844283006948,0.84999999999999998,16.921667640555906,14.928299309341948,34.836143592348897,True,ILLUSTRATIVE - NOT PRODUCTION INTEGRATION
30min,P50,0.066986866975142445,1,19.907844283006948,0.90000000000000002,17.917059854706253,14.928299309341948,34.836143592348897,True,ILLUSTRATIVE - NOT PRODUCTION INTEGRATION
30min,P50,0.066986866975142445,1,19.907844283006948,0.94999999999999996,18.912452068856599,14.928299309341948,34.836143592348897,True,ILLUSTRATIVE - NOT PRODUCTION INTEGRATION
30min,P50,0.066986866975142445,1,19.907844283006948,1,19.907844283006948,14.928299309341948,34.836143592348897,True,ILLUSTRATIVE - NOT PRODUCTION INTEGRATION
30min,P50,0.066986866975142445,1,19.907844283006948,1.05,20.903236497157298,14.928299309341948,34.836143592348897,True,ILLUSTRATIVE - NOT PRODUCTION INTEGRATION
30min,P50,0.066986866975142445,1,19.907844283006948,1.1000000000000001,21.898628711307644,14.928299309341948,34.836143592348897,True,ILLUSTRATIVE - NOT PRODUCTION INTEGRATION
30min,P50,0.066986866975142445,1,19.907844283006948,1.1499999999999999,22.894020925457991,14.928299309341948,34.836143592348897,True,ILLUSTRATIVE - NOT PRODUCTION INTEGRATION
30min,P75,0.092201267823476804,0.050000000000000003,19.907844283006948,0.84999999999999998,16.921667640555906,0.54229189229509345,20.450136175302042,True,ILLUSTRATIVE - NOT PRODUCTION INTEGRATION
30min,P75,0.092201267823476804,0.050000000000000003,19.907844283006948,0.90000000000000002,17.917059854706253,0.54229189229509345,20.450136175302042,True,ILLUSTRATIVE - NOT PRODUCTION INTEGRATION
30min,P75,0.092201267823476804,0.050000000000000003,19.907844283006948,0.94999999999999996,18.912452068856599,0.54229189229509345,20.450136175302042,True,ILLUSTRATIVE - NOT PRODUCTION INTEGRATION
30min,P75,0.092201267823476804,0.050000000000000003,19.907844283006948,1,19.907844283006948,0.54229189229509345,20.450136175302042,True,ILLUSTRATIVE - NOT PRODUCTION INTEGRATION
30min,P75,0.092201267823476804,0.050000000000000003,19.907844283006948,1.05,20.903236497157298,0.54229189229509345,20.450136175302042,False,ILLUSTRATIVE - NOT PRODUCTION INTEGRATION
30min,P75,0.092201267823476804,0.050000000000000003,19.907844283006948,1.1000000000000001,21.898628711307644,0.54229189229509345,20.450136175302042,False,ILLUSTRATIVE - NOT PRODUCTION INTEGRATION
30min,P75,0.092201267823476804,0.050000000000000003,19.907844283006948,1.1499999999999999,22.894020925457991,0.54229189229509345,20.450136175302042,False,ILLUSTRATIVE - NOT PRODUCTION INTEGRATION
30min,P75,0.092201267823476804,0.10000000000000001,19.907844283006948,0.84999999999999998,16.921667640555906,1.0845837845901869,20.992428067597135,True,ILLUSTRATIVE - NOT PRODUCTION INTEGRATION
30min,P75,0.092201267823476804,0.10000000000000001,19.907844283006948,0.90000000000000002,17.917059854706253,1.0845837845901869,20.992428067597135,True,ILLUSTRATIVE - NOT PRODUCTION INTEGRATION
30min,P75,0.092201267823476804,0.10000000000000001,19.907844283006948,0.94999999999999996,18.912452068856599,1.0845837845901869,20.992428067597135,True,ILLUSTRATIVE - NOT PRODUCTION INTEGRATION
30min,P75,0.092201267823476804,0.10000000000000001,19.907844283006948,1,19.907844283006948,1.0845837845901869,20.992428067597135,True,ILLUSTRATIVE - NOT PRODUCTION INTEGRATION
30min,P75,0.092201267823476804,0.10000000000000001,19.907844283006948,1.05,20.903236497157298,1.0845837845901869,20.992428067597135,True,ILLUSTRATIVE - NOT PRODUCTION INTEGRATION
30min,P75,0.092201267823476804,0.10000000000000001,19.907844283006948,1.1000000000000001,21.898628711307644,1.0845837845901869,20.992428067597135,False,ILLUSTRATIVE - NOT PRODUCTION INTEGRATION
30min,P75,0.092201267823476804,0.10000000000000001,19.907844283006948,1.1499999999999999,22.894020925457991,1.0845837845901869,20.992428067597135,False,ILLUSTRATIVE - NOT PRODUCTION INTEGRATION
30min,P75,0.092201267823476804,0.25,19.907844283006948,0.84999999999999998,16.921667640555906,2.7114594614754708,22.619303744482419,True,ILLUSTRATIVE - NOT PRODUCTION INTEGRATION
30min,P75,0.092201267823476804,0.25,19.907844283006948,0.90000000000000002,17.917059854706253,2.7114594614754708,22.619303744482419,True,ILLUSTRATIVE - NOT PRODUCTION INTEGRATION
30min,P75,0.092201267823476804,0.25,19.907844283006948,0.94999999999999996,18.912452068856599,2.7114594614754708,22.619303744482419,True,ILLUSTRATIVE - NOT PRODUCTION INTEGRATION
30min,P75,0.092201267823476804,0.25,19.907844283006948,1,19.907844283006948,2.7114594614754708,22.619303744482419,True,ILLUSTRATIVE - NOT PRODUCTION INTEGRATION
30min,P75,0.092201267823476804,0.25,19.907844283006948,1.05,20.903236497157298,2.7114594614754708,22.619303744482419,True,ILLUSTRATIVE - NOT PRODUCTION INTEGRATION
30min,P75,0.092201267823476804,0.25,19.907844283006948,1.1000000000000001,21.898628711307644,2.7114594614754708,22.619303744482419,True,ILLUSTRATIVE - NOT PRODUCTION INTEGRATION
30min,P75,0.092201267823476804,0.25,19.907844283006948,1.1499999999999999,22.894020925457991,2.7114594614754708,22.619303744482419,False,ILLUSTRATIVE - NOT PRODUCTION INTEGRATION
30min,P75,0.092201267823476804,0.5,19.907844283006948,0.84999999999999998,16.921667640555906,5.422918922950938,25.330763205957886,True,ILLUSTRATIVE - NOT PRODUCTION INTEGRATION
30min,P75,0.092201267823476804,0.5,19.907844283006948,0.90000000000000002,17.917059854706253,5.422918922950938,25.330763205957886,True,ILLUSTRATIVE - NOT PRODUCTION INTEGRATION
30min,P75,0.092201267823476804,0.5,19.907844283006948,0.94999999999999996,18.912452068856599,5.422918922950938,25.330763205957886,True,ILLUSTRATIVE - NOT PRODUCTION INTEGRATION
30min,P75,0.092201267823476804,0.5,19.907844283006948,1,19.907844283006948,5.422918922950938,25.330763205957886,True,ILLUSTRATIVE - NOT PRODUCTION INTEGRATION
30min,P75,0.092201267823476804,0.5,19.907844283006948,1.05,20.903236497157298,5.422918922950938,25.330763205957886,True,ILLUSTRATIVE - NOT PRODUCTION INTEGRATION
30min,P75,0.092201267823476804,0.5,19.907844283006948,1.1000000000000001,21.898628711307644,5.422918922950938,25.330763205957886,True,ILLUSTRATIVE - NOT PRODUCTION INTEGRATION
30min,P75,0.092201267823476804,0.5,19.907844283006948,1.1499999999999999,22.894020925457991,5.422918922950938,25.330763205957886,True,ILLUSTRATIVE - NOT PRODUCTION INTEGRATION
30min,P75,0.092201267823476804,1,19.907844283006948,0.84999999999999998,16.921667640555906,10.84583784590188,30.753682128908828,True,ILLUSTRATIVE - NOT PRODUCTION INTEGRATION
30min,P75,0.092201267823476804,1,19.907844283006948,0.90000000000000002,17.917059854706253,10.84583784590188,30.753682128908828,True,ILLUSTRATIVE - NOT PRODUCTION INTEGRATION
30min,P75,0.092201267823476804,1,19.907844283006948,0.94999999999999996,18.912452068856599,10.84583784590188,30.753682128908828,True,ILLUSTRATIVE - NOT PRODUCTION INTEGRATION
30min,P75,0.092201267823476804,1,19.907844283006948,1,19.907844283006948,10.84583784590188,30.753682128908828,True,ILLUSTRATIVE - NOT PRODUCTION INTEGRATION
30min,P75,0.092201267823476804,1,19.907844283006948,1.05,20.903236497157298,10.84583784590188,30.753682128908828,True,ILLUSTRATIVE - NOT PRODUCTION INTEGRATION
30min,P75,0.092201267823476804,1,19.907844283006948,1.1000000000000001,21.898628711307644,10.84583784590188,30.753682128908828,True,ILLUSTRATIVE - NOT PRODUCTION INTEGRATION
30min,P75,0.092201267823476804,1,19.907844283006948,1.1499999999999999,22.894020925457991,10.84583784590188,30.753682128908828,True,ILLUSTRATIVE - NOT PRODUCTION INTEGRATION
30min,P90,0.12864872142232212,0.050000000000000003,19.907844283006948,0.84999999999999998,16.921667640555906,0.38865524233126436,20.296499525338213,True,ILLUSTRATIVE - NOT PRODUCTION INTEGRATION
30min,P90,0.12864872142232212,0.050000000000000003,19.907844283006948,0.90000000000000002,17.917059854706253,0.38865524233126436,20.296499525338213,True,ILLUSTRATIVE - NOT PRODUCTION INTEGRATION
30min,P90,0.12864872142232212,0.050000000000000003,19.907844283006948,0.94999999999999996,18.912452068856599,0.38865524233126436,20.296499525338213,True,ILLUSTRATIVE - NOT PRODUCTION INTEGRATION
30min,P90,0.12864872142232212,0.050000000000000003,19.907844283006948,1,19.907844283006948,0.38865524233126436,20.296499525338213,True,ILLUSTRATIVE - NOT PRODUCTION INTEGRATION
30min,P90,0.12864872142232212,0.050000000000000003,19.907844283006948,1.05,20.903236497157298,0.38865524233126436,20.296499525338213,False,ILLUSTRATIVE - NOT PRODUCTION INTEGRATION
30min,P90,0.12864872142232212,0.050000000000000003,19.907844283006948,1.1000000000000001,21.898628711307644,0.38865524233126436,20.296499525338213,False,ILLUSTRATIVE - NOT PRODUCTION INTEGRATION
30min,P90,0.12864872142232212,0.050000000000000003,19.907844283006948,1.1499999999999999,22.894020925457991,0.38865524233126436,20.296499525338213,False,ILLUSTRATIVE - NOT PRODUCTION INTEGRATION
30min,P90,0.12864872142232212,0.10000000000000001,19.907844283006948,0.84999999999999998,16.921667640555906,0.77731048466252872,20.685154767669477,True,ILLUSTRATIVE - NOT PRODUCTION INTEGRATION
30min,P90,0.12864872142232212,0.10000000000000001,19.907844283006948,0.90000000000000002,17.917059854706253,0.77731048466252872,20.685154767669477,True,ILLUSTRATIVE - NOT PRODUCTION INTEGRATION
30min,P90,0.12864872142232212,0.10000000000000001,19.907844283006948,0.94999999999999996,18.912452068856599,0.77731048466252872,20.685154767669477,True,ILLUSTRATIVE - NOT PRODUCTION INTEGRATION
30min,P90,0.12864872142232212,0.10000000000000001,19.907844283006948,1,19.907844283006948,0.77731048466252872,20.685154767669477,True,ILLUSTRATIVE - NOT PRODUCTION INTEGRATION
30min,P90,0.12864872142232212,0.10000000000000001,19.907844283006948,1.05,20.903236497157298,0.77731048466252872,20.685154767669477,False,ILLUSTRATIVE - NOT PRODUCTION INTEGRATION
30min,P90,0.12864872142232212,0.10000000000000001,19.907844283006948,1.1000000000000001,21.898628711307644,0.77731048466252872,20.685154767669477,False,ILLUSTRATIVE - NOT PRODUCTION INTEGRATION
30min,P90,0.12864872142232212,0.10000000000000001,19.907844283006948,1.1499999999999999,22.894020925457991,0.77731048466252872,20.685154767669477,False,ILLUSTRATIVE - NOT PRODUCTION INTEGRATION
30min,P90,0.12864872142232212,0.25,19.907844283006948,0.84999999999999998,16.921667640555906,1.9432762116563254,21.851120494663274,True,ILLUSTRATIVE - NOT PRODUCTION INTEGRATION
30min,P90,0.12864872142232212,0.25,19.907844283006948,0.90000000000000002,17.917059854706253,1.9432762116563254,21.851120494663274,True,ILLUSTRATIVE - NOT PRODUCTION INTEGRATION
30min,P90,0.12864872142232212,0.25,19.907844283006948,0.94999999999999996,18.912452068856599,1.9432762116563254,21.851120494663274,True,ILLUSTRATIVE - NOT PRODUCTION INTEGRATION
30min,P90,0.12864872142232212,0.25,19.907844283006948,1,19.907844283006948,1.9432762116563254,21.851120494663274,True,ILLUSTRATIVE - NOT PRODUCTION INTEGRATION
30min,P90,0.12864872142232212,0.25,19.907844283006948,1.05,20.903236497157298,1.9432762116563254,21.851120494663274,True,ILLUSTRATIVE - NOT PRODUCTION INTEGRATION
30min,P90,0.12864872142232212,0.25,19.907844283006948,1.1000000000000001,21.898628711307644,1.9432762116563254,21.851120494663274,False,ILLUSTRATIVE - NOT PRODUCTION INTEGRATION
30min,P90,0.12864872142232212,0.25,19.907844283006948,1.1499999999999999,22.894020925457991,1.9432762116563254,21.851120494663274,False,ILLUSTRATIVE - NOT PRODUCTION INTEGRATION
30min,P90,0.12864872142232212,0.5,19.907844283006948,0.84999999999999998,16.921667640555906,3.8865524233126507,23.794396706319599,True,ILLUSTRATIVE - NOT PRODUCTION INTEGRATION
30min,P90,0.12864872142232212,0.5,19.907844283006948,0.90000000000000002,17.917059854706253,3.8865524233126507,23.794396706319599,True,ILLUSTRATIVE - NOT PRODUCTION INTEGRATION
30min,P90,0.12864872142232212,0.5,19.907844283006948,0.94999999999999996,18.912452068856599,3.8865524233126507,23.794396706319599,True,ILLUSTRATIVE - NOT PRODUCTION INTEGRATION
30min,P90,0.12864872142232212,0.5,19.907844283006948,1,19.907844283006948,3.8865524233126507,23.794396706319599,True,ILLUSTRATIVE - NOT PRODUCTION INTEGRATION
30min,P90,0.12864872142232212,0.5,19.907844283006948,1.05,20.903236497157298,3.8865524233126507,23.794396706319599,True,ILLUSTRATIVE - NOT PRODUCTION INTEGRATION
30min,P90,0.12864872142232212,0.5,19.907844283006948,1.1000000000000001,21.898628711307644,3.8865524233126507,23.794396706319599,True,ILLUSTRATIVE - NOT PRODUCTION INTEGRATION
30min,P90,0.12864872142232212,0.5,19.907844283006948,1.1499999999999999,22.894020925457991,3.8865524233126507,23.794396706319599,True,ILLUSTRATIVE - NOT PRODUCTION INTEGRATION
30min,P90,0.12864872142232212,1,19.907844283006948,0.84999999999999998,16.921667640555906,7.7731048466252979,27.680949129632246,True,ILLUSTRATIVE - NOT PRODUCTION INTEGRATION
30min,P90,0.12864872142232212,1,19.907844283006948,0.90000000000000002,17.917059854706253,7.7731048466252979,27.680949129632246,True,ILLUSTRATIVE - NOT PRODUCTION INTEGRATION
30min,P90,0.12864872142232212,1,19.907844283006948,0.94999999999999996,18.912452068856599,7.7731048466252979,27.680949129632246,True,ILLUSTRATIVE - NOT PRODUCTION INTEGRATION
30min,P90,0.12864872142232212,1,19.907844283006948,1,19.907844283006948,7.7731048466252979,27.680949129632246,True,ILLUSTRATIVE - NOT PRODUCTION INTEGRATION
30min,P90,0.12864872142232212,1,19.907844283006948,1.05,20.903236497157298,7.7731048466252979,27.680949129632246,True,ILLUSTRATIVE - NOT PRODUCTION INTEGRATION
30min,P90,0.12864872142232212,1,19.907844283006948,1.1000000000000001,21.898628711307644,7.7731048466252979,27.680949129632246,True,ILLUSTRATIVE - NOT PRODUCTION INTEGRATION
30min,P90,0.12864872142232212,1,19.907844283006948,1.1499999999999999,22.894020925457991,7.7731048466252979,27.680949129632246,True,ILLUSTRATIVE - NOT PRODUCTION INTEGRATION
30min,P95,0.17918429754161763,0.050000000000000003,19.907844283006948,0.84999999999999998,16.921667640555906,0.27904230831603272,20.186886591322981,True,ILLUSTRATIVE - NOT PRODUCTION INTEGRATION
30min,P95,0.17918429754161763,0.050000000000000003,19.907844283006948,0.90000000000000002,17.917059854706253,0.27904230831603272,20.186886591322981,True,ILLUSTRATIVE - NOT PRODUCTION INTEGRATION
30min,P95,0.17918429754161763,0.050000000000000003,19.907844283006948,0.94999999999999996,18.912452068856599,0.27904230831603272,20.186886591322981,True,ILLUSTRATIVE - NOT PRODUCTION INTEGRATION
30min,P95,0.17918429754161763,0.050000000000000003,19.907844283006948,1,19.907844283006948,0.27904230831603272,20.186886591322981,True,ILLUSTRATIVE - NOT PRODUCTION INTEGRATION
30min,P95,0.17918429754161763,0.050000000000000003,19.907844283006948,1.05,20.903236497157298,0.27904230831603272,20.186886591322981,False,ILLUSTRATIVE - NOT PRODUCTION INTEGRATION
30min,P95,0.17918429754161763,0.050000000000000003,19.907844283006948,1.1000000000000001,21.898628711307644,0.27904230831603272,20.186886591322981,False,ILLUSTRATIVE - NOT PRODUCTION INTEGRATION
30min,P95,0.17918429754161763,0.050000000000000003,19.907844283006948,1.1499999999999999,22.894020925457991,0.27904230831603272,20.186886591322981,False,ILLUSTRATIVE - NOT PRODUCTION INTEGRATION
30min,P95,0.17918429754161763,0.10000000000000001,19.907844283006948,0.84999999999999998,16.921667640555906,0.55808461663206899,20.465928899639017,True,ILLUSTRATIVE - NOT PRODUCTION INTEGRATION
30min,P95,0.17918429754161763,0.10000000000000001,19.907844283006948,0.90000000000000002,17.917059854706253,0.55808461663206899,20.465928899639017,True,ILLUSTRATIVE - NOT PRODUCTION INTEGRATION
30min,P95,0.17918429754161763,0.10000000000000001,19.907844283006948,0.94999999999999996,18.912452068856599,0.55808461663206899,20.465928899639017,True,ILLUSTRATIVE - NOT PRODUCTION INTEGRATION
30min,P95,0.17918429754161763,0.10000000000000001,19.907844283006948,1,19.907844283006948,0.55808461663206899,20.465928899639017,True,ILLUSTRATIVE - NOT PRODUCTION INTEGRATION
30min,P95,0.17918429754161763,0.10000000000000001,19.907844283006948,1.05,20.903236497157298,0.55808461663206899,20.465928899639017,False,ILLUSTRATIVE - NOT PRODUCTION INTEGRATION
30min,P95,0.17918429754161763,0.10000000000000001,19.907844283006948,1.1000000000000001,21.898628711307644,0.55808461663206899,20.465928899639017,False,ILLUSTRATIVE - NOT PRODUCTION INTEGRATION
30min,P95,0.17918429754161763,0.10000000000000001,19.907844283006948,1.1499999999999999,22.894020925457991,0.55808461663206899,20.465928899639017,False,ILLUSTRATIVE - NOT PRODUCTION INTEGRATION
30min,P95,0.17918429754161763,0.25,19.907844283006948,0.84999999999999998,16.921667640555906,1.3952115415801707,21.303055824587119,True,ILLUSTRATIVE - NOT PRODUCTION INTEGRATION
30min,P95,0.17918429754161763,0.25,19.907844283006948,0.90000000000000002,17.917059854706253,1.3952115415801707,21.303055824587119,True,ILLUSTRATIVE - NOT PRODUCTION INTEGRATION
30min,P95,0.17918429754161763,0.25,19.907844283006948,0.94999999999999996,18.912452068856599,1.3952115415801707,21.303055824587119,True,ILLUSTRATIVE - NOT PRODUCTION INTEGRATION
30min,P95,0.17918429754161763,0.25,19.907844283006948,1,19.907844283006948,1.3952115415801707,21.303055824587119,True,ILLUSTRATIVE - NOT PRODUCTION INTEGRATION
30min,P95,0.17918429754161763,0.25,19.907844283006948,1.05,20.903236497157298,1.3952115415801707,21.303055824587119,True,ILLUSTRATIVE - NOT PRODUCTION INTEGRATION
30min,P95,0.17918429754161763,0.25,19.907844283006948,1.1000000000000001,21.898628711307644,1.3952115415801707,21.303055824587119,False,ILLUSTRATIVE - NOT PRODUCTION INTEGRATION
30min,P95,0.17918429754161763,0.25,19.907844283006948,1.1499999999999999,22.894020925457991,1.3952115415801707,21.303055824587119,False,ILLUSTRATIVE - NOT PRODUCTION INTEGRATION
30min,P95,0.17918429754161763,0.5,19.907844283006948,0.84999999999999998,16.921667640555906,2.7904230831603378,22.698267366167286,True,ILLUSTRATIVE - NOT PRODUCTION INTEGRATION
30min,P95,0.17918429754161763,0.5,19.907844283006948,0.90000000000000002,17.917059854706253,2.7904230831603378,22.698267366167286,True,ILLUSTRATIVE - NOT PRODUCTION INTEGRATION
30min,P95,0.17918429754161763,0.5,19.907844283006948,0.94999999999999996,18.912452068856599,2.7904230831603378,22.698267366167286,True,ILLUSTRATIVE - NOT PRODUCTION INTEGRATION
30min,P95,0.17918429754161763,0.5,19.907844283006948,1,19.907844283006948,2.7904230831603378,22.698267366167286,True,ILLUSTRATIVE - NOT PRODUCTION INTEGRATION
30min,P95,0.17918429754161763,0.5,19.907844283006948,1.05,20.903236497157298,2.7904230831603378,22.698267366167286,True,ILLUSTRATIVE - NOT PRODUCTION INTEGRATION
30min,P95,0.17918429754161763,0.5,19.907844283006948,1.1000000000000001,21.898628711307644,2.7904230831603378,22.698267366167286,True,ILLUSTRATIVE - NOT PRODUCTION INTEGRATION
30min,P95,0.17918429754161763,0.5,19.907844283006948,1.1499999999999999,22.894020925457991,2.7904230831603378,22.698267366167286,False,ILLUSTRATIVE - NOT PRODUCTION INTEGRATION
30min,P95,0.17918429754161763,1,19.907844283006948,0.84999999999999998,16.921667640555906,5.5808461663206756,25.488690449327624,True,ILLUSTRATIVE - NOT PRODUCTION INTEGRATION
30min,P95,0.17918429754161763,1,19.907844283006948,0.90000000000000002,17.917059854706253,5.5808461663206756,25.488690449327624,True,ILLUSTRATIVE - NOT PRODUCTION INTEGRATION
30min,P95,0.17918429754161763,1,19.907844283006948,0.94999999999999996,18.912452068856599,5.5808461663206756,25.488690449327624,True,ILLUSTRATIVE - NOT PRODUCTION INTEGRATION
30min,P95,0.17918429754161763,1,19.907844283006948,1,19.907844283006948,5.5808461663206756,25.488690449327624,True,ILLUSTRATIVE - NOT PRODUCTION INTEGRATION
30min,P95,0.17918429754161763,1,19.907844283006948,1.05,20.903236497157298,5.5808461663206756,25.488690449327624,True,ILLUSTRATIVE - NOT PRODUCTION INTEGRATION
30min,P95,0.17918429754161763,1,19.907844283006948,1.1000000000000001,21.898628711307644,5.5808461663206756,25.488690449327624,True,ILLUSTRATIVE - NOT PRODUCTION INTEGRATION
30min,P95,0.17918429754161763,1,19.907844283006948,1.1499999999999999,22.894020925457991,5.5808461663206756,25.488690449327624,True,ILLUSTRATIVE - NOT PRODUCTION INTEGRATION
hourly,P10,0.0091083763794671275,0.050000000000000003,19.810590032991836,0.84999999999999998,16.83900152804306,5.4894525562990815,25.300042589290918,True,ILLUSTRATIVE - NOT PRODUCTION INTEGRATION
hourly,P10,0.0091083763794671275,0.050000000000000003,19.810590032991836,0.90000000000000002,17.829531029692653,5.4894525562990815,25.300042589290918,True,ILLUSTRATIVE - NOT PRODUCTION INTEGRATION
hourly,P10,0.0091083763794671275,0.050000000000000003,19.810590032991836,0.94999999999999996,18.820060531342243,5.4894525562990815,25.300042589290918,True,ILLUSTRATIVE - NOT PRODUCTION INTEGRATION
hourly,P10,0.0091083763794671275,0.050000000000000003,19.810590032991836,1,19.810590032991836,5.4894525562990815,25.300042589290918,True,ILLUSTRATIVE - NOT PRODUCTION INTEGRATION
hourly,P10,0.0091083763794671275,0.050000000000000003,19.810590032991836,1.05,20.80111953464143,5.4894525562990815,25.300042589290918,True,ILLUSTRATIVE - NOT PRODUCTION INTEGRATION
hourly,P10,0.0091083763794671275,0.050000000000000003,19.810590032991836,1.1000000000000001,21.791649036291023,5.4894525562990815,25.300042589290918,True,ILLUSTRATIVE - NOT PRODUCTION INTEGRATION
hourly,P10,0.0091083763794671275,0.050000000000000003,19.810590032991836,1.1499999999999999,22.782178537940609,5.4894525562990815,25.300042589290918,True,ILLUSTRATIVE - NOT PRODUCTION INTEGRATION
hourly,P10,0.0091083763794671275,0.10000000000000001,19.810590032991836,0.84999999999999998,16.83900152804306,10.978905112598166,30.789495145590003,True,ILLUSTRATIVE - NOT PRODUCTION INTEGRATION
hourly,P10,0.0091083763794671275,0.10000000000000001,19.810590032991836,0.90000000000000002,17.829531029692653,10.978905112598166,30.789495145590003,True,ILLUSTRATIVE - NOT PRODUCTION INTEGRATION
hourly,P10,0.0091083763794671275,0.10000000000000001,19.810590032991836,0.94999999999999996,18.820060531342243,10.978905112598166,30.789495145590003,True,ILLUSTRATIVE - NOT PRODUCTION INTEGRATION
hourly,P10,0.0091083763794671275,0.10000000000000001,19.810590032991836,1,19.810590032991836,10.978905112598166,30.789495145590003,True,ILLUSTRATIVE - NOT PRODUCTION INTEGRATION
hourly,P10,0.0091083763794671275,0.10000000000000001,19.810590032991836,1.05,20.80111953464143,10.978905112598166,30.789495145590003,True,ILLUSTRATIVE - NOT PRODUCTION INTEGRATION
hourly,P10,0.0091083763794671275,0.10000000000000001,19.810590032991836,1.1000000000000001,21.791649036291023,10.978905112598166,30.789495145590003,True,ILLUSTRATIVE - NOT PRODUCTION INTEGRATION
hourly,P10,0.0091083763794671275,0.10000000000000001,19.810590032991836,1.1499999999999999,22.782178537940609,10.978905112598166,30.789495145590003,True,ILLUSTRATIVE - NOT PRODUCTION INTEGRATION
hourly,P10,0.0091083763794671275,0.25,19.810590032991836,0.84999999999999998,16.83900152804306,27.447262781495414,47.257852814487251,True,ILLUSTRATIVE - NOT PRODUCTION INTEGRATION
hourly,P10,0.0091083763794671275,0.25,19.810590032991836,0.90000000000000002,17.829531029692653,27.447262781495414,47.257852814487251,True,ILLUSTRATIVE - NOT PRODUCTION INTEGRATION
hourly,P10,0.0091083763794671275,0.25,19.810590032991836,0.94999999999999996,18.820060531342243,27.447262781495414,47.257852814487251,True,ILLUSTRATIVE - NOT PRODUCTION INTEGRATION
hourly,P10,0.0091083763794671275,0.25,19.810590032991836,1,19.810590032991836,27.447262781495414,47.257852814487251,True,ILLUSTRATIVE - NOT PRODUCTION INTEGRATION
hourly,P10,0.0091083763794671275,0.25,19.810590032991836,1.05,20.80111953464143,27.447262781495414,47.257852814487251,True,ILLUSTRATIVE - NOT PRODUCTION INTEGRATION
hourly,P10,0.0091083763794671275,0.25,19.810590032991836,1.1000000000000001,21.791649036291023,27.447262781495414,47.257852814487251,True,ILLUSTRATIVE - NOT PRODUCTION INTEGRATION
hourly,P10,0.0091083763794671275,0.25,19.810590032991836,1.1499999999999999,22.782178537940609,27.447262781495414,47.257852814487251,True,ILLUSTRATIVE - NOT PRODUCTION INTEGRATION
hourly,P10,0.0091083763794671275,0.5,19.810590032991836,0.84999999999999998,16.83900152804306,54.894525562990822,74.705115595982662,True,ILLUSTRATIVE - NOT PRODUCTION INTEGRATION
hourly,P10,0.0091083763794671275,0.5,19.810590032991836,0.90000000000000002,17.829531029692653,54.894525562990822,74.705115595982662,True,ILLUSTRATIVE - NOT PRODUCTION INTEGRATION
hourly,P10,0.0091083763794671275,0.5,19.810590032991836,0.94999999999999996,18.820060531342243,54.894525562990822,74.705115595982662,True,ILLUSTRATIVE - NOT PRODUCTION INTEGRATION
hourly,P10,0.0091083763794671275,0.5,19.810590032991836,1,19.810590032991836,54.894525562990822,74.705115595982662,True,ILLUSTRATIVE - NOT PRODUCTION INTEGRATION
hourly,P10,0.0091083763794671275,0.5,19.810590032991836,1.05,20.80111953464143,54.894525562990822,74.705115595982662,True,ILLUSTRATIVE - NOT PRODUCTION INTEGRATION
hourly,P10,0.0091083763794671275,0.5,19.810590032991836,1.1000000000000001,21.791649036291023,54.894525562990822,74.705115595982662,True,ILLUSTRATIVE - NOT PRODUCTION INTEGRATION
hourly,P10,0.0091083763794671275,0.5,19.810590032991836,1.1499999999999999,22.782178537940609,54.894525562990822,74.705115595982662,True,ILLUSTRATIVE - NOT PRODUCTION INTEGRATION
hourly,P10,0.0091083763794671275,1,19.810590032991836,0.84999999999999998,16.83900152804306,109.78905112598163,129.59964115897347,True,ILLUSTRATIVE - NOT PRODUCTION INTEGRATION
hourly,P10,0.0091083763794671275,1,19.810590032991836,0.90000000000000002,17.829531029692653,109.78905112598163,129.59964115897347,True,ILLUSTRATIVE - NOT PRODUCTION INTEGRATION
hourly,P10,0.0091083763794671275,1,19.810590032991836,0.94999999999999996,18.820060531342243,109.78905112598163,129.59964115897347,True,ILLUSTRATIVE - NOT PRODUCTION INTEGRATION
hourly,P10,0.0091083763794671275,1,19.810590032991836,1,19.810590032991836,109.78905112598163,129.59964115897347,True,ILLUSTRATIVE - NOT PRODUCTION INTEGRATION
hourly,P10,0.0091083763794671275,1,19.810590032991836,1.05,20.80111953464143,109.78905112598163,129.59964115897347,True,ILLUSTRATIVE - NOT PRODUCTION INTEGRATION
hourly,P10,0.0091083763794671275,1,19.810590032991836,1.1000000000000001,21.791649036291023,109.78905112598163,129.59964115897347,True,ILLUSTRATIVE - NOT PRODUCTION INTEGRATION
hourly,P10,0.0091083763794671275,1,19.810590032991836,1.1499999999999999,22.782178537940609,109.78905112598163,129.59964115897347,True,ILLUSTRATIVE - NOT PRODUCTION INTEGRATION
hourly,P25,0.022405211531769869,0.050000000000000003,19.810590032991836,0.84999999999999998,16.83900152804306,2.231623652787281,22.042213685779117,True,ILLUSTRATIVE - NOT PRODUCTION INTEGRATION
hourly,P25,0.022405211531769869,0.050000000000000003,19.810590032991836,0.90000000000000002,17.829531029692653,2.231623652787281,22.042213685779117,True,ILLUSTRATIVE - NOT PRODUCTION INTEGRATION
hourly,P25,0.022405211531769869,0.050000000000000003,19.810590032991836,0.94999999999999996,18.820060531342243,2.231623652787281,22.042213685779117,True,ILLUSTRATIVE - NOT PRODUCTION INTEGRATION
hourly,P25,0.022405211531769869,0.050000000000000003,19.810590032991836,1,19.810590032991836,2.231623652787281,22.042213685779117,True,ILLUSTRATIVE - NOT PRODUCTION INTEGRATION
hourly,P25,0.022405211531769869,0.050000000000000003,19.810590032991836,1.05,20.80111953464143,2.231623652787281,22.042213685779117,True,ILLUSTRATIVE - NOT PRODUCTION INTEGRATION
hourly,P25,0.022405211531769869,0.050000000000000003,19.810590032991836,1.1000000000000001,21.791649036291023,2.231623652787281,22.042213685779117,True,ILLUSTRATIVE - NOT PRODUCTION INTEGRATION
hourly,P25,0.022405211531769869,0.050000000000000003,19.810590032991836,1.1499999999999999,22.782178537940609,2.231623652787281,22.042213685779117,False,ILLUSTRATIVE - NOT PRODUCTION INTEGRATION
hourly,P25,0.022405211531769869,0.10000000000000001,19.810590032991836,0.84999999999999998,16.83900152804306,4.4632473055745656,24.273837338566402,True,ILLUSTRATIVE - NOT PRODUCTION INTEGRATION
hourly,P25,0.022405211531769869,0.10000000000000001,19.810590032991836,0.90000000000000002,17.829531029692653,4.4632473055745656,24.273837338566402,True,ILLUSTRATIVE - NOT PRODUCTION INTEGRATION
hourly,P25,0.022405211531769869,0.10000000000000001,19.810590032991836,0.94999999999999996,18.820060531342243,4.4632473055745656,24.273837338566402,True,ILLUSTRATIVE - NOT PRODUCTION INTEGRATION
hourly,P25,0.022405211531769869,0.10000000000000001,19.810590032991836,1,19.810590032991836,4.4632473055745656,24.273837338566402,True,ILLUSTRATIVE - NOT PRODUCTION INTEGRATION
hourly,P25,0.022405211531769869,0.10000000000000001,19.810590032991836,1.05,20.80111953464143,4.4632473055745656,24.273837338566402,True,ILLUSTRATIVE - NOT PRODUCTION INTEGRATION
hourly,P25,0.022405211531769869,0.10000000000000001,19.810590032991836,1.1000000000000001,21.791649036291023,4.4632473055745656,24.273837338566402,True,ILLUSTRATIVE - NOT PRODUCTION INTEGRATION
hourly,P25,0.022405211531769869,0.10000000000000001,19.810590032991836,1.1499999999999999,22.782178537940609,4.4632473055745656,24.273837338566402,True,ILLUSTRATIVE - NOT PRODUCTION INTEGRATION
hourly,P25,0.022405211531769869,0.25,19.810590032991836,0.84999999999999998,16.83900152804306,11.158118263936409,30.968708296928245,True,ILLUSTRATIVE - NOT PRODUCTION INTEGRATION
hourly,P25,0.022405211531769869,0.25,19.810590032991836,0.90000000000000002,17.829531029692653,11.158118263936409,30.968708296928245,True,ILLUSTRATIVE - NOT PRODUCTION INTEGRATION
hourly,P25,0.022405211531769869,0.25,19.810590032991836,0.94999999999999996,18.820060531342243,11.158118263936409,30.968708296928245,True,ILLUSTRATIVE - NOT PRODUCTION INTEGRATION
hourly,P25,0.022405211531769869,0.25,19.810590032991836,1,19.810590032991836,11.158118263936409,30.968708296928245,True,ILLUSTRATIVE - NOT PRODUCTION INTEGRATION
hourly,P25,0.022405211531769869,0.25,19.810590032991836,1.05,20.80111953464143,11.158118263936409,30.968708296928245,True,ILLUSTRATIVE - NOT PRODUCTION INTEGRATION
hourly,P25,0.022405211531769869,0.25,19.810590032991836,1.1000000000000001,21.791649036291023,11.158118263936409,30.968708296928245,True,ILLUSTRATIVE - NOT PRODUCTION INTEGRATION
hourly,P25,0.022405211531769869,0.25,19.810590032991836,1.1499999999999999,22.782178537940609,11.158118263936409,30.968708296928245,True,ILLUSTRATIVE - NOT PRODUCTION INTEGRATION
hourly,P25,0.022405211531769869,0.5,19.810590032991836,0.84999999999999998,16.83900152804306,22.316236527872821,42.126826560864657,True,ILLUSTRATIVE - NOT PRODUCTION INTEGRATION
hourly,P25,0.022405211531769869,0.5,19.810590032991836,0.90000000000000002,17.829531029692653,22.316236527872821,42.126826560864657,True,ILLUSTRATIVE - NOT PRODUCTION INTEGRATION
hourly,P25,0.022405211531769869,0.5,19.810590032991836,0.94999999999999996,18.820060531342243,22.316236527872821,42.126826560864657,True,ILLUSTRATIVE - NOT PRODUCTION INTEGRATION
hourly,P25,0.022405211531769869,0.5,19.810590032991836,1,19.810590032991836,22.316236527872821,42.126826560864657,True,ILLUSTRATIVE - NOT PRODUCTION INTEGRATION
hourly,P25,0.022405211531769869,0.5,19.810590032991836,1.05,20.80111953464143,22.316236527872821,42.126826560864657,True,ILLUSTRATIVE - NOT PRODUCTION INTEGRATION
hourly,P25,0.022405211531769869,0.5,19.810590032991836,1.1000000000000001,21.791649036291023,22.316236527872821,42.126826560864657,True,ILLUSTRATIVE - NOT PRODUCTION INTEGRATION
hourly,P25,0.022405211531769869,0.5,19.810590032991836,1.1499999999999999,22.782178537940609,22.316236527872821,42.126826560864657,True,ILLUSTRATIVE - NOT PRODUCTION INTEGRATION
hourly,P25,0.022405211531769869,1,19.810590032991836,0.84999999999999998,16.83900152804306,44.632473055745635,64.443063088737475,True,ILLUSTRATIVE - NOT PRODUCTION INTEGRATION
hourly,P25,0.022405211531769869,1,19.810590032991836,0.90000000000000002,17.829531029692653,44.632473055745635,64.443063088737475,True,ILLUSTRATIVE - NOT PRODUCTION INTEGRATION
hourly,P25,0.022405211531769869,1,19.810590032991836,0.94999999999999996,18.820060531342243,44.632473055745635,64.443063088737475,True,ILLUSTRATIVE - NOT PRODUCTION INTEGRATION
hourly,P25,0.022405211531769869,1,19.810590032991836,1,19.810590032991836,44.632473055745635,64.443063088737475,True,ILLUSTRATIVE - NOT PRODUCTION INTEGRATION
hourly,P25,0.022405211531769869,1,19.810590032991836,1.05,20.80111953464143,44.632473055745635,64.443063088737475,True,ILLUSTRATIVE - NOT PRODUCTION INTEGRATION
hourly,P25,0.022405211531769869,1,19.810590032991836,1.1000000000000001,21.791649036291023,44.632473055745635,64.443063088737475,True,ILLUSTRATIVE - NOT PRODUCTION INTEGRATION
hourly,P25,0.022405211531769869,1,19.810590032991836,1.1499999999999999,22.782178537940609,44.632473055745635,64.443063088737475,True,ILLUSTRATIVE - NOT PRODUCTION INTEGRATION
hourly,P50,0.053700483933184287,0.050000000000000003,19.810590032991836,0.84999999999999998,16.83900152804306,0.93109030567045536,20.741680338662292,True,ILLUSTRATIVE - NOT PRODUCTION INTEGRATION
hourly,P50,0.053700483933184287,0.050000000000000003,19.810590032991836,0.90000000000000002,17.829531029692653,0.93109030567045536,20.741680338662292,True,ILLUSTRATIVE - NOT PRODUCTION INTEGRATION
hourly,P50,0.053700483933184287,0.050000000000000003,19.810590032991836,0.94999999999999996,18.820060531342243,0.93109030567045536,20.741680338662292,True,ILLUSTRATIVE - NOT PRODUCTION INTEGRATION
hourly,P50,0.053700483933184287,0.050000000000000003,19.810590032991836,1,19.810590032991836,0.93109030567045536,20.741680338662292,True,ILLUSTRATIVE - NOT PRODUCTION INTEGRATION
hourly,P50,0.053700483933184287,0.050000000000000003,19.810590032991836,1.05,20.80111953464143,0.93109030567045536,20.741680338662292,False,ILLUSTRATIVE - NOT PRODUCTION INTEGRATION
hourly,P50,0.053700483933184287,0.050000000000000003,19.810590032991836,1.1000000000000001,21.791649036291023,0.93109030567045536,20.741680338662292,False,ILLUSTRATIVE - NOT PRODUCTION INTEGRATION
hourly,P50,0.053700483933184287,0.050000000000000003,19.810590032991836,1.1499999999999999,22.782178537940609,0.93109030567045536,20.741680338662292,False,ILLUSTRATIVE - NOT PRODUCTION INTEGRATION
hourly,P50,0.053700483933184287,0.10000000000000001,19.810590032991836,0.84999999999999998,16.83900152804306,1.8621806113409143,21.672770644332751,True,ILLUSTRATIVE - NOT PRODUCTION INTEGRATION
hourly,P50,0.053700483933184287,0.10000000000000001,19.810590032991836,0.90000000000000002,17.829531029692653,1.8621806113409143,21.672770644332751,True,ILLUSTRATIVE - NOT PRODUCTION INTEGRATION
hourly,P50,0.053700483933184287,0.10000000000000001,19.810590032991836,0.94999999999999996,18.820060531342243,1.8621806113409143,21.672770644332751,True,ILLUSTRATIVE - NOT PRODUCTION INTEGRATION
hourly,P50,0.053700483933184287,0.10000000000000001,19.810590032991836,1,19.810590032991836,1.8621806113409143,21.672770644332751,True,ILLUSTRATIVE - NOT PRODUCTION INTEGRATION
hourly,P50,0.053700483933184287,0.10000000000000001,19.810590032991836,1.05,20.80111953464143,1.8621806113409143,21.672770644332751,True,ILLUSTRATIVE - NOT PRODUCTION INTEGRATION
hourly,P50,0.053700483933184287,0.10000000000000001,19.810590032991836,1.1000000000000001,21.791649036291023,1.8621806113409143,21.672770644332751,False,ILLUSTRATIVE - NOT PRODUCTION INTEGRATION
hourly,P50,0.053700483933184287,0.10000000000000001,19.810590032991836,1.1499999999999999,22.782178537940609,1.8621806113409143,21.672770644332751,False,ILLUSTRATIVE - NOT PRODUCTION INTEGRATION
hourly,P50,0.053700483933184287,0.25,19.810590032991836,0.84999999999999998,16.83900152804306,4.6554515283522839,24.46604156134412,True,ILLUSTRATIVE - NOT PRODUCTION INTEGRATION
hourly,P50,0.053700483933184287,0.25,19.810590032991836,0.90000000000000002,17.829531029692653,4.6554515283522839,24.46604156134412,True,ILLUSTRATIVE - NOT PRODUCTION INTEGRATION
hourly,P50,0.053700483933184287,0.25,19.810590032991836,0.94999999999999996,18.820060531342243,4.6554515283522839,24.46604156134412,True,ILLUSTRATIVE - NOT PRODUCTION INTEGRATION
hourly,P50,0.053700483933184287,0.25,19.810590032991836,1,19.810590032991836,4.6554515283522839,24.46604156134412,True,ILLUSTRATIVE - NOT PRODUCTION INTEGRATION
hourly,P50,0.053700483933184287,0.25,19.810590032991836,1.05,20.80111953464143,4.6554515283522839,24.46604156134412,True,ILLUSTRATIVE - NOT PRODUCTION INTEGRATION
hourly,P50,0.053700483933184287,0.25,19.810590032991836,1.1000000000000001,21.791649036291023,4.6554515283522839,24.46604156134412,True,ILLUSTRATIVE - NOT PRODUCTION INTEGRATION
hourly,P50,0.053700483933184287,0.25,19.810590032991836,1.1499999999999999,22.782178537940609,4.6554515283522839,24.46604156134412,True,ILLUSTRATIVE - NOT PRODUCTION INTEGRATION
hourly,P50,0.053700483933184287,0.5,19.810590032991836,0.84999999999999998,16.83900152804306,9.3109030567045643,29.121493089696401,True,ILLUSTRATIVE - NOT PRODUCTION INTEGRATION
hourly,P50,0.053700483933184287,0.5,19.810590032991836,0.90000000000000002,17.829531029692653,9.3109030567045643,29.121493089696401,True,ILLUSTRATIVE - NOT PRODUCTION INTEGRATION
hourly,P50,0.053700483933184287,0.5,19.810590032991836,0.94999999999999996,18.820060531342243,9.3109030567045643,29.121493089696401,True,ILLUSTRATIVE - NOT PRODUCTION INTEGRATION
hourly,P50,0.053700483933184287,0.5,19.810590032991836,1,19.810590032991836,9.3109030567045643,29.121493089696401,True,ILLUSTRATIVE - NOT PRODUCTION INTEGRATION
hourly,P50,0.053700483933184287,0.5,19.810590032991836,1.05,20.80111953464143,9.3109030567045643,29.121493089696401,True,ILLUSTRATIVE - NOT PRODUCTION INTEGRATION
hourly,P50,0.053700483933184287,0.5,19.810590032991836,1.1000000000000001,21.791649036291023,9.3109030567045643,29.121493089696401,True,ILLUSTRATIVE - NOT PRODUCTION INTEGRATION
hourly,P50,0.053700483933184287,0.5,19.810590032991836,1.1499999999999999,22.782178537940609,9.3109030567045643,29.121493089696401,True,ILLUSTRATIVE - NOT PRODUCTION INTEGRATION
hourly,P50,0.053700483933184287,1,19.810590032991836,0.84999999999999998,16.83900152804306,18.621806113409132,38.432396146400968,True,ILLUSTRATIVE - NOT PRODUCTION INTEGRATION
hourly,P50,0.053700483933184287,1,19.810590032991836,0.90000000000000002,17.829531029692653,18.621806113409132,38.432396146400968,True,ILLUSTRATIVE - NOT PRODUCTION INTEGRATION
hourly,P50,0.053700483933184287,1,19.810590032991836,0.94999999999999996,18.820060531342243,18.621806113409132,38.432396146400968,True,ILLUSTRATIVE - NOT PRODUCTION INTEGRATION
hourly,P50,0.053700483933184287,1,19.810590032991836,1,19.810590032991836,18.621806113409132,38.432396146400968,True,ILLUSTRATIVE - NOT PRODUCTION INTEGRATION
hourly,P50,0.053700483933184287,1,19.810590032991836,1.05,20.80111953464143,18.621806113409132,38.432396146400968,True,ILLUSTRATIVE - NOT PRODUCTION INTEGRATION
hourly,P50,0.053700483933184287,1,19.810590032991836,1.1000000000000001,21.791649036291023,18.621806113409132,38.432396146400968,True,ILLUSTRATIVE - NOT PRODUCTION INTEGRATION
hourly,P50,0.053700483933184287,1,19.810590032991836,1.1499999999999999,22.782178537940609,18.621806113409132,38.432396146400968,True,ILLUSTRATIVE - NOT PRODUCTION INTEGRATION
hourly,P75,0.084799916365346589,0.050000000000000003,19.810590032991836,0.84999999999999998,16.83900152804306,0.58962322302988213,20.400213256021718,True,ILLUSTRATIVE - NOT PRODUCTION INTEGRATION
hourly,P75,0.084799916365346589,0.050000000000000003,19.810590032991836,0.90000000000000002,17.829531029692653,0.58962322302988213,20.400213256021718,True,ILLUSTRATIVE - NOT PRODUCTION INTEGRATION
hourly,P75,0.084799916365346589,0.050000000000000003,19.810590032991836,0.94999999999999996,18.820060531342243,0.58962322302988213,20.400213256021718,True,ILLUSTRATIVE - NOT PRODUCTION INTEGRATION
hourly,P75,0.084799916365346589,0.050000000000000003,19.810590032991836,1,19.810590032991836,0.58962322302988213,20.400213256021718,True,ILLUSTRATIVE - NOT PRODUCTION INTEGRATION
hourly,P75,0.084799916365346589,0.050000000000000003,19.810590032991836,1.05,20.80111953464143,0.58962322302988213,20.400213256021718,False,ILLUSTRATIVE - NOT PRODUCTION INTEGRATION
hourly,P75,0.084799916365346589,0.050000000000000003,19.810590032991836,1.1000000000000001,21.791649036291023,0.58962322302988213,20.400213256021718,False,ILLUSTRATIVE - NOT PRODUCTION INTEGRATION
hourly,P75,0.084799916365346589,0.050000000000000003,19.810590032991836,1.1499999999999999,22.782178537940609,0.58962322302988213,20.400213256021718,False,ILLUSTRATIVE - NOT PRODUCTION INTEGRATION
hourly,P75,0.084799916365346589,0.10000000000000001,19.810590032991836,0.84999999999999998,16.83900152804306,1.1792464460597607,20.989836479051597,True,ILLUSTRATIVE - NOT PRODUCTION INTEGRATION
hourly,P75,0.084799916365346589,0.10000000000000001,19.810590032991836,0.90000000000000002,17.829531029692653,1.1792464460597607,20.989836479051597,True,ILLUSTRATIVE - NOT PRODUCTION INTEGRATION
hourly,P75,0.084799916365346589,0.10000000000000001,19.810590032991836,0.94999999999999996,18.820060531342243,1.1792464460597607,20.989836479051597,True,ILLUSTRATIVE - NOT PRODUCTION INTEGRATION
hourly,P75,0.084799916365346589,0.10000000000000001,19.810590032991836,1,19.810590032991836,1.1792464460597607,20.989836479051597,True,ILLUSTRATIVE - NOT PRODUCTION INTEGRATION
hourly,P75,0.084799916365346589,0.10000000000000001,19.810590032991836,1.05,20.80111953464143,1.1792464460597607,20.989836479051597,True,ILLUSTRATIVE - NOT PRODUCTION INTEGRATION
hourly,P75,0.084799916365346589,0.10000000000000001,19.810590032991836,1.1000000000000001,21.791649036291023,1.1792464460597607,20.989836479051597,False,ILLUSTRATIVE - NOT PRODUCTION INTEGRATION
hourly,P75,0.084799916365346589,0.10000000000000001,19.810590032991836,1.1499999999999999,22.782178537940609,1.1792464460597607,20.989836479051597,False,ILLUSTRATIVE - NOT PRODUCTION INTEGRATION
hourly,P75,0.084799916365346589,0.25,19.810590032991836,0.84999999999999998,16.83900152804306,2.9481161151494035,22.75870614814124,True,ILLUSTRATIVE - NOT PRODUCTION INTEGRATION
hourly,P75,0.084799916365346589,0.25,19.810590032991836,0.90000000000000002,17.829531029692653,2.9481161151494035,22.75870614814124,True,ILLUSTRATIVE - NOT PRODUCTION INTEGRATION
hourly,P75,0.084799916365346589,0.25,19.810590032991836,0.94999999999999996,18.820060531342243,2.9481161151494035,22.75870614814124,True,ILLUSTRATIVE - NOT PRODUCTION INTEGRATION
hourly,P75,0.084799916365346589,0.25,19.810590032991836,1,19.810590032991836,2.9481161151494035,22.75870614814124,True,ILLUSTRATIVE - NOT PRODUCTION INTEGRATION
hourly,P75,0.084799916365346589,0.25,19.810590032991836,1.05,20.80111953464143,2.9481161151494035,22.75870614814124,True,ILLUSTRATIVE - NOT PRODUCTION INTEGRATION
hourly,P75,0.084799916365346589,0.25,19.810590032991836,1.1000000000000001,21.791649036291023,2.9481161151494035,22.75870614814124,True,ILLUSTRATIVE - NOT PRODUCTION INTEGRATION
hourly,P75,0.084799916365346589,0.25,19.810590032991836,1.1499999999999999,22.782178537940609,2.9481161151494035,22.75870614814124,False,ILLUSTRATIVE - NOT PRODUCTION INTEGRATION
hourly,P75,0.084799916365346589,0.5,19.810590032991836,0.84999999999999998,16.83900152804306,5.8962322302988106,25.706822263290647,True,ILLUSTRATIVE - NOT PRODUCTION INTEGRATION
hourly,P75,0.084799916365346589,0.5,19.810590032991836,0.90000000000000002,17.829531029692653,5.8962322302988106,25.706822263290647,True,ILLUSTRATIVE - NOT PRODUCTION INTEGRATION
hourly,P75,0.084799916365346589,0.5,19.810590032991836,0.94999999999999996,18.820060531342243,5.8962322302988106,25.706822263290647,True,ILLUSTRATIVE - NOT PRODUCTION INTEGRATION
hourly,P75,0.084799916365346589,0.5,19.810590032991836,1,19.810590032991836,5.8962322302988106,25.706822263290647,True,ILLUSTRATIVE - NOT PRODUCTION INTEGRATION
hourly,P75,0.084799916365346589,0.5,19.810590032991836,1.05,20.80111953464143,5.8962322302988106,25.706822263290647,True,ILLUSTRATIVE - NOT PRODUCTION INTEGRATION
hourly,P75,0.084799916365346589,0.5,19.810590032991836,1.1000000000000001,21.791649036291023,5.8962322302988106,25.706822263290647,True,ILLUSTRATIVE - NOT PRODUCTION INTEGRATION
hourly,P75,0.084799916365346589,0.5,19.810590032991836,1.1499999999999999,22.782178537940609,5.8962322302988106,25.706822263290647,True,ILLUSTRATIVE - NOT PRODUCTION INTEGRATION
hourly,P75,0.084799916365346589,1,19.810590032991836,0.84999999999999998,16.83900152804306,11.792464460597618,31.603054493589454,True,ILLUSTRATIVE - NOT PRODUCTION INTEGRATION
hourly,P75,0.084799916365346589,1,19.810590032991836,0.90000000000000002,17.829531029692653,11.792464460597618,31.603054493589454,True,ILLUSTRATIVE - NOT PRODUCTION INTEGRATION
hourly,P75,0.084799916365346589,1,19.810590032991836,0.94999999999999996,18.820060531342243,11.792464460597618,31.603054493589454,True,ILLUSTRATIVE - NOT PRODUCTION INTEGRATION
hourly,P75,0.084799916365346589,1,19.810590032991836,1,19.810590032991836,11.792464460597618,31.603054493589454,True,ILLUSTRATIVE - NOT PRODUCTION INTEGRATION
hourly,P75,0.084799916365346589,1,19.810590032991836,1.05,20.80111953464143,11.792464460597618,31.603054493589454,True,ILLUSTRATIVE - NOT PRODUCTION INTEGRATION
hourly,P75,0.084799916365346589,1,19.810590032991836,1.1000000000000001,21.791649036291023,11.792464460597618,31.603054493589454,True,ILLUSTRATIVE - NOT PRODUCTION INTEGRATION
hourly,P75,0.084799916365346589,1,19.810590032991836,1.1499999999999999,22.782178537940609,11.792464460597618,31.603054493589454,True,ILLUSTRATIVE - NOT PRODUCTION INTEGRATION
hourly,P90,0.11676359407162658,0.050000000000000003,19.810590032991836,0.84999999999999998,16.83900152804306,0.42821566428769131,20.238805697279528,True,ILLUSTRATIVE - NOT PRODUCTION INTEGRATION
hourly,P90,0.11676359407162658,0.050000000000000003,19.810590032991836,0.90000000000000002,17.829531029692653,0.42821566428769131,20.238805697279528,True,ILLUSTRATIVE - NOT PRODUCTION INTEGRATION
hourly,P90,0.11676359407162658,0.050000000000000003,19.810590032991836,0.94999999999999996,18.820060531342243,0.42821566428769131,20.238805697279528,True,ILLUSTRATIVE - NOT PRODUCTION INTEGRATION
hourly,P90,0.11676359407162658,0.050000000000000003,19.810590032991836,1,19.810590032991836,0.42821566428769131,20.238805697279528,True,ILLUSTRATIVE - NOT PRODUCTION INTEGRATION
hourly,P90,0.11676359407162658,0.050000000000000003,19.810590032991836,1.05,20.80111953464143,0.42821566428769131,20.238805697279528,False,ILLUSTRATIVE - NOT PRODUCTION INTEGRATION
hourly,P90,0.11676359407162658,0.050000000000000003,19.810590032991836,1.1000000000000001,21.791649036291023,0.42821566428769131,20.238805697279528,False,ILLUSTRATIVE - NOT PRODUCTION INTEGRATION
hourly,P90,0.11676359407162658,0.050000000000000003,19.810590032991836,1.1499999999999999,22.782178537940609,0.42821566428769131,20.238805697279528,False,ILLUSTRATIVE - NOT PRODUCTION INTEGRATION
hourly,P90,0.11676359407162658,0.10000000000000001,19.810590032991836,0.84999999999999998,16.83900152804306,0.85643132857538262,20.667021361567219,True,ILLUSTRATIVE - NOT PRODUCTION INTEGRATION
hourly,P90,0.11676359407162658,0.10000000000000001,19.810590032991836,0.90000000000000002,17.829531029692653,0.85643132857538262,20.667021361567219,True,ILLUSTRATIVE - NOT PRODUCTION INTEGRATION
hourly,P90,0.11676359407162658,0.10000000000000001,19.810590032991836,0.94999999999999996,18.820060531342243,0.85643132857538262,20.667021361567219,True,ILLUSTRATIVE - NOT PRODUCTION INTEGRATION
hourly,P90,0.11676359407162658,0.10000000000000001,19.810590032991836,1,19.810590032991836,0.85643132857538262,20.667021361567219,True,ILLUSTRATIVE - NOT PRODUCTION INTEGRATION
hourly,P90,0.11676359407162658,0.10000000000000001,19.810590032991836,1.05,20.80111953464143,0.85643132857538262,20.667021361567219,False,ILLUSTRATIVE - NOT PRODUCTION INTEGRATION
hourly,P90,0.11676359407162658,0.10000000000000001,19.810590032991836,1.1000000000000001,21.791649036291023,0.85643132857538262,20.667021361567219,False,ILLUSTRATIVE - NOT PRODUCTION INTEGRATION
hourly,P90,0.11676359407162658,0.10000000000000001,19.810590032991836,1.1499999999999999,22.782178537940609,0.85643132857538262,20.667021361567219,False,ILLUSTRATIVE - NOT PRODUCTION INTEGRATION
hourly,P90,0.11676359407162658,0.25,19.810590032991836,0.84999999999999998,16.83900152804306,2.1410783214384601,21.951668354430296,True,ILLUSTRATIVE - NOT PRODUCTION INTEGRATION
hourly,P90,0.11676359407162658,0.25,19.810590032991836,0.90000000000000002,17.829531029692653,2.1410783214384601,21.951668354430296,True,ILLUSTRATIVE - NOT PRODUCTION INTEGRATION
hourly,P90,0.11676359407162658,0.25,19.810590032991836,0.94999999999999996,18.820060531342243,2.1410783214384601,21.951668354430296,True,ILLUSTRATIVE - NOT PRODUCTION INTEGRATION
hourly,P90,0.11676359407162658,0.25,19.810590032991836,1,19.810590032991836,2.1410783214384601,21.951668354430296,True,ILLUSTRATIVE - NOT PRODUCTION INTEGRATION
hourly,P90,0.11676359407162658,0.25,19.810590032991836,1.05,20.80111953464143,2.1410783214384601,21.951668354430296,True,ILLUSTRATIVE - NOT PRODUCTION INTEGRATION
hourly,P90,0.11676359407162658,0.25,19.810590032991836,1.1000000000000001,21.791649036291023,2.1410783214384601,21.951668354430296,True,ILLUSTRATIVE - NOT PRODUCTION INTEGRATION
hourly,P90,0.11676359407162658,0.25,19.810590032991836,1.1499999999999999,22.782178537940609,2.1410783214384601,21.951668354430296,False,ILLUSTRATIVE - NOT PRODUCTION INTEGRATION
hourly,P90,0.11676359407162658,0.5,19.810590032991836,0.84999999999999998,16.83900152804306,4.2821566428769202,24.092746675868757,True,ILLUSTRATIVE - NOT PRODUCTION INTEGRATION
hourly,P90,0.11676359407162658,0.5,19.810590032991836,0.90000000000000002,17.829531029692653,4.2821566428769202,24.092746675868757,True,ILLUSTRATIVE - NOT PRODUCTION INTEGRATION
hourly,P90,0.11676359407162658,0.5,19.810590032991836,0.94999999999999996,18.820060531342243,4.2821566428769202,24.092746675868757,True,ILLUSTRATIVE - NOT PRODUCTION INTEGRATION
hourly,P90,0.11676359407162658,0.5,19.810590032991836,1,19.810590032991836,4.2821566428769202,24.092746675868757,True,ILLUSTRATIVE - NOT PRODUCTION INTEGRATION
hourly,P90,0.11676359407162658,0.5,19.810590032991836,1.05,20.80111953464143,4.2821566428769202,24.092746675868757,True,ILLUSTRATIVE - NOT PRODUCTION INTEGRATION
hourly,P90,0.11676359407162658,0.5,19.810590032991836,1.1000000000000001,21.791649036291023,4.2821566428769202,24.092746675868757,True,ILLUSTRATIVE - NOT PRODUCTION INTEGRATION
hourly,P90,0.11676359407162658,0.5,19.810590032991836,1.1499999999999999,22.782178537940609,4.2821566428769202,24.092746675868757,True,ILLUSTRATIVE - NOT PRODUCTION INTEGRATION
hourly,P90,0.11676359407162658,1,19.810590032991836,0.84999999999999998,16.83900152804306,8.564313285753844,28.37490331874568,True,ILLUSTRATIVE - NOT PRODUCTION INTEGRATION
hourly,P90,0.11676359407162658,1,19.810590032991836,0.90000000000000002,17.829531029692653,8.564313285753844,28.37490331874568,True,ILLUSTRATIVE - NOT PRODUCTION INTEGRATION
hourly,P90,0.11676359407162658,1,19.810590032991836,0.94999999999999996,18.820060531342243,8.564313285753844,28.37490331874568,True,ILLUSTRATIVE - NOT PRODUCTION INTEGRATION
hourly,P90,0.11676359407162658,1,19.810590032991836,1,19.810590032991836,8.564313285753844,28.37490331874568,True,ILLUSTRATIVE - NOT PRODUCTION INTEGRATION
hourly,P90,0.11676359407162658,1,19.810590032991836,1.05,20.80111953464143,8.564313285753844,28.37490331874568,True,ILLUSTRATIVE - NOT PRODUCTION INTEGRATION
hourly,P90,0.11676359407162658,1,19.810590032991836,1.1000000000000001,21.791649036291023,8.564313285753844,28.37490331874568,True,ILLUSTRATIVE - NOT PRODUCTION INTEGRATION
hourly,P90,0.11676359407162658,1,19.810590032991836,1.1499999999999999,22.782178537940609,8.564313285753844,28.37490331874568,True,ILLUSTRATIVE - NOT PRODUCTION INTEGRATION
hourly,P95,0.15840272170750808,0.050000000000000003,19.810590032991836,0.84999999999999998,16.83900152804306,0.31565114198179955,20.126241174973636,True,ILLUSTRATIVE - NOT PRODUCTION INTEGRATION
hourly,P95,0.15840272170750808,0.050000000000000003,19.810590032991836,0.90000000000000002,17.829531029692653,0.31565114198179955,20.126241174973636,True,ILLUSTRATIVE - NOT PRODUCTION INTEGRATION
hourly,P95,0.15840272170750808,0.050000000000000003,19.810590032991836,0.94999999999999996,18.820060531342243,0.31565114198179955,20.126241174973636,True,ILLUSTRATIVE - NOT PRODUCTION INTEGRATION
hourly,P95,0.15840272170750808,0.050000000000000003,19.810590032991836,1,19.810590032991836,0.31565114198179955,20.126241174973636,True,ILLUSTRATIVE - NOT PRODUCTION INTEGRATION
hourly,P95,0.15840272170750808,0.050000000000000003,19.810590032991836,1.05,20.80111953464143,0.31565114198179955,20.126241174973636,False,ILLUSTRATIVE - NOT PRODUCTION INTEGRATION
hourly,P95,0.15840272170750808,0.050000000000000003,19.810590032991836,1.1000000000000001,21.791649036291023,0.31565114198179955,20.126241174973636,False,ILLUSTRATIVE - NOT PRODUCTION INTEGRATION
hourly,P95,0.15840272170750808,0.050000000000000003,19.810590032991836,1.1499999999999999,22.782178537940609,0.31565114198179955,20.126241174973636,False,ILLUSTRATIVE - NOT PRODUCTION INTEGRATION
hourly,P95,0.15840272170750808,0.10000000000000001,19.810590032991836,0.84999999999999998,16.83900152804306,0.63130228396359911,20.441892316955435,True,ILLUSTRATIVE - NOT PRODUCTION INTEGRATION
hourly,P95,0.15840272170750808,0.10000000000000001,19.810590032991836,0.90000000000000002,17.829531029692653,0.63130228396359911,20.441892316955435,True,ILLUSTRATIVE - NOT PRODUCTION INTEGRATION
hourly,P95,0.15840272170750808,0.10000000000000001,19.810590032991836,0.94999999999999996,18.820060531342243,0.63130228396359911,20.441892316955435,True,ILLUSTRATIVE - NOT PRODUCTION INTEGRATION
hourly,P95,0.15840272170750808,0.10000000000000001,19.810590032991836,1,19.810590032991836,0.63130228396359911,20.441892316955435,True,ILLUSTRATIVE - NOT PRODUCTION INTEGRATION
hourly,P95,0.15840272170750808,0.10000000000000001,19.810590032991836,1.05,20.80111953464143,0.63130228396359911,20.441892316955435,False,ILLUSTRATIVE - NOT PRODUCTION INTEGRATION
hourly,P95,0.15840272170750808,0.10000000000000001,19.810590032991836,1.1000000000000001,21.791649036291023,0.63130228396359911,20.441892316955435,False,ILLUSTRATIVE - NOT PRODUCTION INTEGRATION
hourly,P95,0.15840272170750808,0.10000000000000001,19.810590032991836,1.1499999999999999,22.782178537940609,0.63130228396359911,20.441892316955435,False,ILLUSTRATIVE - NOT PRODUCTION INTEGRATION
hourly,P95,0.15840272170750808,0.25,19.810590032991836,0.84999999999999998,16.83900152804306,1.5782557099089942,21.388845742900831,True,ILLUSTRATIVE - NOT PRODUCTION INTEGRATION
hourly,P95,0.15840272170750808,0.25,19.810590032991836,0.90000000000000002,17.829531029692653,1.5782557099089942,21.388845742900831,True,ILLUSTRATIVE - NOT PRODUCTION INTEGRATION
hourly,P95,0.15840272170750808,0.25,19.810590032991836,0.94999999999999996,18.820060531342243,1.5782557099089942,21.388845742900831,True,ILLUSTRATIVE - NOT PRODUCTION INTEGRATION
hourly,P95,0.15840272170750808,0.25,19.810590032991836,1,19.810590032991836,1.5782557099089942,21.388845742900831,True,ILLUSTRATIVE - NOT PRODUCTION INTEGRATION
hourly,P95,0.15840272170750808,0.25,19.810590032991836,1.05,20.80111953464143,1.5782557099089942,21.388845742900831,True,ILLUSTRATIVE - NOT PRODUCTION INTEGRATION
hourly,P95,0.15840272170750808,0.25,19.810590032991836,1.1000000000000001,21.791649036291023,1.5782557099089942,21.388845742900831,False,ILLUSTRATIVE - NOT PRODUCTION INTEGRATION
hourly,P95,0.15840272170750808,0.25,19.810590032991836,1.1499999999999999,22.782178537940609,1.5782557099089942,21.388845742900831,False,ILLUSTRATIVE - NOT PRODUCTION INTEGRATION
hourly,P95,0.15840272170750808,0.5,19.810590032991836,0.84999999999999998,16.83900152804306,3.1565114198179884,22.967101452809825,True,ILLUSTRATIVE - NOT PRODUCTION INTEGRATION
hourly,P95,0.15840272170750808,0.5,19.810590032991836,0.90000000000000002,17.829531029692653,3.1565114198179884,22.967101452809825,True,ILLUSTRATIVE - NOT PRODUCTION INTEGRATION
hourly,P95,0.15840272170750808,0.5,19.810590032991836,0.94999999999999996,18.820060531342243,3.1565114198179884,22.967101452809825,True,ILLUSTRATIVE - NOT PRODUCTION INTEGRATION
hourly,P95,0.15840272170750808,0.5,19.810590032991836,1,19.810590032991836,3.1565114198179884,22.967101452809825,True,ILLUSTRATIVE - NOT PRODUCTION INTEGRATION
hourly,P95,0.15840272170750808,0.5,19.810590032991836,1.05,20.80111953464143,3.1565114198179884,22.967101452809825,True,ILLUSTRATIVE - NOT PRODUCTION INTEGRATION
hourly,P95,0.15840272170750808,0.5,19.810590032991836,1.1000000000000001,21.791649036291023,3.1565114198179884,22.967101452809825,True,ILLUSTRATIVE - NOT PRODUCTION INTEGRATION
hourly,P95,0.15840272170750808,0.5,19.810590032991836,1.1499999999999999,22.782178537940609,3.1565114198179884,22.967101452809825,True,ILLUSTRATIVE - NOT PRODUCTION INTEGRATION
hourly,P95,0.15840272170750808,1,19.810590032991836,0.84999999999999998,16.83900152804306,6.3130228396359769,26.123612872627813,True,ILLUSTRATIVE - NOT PRODUCTION INTEGRATION
hourly,P95,0.15840272170750808,1,19.810590032991836,0.90000000000000002,17.829531029692653,6.3130228396359769,26.123612872627813,True,ILLUSTRATIVE - NOT PRODUCTION INTEGRATION
hourly,P95,0.15840272170750808,1,19.810590032991836,0.94999999999999996,18.820060531342243,6.3130228396359769,26.123612872627813,True,ILLUSTRATIVE - NOT PRODUCTION INTEGRATION
hourly,P95,0.15840272170750808,1,19.810590032991836,1,19.810590032991836,6.3130228396359769,26.123612872627813,True,ILLUSTRATIVE - NOT PRODUCTION INTEGRATION
hourly,P95,0.15840272170750808,1,19.810590032991836,1.05,20.80111953464143,6.3130228396359769,26.123612872627813,True,ILLUSTRATIVE - NOT PRODUCTION INTEGRATION
hourly,P95,0.15840272170750808,1,19.810590032991836,1.1000000000000001,21.791649036291023,6.3130228396359769,26.123612872627813,True,ILLUSTRATIVE - NOT PRODUCTION INTEGRATION
hourly,P95,0.15840272170750808,1,19.810590032991836,1.1499999999999999,22.782178537940609,6.3130228396359769,26.123612872627813,True,ILLUSTRATIVE - NOT PRODUCTION INTEGRATION
