variant,rule,upper_inclusive,percent_retained,decision,count,mean,std_population,min,p01,p05,p10,p25,median,p75,p90,p95,p99,p995,p999,max,skewness
30min,none,inf,100,PROFESSOR DECISION REQUIRED,526892,0.38018534688492545,67.090791137018186,2.0433146292906289e-07,0.0011217718501150479,0.0059004424146811155,0.011381846878842977,0.031348852853243847,0.066986866975142445,0.092201267823476804,0.12864872142232212,0.17918429754161763,0.57624432009556736,1.0915627634411265,6.478437594680778,36880.697397900592,432.0446755670593
30min,upper_P99,0.57624432009556736,98.999984816622757,PROFESSOR DECISION REQUIRED,521623,0.071336710645898471,0.060373680896967451,2.0433146292906289e-07,0.0011118510159464469,0.0058378115505159488,0.011278692999584655,0.030970517485893356,0.066400764926944064,0.091320310281702982,0.12430313024474535,0.16345704416844514,0.33063919250504914,0.41154804258799466,0.53386150891137318,0.57623965959894952,2.8596391183860224
30min,upper_P99.5,1.0915627634411265,99.499897512203646,PROFESSOR DECISION REQUIRED,524257,0.074814038073007197,0.078241981532515076,2.0433146292906289e-07,0.0011167617203977089,0.0058697505859332715,0.011332453365426331,0.03116447170491354,0.066697711230465168,0.091751220866343866,0.12639595883593793,0.17078334023443192,0.41151841181696747,0.5773987134822739,0.90955788918375358,1.0912815810569829,5.1041835530219961
30min,upper_P99.9,6.478437594680778,99.900169294656209,PROFESSOR DECISION REQUIRED,526366,0.083790994179633455,0.18013892093667691,2.0433146292906289e-07,0.001120562862479193,0.0058949258219292804,0.011373997579538253,0.031311066253600216,0.066927144420684981,0.092111617136866331,0.12820963844013469,0.17753578148765653,0.53393141137112543,0.9097164416972604,2.8409689341087163,6.478437594680778,17.080636997850348
30min,IQR_Q3_plus_1.5IQR,0.18347989027882622,95.204899675834895,PROFESSOR DECISION REQUIRED,501627,0.062818581957742189,0.039017132089547046,2.0433146292906289e-07,0.0010667043883662781,0.0056095730626431924,0.010882629205609158,0.029482422731176929,0.064072022944380511,0.088208853079547719,0.11193502962362102,0.13108735842161975,0.16658207977651124,0.17431059249286907,0.18140433018340077,0.18347293875209034,0.37764953297007725
30min,log1p_IQR_diagnostic,0.19027772441506483,95.512173272701048,PROFESSOR DECISION REQUIRED,503246,0.063217372208920014,0.039581889842944307,2.0433146292906289e-07,0.0010699159057266047,0.0056310305646134901,0.01091140100488191,0.02960518030398775,0.064264123124443503,0.088464151555561768,0.11274663698332363,0.13274483668129772,0.17129145409178717,0.17992557023793423,0.18798073274602869,0.1902713052362672,0.42921067552203462
hourly,none,inf,100,PROFESSOR DECISION REQUIRED,487710,0.58887576220450732,154.57515616068395,3.7220756029790912e-07,0.00096926231256491127,0.004562228503291803,0.0091083763794671275,0.022405211531769869,0.053700483933184287,0.084799916365346589,0.11676359407162658,0.15840272170750808,0.49378893553784781,0.9235222342657623,4.264155770828399,97164.03212104032,541.71288098506648
hourly,upper_P99,0.49378893553784781,98.999815464107769,PROFESSOR DECISION REQUIRED,482832,0.061090474240091161,0.053904148957818282,3.7220756029790912e-07,0.00095755685610383792,0.0045226482182262138,0.0090140051204528268,0.022171616806184236,0.053022276138377761,0.083954695288406198,0.11293005913557945,0.14547961089462066,0.28116987745096944,0.35494330327685553,0.45450569092130871,0.49375619806808341,2.5596315218120242
hourly,upper_P99.5,0.9235222342657623,99.499907732053885,PROFESSOR DECISION REQUIRED,485271,0.064092809660224695,0.068908185106570152,3.7220756029790912e-07,0.00096283518080231821,0.0045418085820402377,0.009059544711572283,0.022287521559616077,0.053375020473223206,0.084373958534324847,0.11480513569094783,0.1513812512438508,0.35495191490768896,0.49503475945760389,0.77738484242151107,0.92342721712971731,4.7749243741265142
hourly,upper_P99.9,4.264155770828399,99.89994053843472,PROFESSOR DECISION REQUIRED,487222,0.071062615994558639,0.13982265567657209,3.7220756029790912e-07,0.00096683417079823219,0.0045592486187906794,0.0090972571233954233,0.022380712221654019,0.053637355312527231,0.084712996033711976,0.11632284236534271,0.15705968319445873,0.45457239583123416,0.77743220590387496,2.2310268253934802,4.263792313888719,14.296255236931197
hourly,IQR_Q3_plus_1.5IQR,0.17839197361571166,96.027967439667009,PROFESSOR DECISION REQUIRED,468338,0.05472823743829551,0.038038764732183518,3.7220756029790912e-07,0.00092691160242353162,0.0043935681154563975,0.0087525526744378721,0.021483615700981493,0.050982559978113628,0.081486062871171508,0.1041151169672567,0.12288785278946673,0.1593698156804659,0.16823834672703297,0.17631314051533684,0.17838620043383571,0.58808656292835282
hourly,log1p_IQR_diagnostic,0.18560364482351918,96.283242090586626,PROFESSOR DECISION REQUIRED,469583,0.055065366059608309,0.03854708006351619,3.7220756029790912e-07,0.00092923367515392963,0.0044094038663656477,0.0087759244411606402,0.021541807066714914,0.051157777693761758,0.081714933360402559,0.10475597000076124,0.12432546738920928,0.16370456219418295,0.17352558792304265,0.1827250270106493,0.18560292781067514,0.6326373499806307
