condition_id,time_bucket,WeatherCode,base_sample_count,sample_count,mean_epsilon,median,maximum,std_epsilon,p25,p75,p90,p95,p99,n_lt_30,n_lt_100,n_lt_500
30min:T00:W1,0,1,13933,4123,0.10390852975518722,0.074604541831254673,8.6993298266415184,0.2510955727774139,0.051150986727230632,0.095646005084869562,0.15895522527140166,0.24873516489552386,0.68108632895334043,False,False,False
30min:T00:W12,0,12,1923,603,0.12720532742089813,0.062284477036936688,8.3001162099907724,0.53457677876890297,0.054370808741039507,0.079545325864575273,0.13853362169872802,0.22141170056547391,1.2001172998077427,False,False,False
30min:T00:W2,0,2,6274,137,0.0022079770220488066,0.001383588153495183,0.010888546877710558,0.002260651472290885,0.0005816758384494476,0.0029120604981184698,0.0054216517824743756,0.0062313140683532978,0.0099677807623663444,False,False,True
30min:T00:W3,0,3,18564,5448,0.10141540455109016,0.074901548982804697,4.5420004303144221,0.1647775847497242,0.052435073823378142,0.096728223978288494,0.16129536136774844,0.24626005035193282,0.68901085325439293,False,False,False
30min:T00:W5,0,5,915,281,0.18227549290002196,0.054673034966101625,31.614949461128244,1.8797352312760112,0.047541757774924615,0.068467976173355802,0.11852960402871035,0.14846428079984442,0.53001596139392337,False,False,True
30min:T00:W8,0,8,3277,978,0.11867172680457304,0.082115689615808868,5.200498191865738,0.25903796360851677,0.053817800087406456,0.11320406623310247,0.18065615785215355,0.27274972994805002,0.65282212814565865,False,False,False
30min:T00:W9,0,9,4072,1150,0.18546058146476221,0.088202620834758425,55.388600787912836,1.6478921725589306,0.051430199175316257,0.12598212830649014,0.22083963676275675,0.37559127244253721,1.3961569543663552,False,False,False
30min:T01:W1,1,1,12611,3478,0.17207086722833664,0.084956754968612491,56.594745428214601,1.1434768903032109,0.040850348809349318,0.12744830294473644,0.24122765961003681,0.41770139895652553,1.2065161013275205,False,False,False
30min:T01:W12,1,12,1465,444,0.080072292438158832,0.062087518297948202,0.93408689825157865,0.085401657131157535,0.052866358227732294,0.077915547321748782,0.12721053453510042,0.1892736289974665,0.4992008331586606,False,False,True
30min:T01:W2,1,2,4761,1505,0.091926977700441032,0.069937029148382332,2.6544363999803307,0.136061151188937,0.050861782426190924,0.092742358532362748,0.14621104617141287,0.21636723373968308,0.49036306067364072,False,False,False
30min:T01:W3,1,3,15398,4606,0.12193240843358551,0.079638553563591938,12.982770998679177,0.38696569835546057,0.056013943738191581,0.10884699121817898,0.17303419084720706,0.26330485995896685,0.71868043234744217,False,False,False
30min:T01:W5,1,5,590,190,0.11203628692998653,0.059144369452729842,4.4269485100657144,0.3455712127075769,0.04593912778709372,0.0838280575881485,0.15766070345040117,0.23326989459450762,1.3078844321390775,False,False,True
30min:T01:W8,1,8,3130,912,0.23090974375403228,0.095265791517954682,8.7580866162045297,0.75291171230152842,0.060255620030822049,0.14835147102390672,0.24342616424388602,0.40843806540396765,4.5591395406167026,False,False,False
30min:T01:W9,1,9,3322,1019,0.14940869395032169,0.08890988240239199,11.398775489621412,0.45549078126623432,0.055876177623403314,0.12386446715964441,0.20806407898710028,0.35724224437209179,1.2919550480009672,False,False,False
30min:T02:W1,2,1,7057,2201,0.96682289453404202,0.078322679374198442,137.50986978088528,8.2493740211042397,0.056014589836034634,0.11656938702539724,0.2012192409360718,0.33907527482966154,32.756971988188681,False,False,False
30min:T02:W12,2,12,1001,312,0.12519359235906868,0.065359646855983333,11.379882300795742,0.65174608661398781,0.054073496541457398,0.089630967581980067,0.14499439634779682,0.20922626609046063,0.47510390015261617,False,False,True
30min:T02:W2,2,2,3379,1053,0.39256121663521837,0.073740814796428425,95.77825918446915,4.2525714637864755,0.052467128748021057,0.09772481117470451,0.1531898113350561,0.20752293150668427,1.2558418494667534,False,False,False
30min:T02:W3,2,3,20014,5501,0.21829807368492812,0.0897742596674177,70.952474038598822,1.6877361644902154,0.047611656908708881,0.13869110930166714,0.25074893088995814,0.40535715226131791,1.5537594179194649,False,False,False
30min:T02:W5,2,5,418,136,0.072037589683675143,0.061885625810978825,0.37507564175304464,0.050979901017312562,0.044426876456137271,0.083718702801661216,0.12410379288797871,0.18108041268603245,0.21701911161206305,False,False,True
30min:T02:W9,2,9,2904,908,0.16082759445401471,0.090658384643676704,6.050215143515409,0.38361148549541968,0.05625524191929706,0.12898787685740007,0.22745660429045172,0.39702487829493566,1.6780563720804549,False,False,False
30min:T03:W1,3,1,5775,1821,0.64791721805799252,0.081420697252780783,963.48145774447028,22.572229181745218,0.056391193681260367,0.12049635492289694,0.20147292395206051,0.26778453659764956,0.67156946021187847,False,False,False
30min:T03:W12,3,12,774,252,0.56511149796384286,0.069363905203158382,116.7908803385165,7.3391887879165107,0.051675476184180391,0.096332850102228917,0.15789331305848936,0.21882735738789535,1.0842254590695788,False,False,True
30min:T03:W2,3,2,2952,947,0.12716223041395322,0.077885674029371341,8.5353512003255894,0.40796005841571492,0.056155666537703347,0.11094884662444864,0.16059714628169802,0.24458884337474918,1.1623784772376349,False,False,False
30min:T03:W3,3,3,17295,1208,1.2173155031946898,0.014838496397785702,1450.8233726158171,41.725003527132479,0.0068197575460901263,0.022939579348225648,0.028880138395795563,0.034876506809049967,0.061668542854657074,False,False,False
30min:T03:W5,3,5,312,95,0.098617864634486394,0.064801196756637397,0.75237783047622664,0.10344635404389166,0.049484272901686992,0.11231832823394294,0.18934837490298326,0.23232778001323207,0.5747383561201842,False,True,True
30min:T03:W9,3,9,2554,843,0.14606962408042493,0.08775452558368399,5.6221612124050617,0.31558678040592142,0.05718289171881949,0.12274169545732674,0.20427147779724705,0.35044869417093105,1.6746471165386536,False,False,False
30min:T04:W1,4,1,1572,499,0.18663577940858792,0.071313860440804441,36.760562756652504,1.6651607204174448,0.055352861619852173,0.10391581272736464,0.16747114764181015,0.26330308656230339,0.99465541580331363,False,False,True
30min:T04:W15,4,15,608,0,,,,,,,,,,True,True,True
30min:T04:W2,4,2,7255,40,7.0876095118941151,0.0022700215218931291,283.37925696667639,44.242071499944409,0.0013669554557037226,0.0044835392363725734,0.0073826556663936765,0.0082147803938523549,172.8666230924982,False,True,True
30min:T04:W3,4,3,12567,415,7.3583097361159915,0.0081037292844780909,3050.1523027647186,149.54516643668521,0.0040127154769795201,0.011058455075682733,0.014160284425748518,0.01686378067402108,0.030592398639433593,False,False,True
30min:T04:W5,4,5,248,87,0.12635551055414854,0.069977965834354228,1.5477545839232332,0.23028008803884345,0.048484823960441854,0.12999435001604862,0.17587816543473481,0.2150036694149686,1.5455786937886555,False,True,True
30min:T04:W9,4,9,2303,764,0.13238333330316068,0.089184795730307534,7.4682675343076292,0.32009506497623069,0.059130298970889887,0.12982238877241387,0.20792675275762698,0.28556651709499292,0.76628243027480669,False,False,False
30min:T05:W1,5,1,1142,375,0.093683772365469278,0.070686421712915351,1.2040117433152568,0.094676401765021803,0.054977428327079941,0.10468416655621432,0.15895088390838294,0.21869568869663805,0.39090748285091925,False,False,True
30min:T05:W15,5,15,456,144,0.12886885393279657,0.063739197044983598,6.609325719939914,0.5484210664584388,0.056438958583529063,0.095092147002820759,0.11706414920352261,0.1853693909617532,0.67513519750773721,False,False,True
30min:T05:W2,5,2,5703,1910,0.13648519217718216,0.085989047361338056,31.301927053660304,0.76390195256063287,0.058654038704617252,0.12234304289578718,0.18376858771395813,0.26536503331315997,0.65004263490790548,False,False,False
30min:T05:W3,5,3,11368,3409,0.18184196753939627,0.083613282729212868,36.108197450943507,0.92544564448529221,0.046006585679726493,0.13246897553633241,0.23674186117499982,0.39445656392956163,2.0707104452408358,False,False,False
30min:T05:W5,5,5,174,61,0.36607945082047111,0.070394914623784569,14.527198558502764,1.8422827216703686,0.050407332057057323,0.10535995673584429,0.20689335545274115,0.82809278883882242,6.6633237258116047,False,True,True
30min:T05:W9,5,9,1810,610,0.12253882168702283,0.087123943710703089,2.6059873675182481,0.17219761922896951,0.061201155035734672,0.12534437141644073,0.2072736659606236,0.31244475448424658,0.8099286563548338,False,False,False
30min:T06:W1,6,1,3184,999,0.10363947693209501,0.072210290338967253,2.5886460388910306,0.15674106253370362,0.050672873637006496,0.10739049405954323,0.17607721865639486,0.23010856442646271,0.7848638400023924,False,False,False
30min:T06:W14,6,14,422,131,0.10589778656832771,0.075239467975232413,0.95235580492581218,0.12046856546172721,0.052171241568047338,0.11562876257712495,0.18335488972002315,0.27840732008863495,0.66410550567928051,False,False,True
30min:T06:W3,6,3,12026,3824,0.1462239146925495,0.08052197079410825,61.500473081380001,1.0919434280818696,0.051264307737748011,0.12185612001804737,0.2010601406235567,0.30538730297110156,0.87512640198434233,False,False,False
30min:T06:W5,6,5,158,52,0.11086327496279667,0.057616067523640631,1.6382403178660927,0.23402613433551112,0.046820334626975935,0.082805083686150638,0.14251594983101448,0.25855153134185521,1.1320764053473358,False,True,True
30min:T06:W8,6,8,1418,492,0.12278002163327437,0.079375226752110895,12.496288045893744,0.56542913322264432,0.056614137746626735,0.11682244394687628,0.16511097906153682,0.22367011073079207,0.52376603296347124,False,False,True
30min:T07:W1,7,1,2851,1,0.00044491336247315979,0.00044491336247315979,0.00044491336247315979,0,0.00044491336247315979,0.00044491336247315979,0.00044491336247315979,0.00044491336247315979,0.00044491336247315979,True,True,True
30min:T07:W14,7,14,384,112,0.12489871994375203,0.080293868182570893,2.2263590267458375,0.26551137707344447,0.049795901132424471,0.11215557540395783,0.1788662560723448,0.2596534045500144,1.6477158966939098,False,False,True
30min:T07:W3,7,3,10515,105,351.24721230818938,0.0020519648413498022,36880.697397900592,3582.0072945614907,0.00078091298749470746,0.0031204563942632438,0.0059639543099580727,0.0080538188898803768,0.016483016588633624,False,False,True
30min:T07:W5,7,5,170,61,0.073494573295061982,0.058657312345373851,0.29627549236869416,0.052026227807093178,0.042965398064639275,0.093089570817374873,0.11783776464304181,0.18172816236869052,0.26320527039322628,False,True,True
30min:T07:W8,7,8,1266,416,0.10116446200096353,0.079159822630404178,3.4174454188740904,0.18080179527816351,0.052761038617003209,0.11517739028832219,0.16495404698510194,0.20198874739722786,0.37517658233193019,False,False,True
30min:T08:W1,8,1,3415,1113,0.13317771238943465,0.069116580366269623,6.5343121031067071,0.34145780362556244,0.046775368111198729,0.10708613341039352,0.18977198904883644,0.36422651785273885,1.5673558380548975,False,False,False
30min:T08:W14,8,14,459,121,0.16342998208066659,0.091593837030013531,2.6343729788192523,0.30345460749418668,0.047836785433967709,0.13794925588230439,0.34798269646913726,0.52638069911741259,1.4055331477450534,False,False,True
30min:T08:W2,8,2,512,164,0.084672177444390428,0.05666232194201519,1.4578541070912714,0.1330428851774291,0.042621572167646102,0.080254578320045872,0.12731526501451959,0.18071342745076482,0.52227463530797869,False,False,True
30min:T08:W3,8,3,8039,2540,0.38815940724972825,0.073185527886484081,46.823932868508251,2.748590168248366,0.048144428542297446,0.10659960526923534,0.1958927737868067,0.31981535284405321,9.4664526844791848,False,False,False
30min:T08:W5,8,5,168,56,0.1800617693118893,0.061963746024915625,3.9977405514950077,0.54823046754633942,0.046480009701162811,0.10606457934212329,0.22415359864014336,0.29312842247917653,2.580815994543419,False,True,True
30min:T08:W8,8,8,1047,340,0.097398621151117901,0.077152663662604648,1.1498540816917893,0.11754429525373605,0.048868525029052867,0.11041845385385614,0.15989047926260749,0.20631291488686573,0.80236664246473688,False,False,True
30min:T09:W1,9,1,2494,813,0.094512808913760335,0.054848386403793942,11.521316858214876,0.42902072781868394,0.042434797669002204,0.075552361312025668,0.12267472008757692,0.20663040115832329,0.66405248375206594,False,False,False
30min:T09:W14,9,14,339,98,0.1322407315305501,0.060873166655686338,4.6111950698006936,0.46563080097123688,0.04222580507006355,0.08832800379637315,0.14776347401538958,0.3029832178812884,0.84134576471233469,False,True,True
30min:T09:W2,9,2,491,0,,,,,,,,,,True,True,True
30min:T09:W3,9,3,5399,1778,0.090186123432155249,0.060113788803619644,6.8815866040313702,0.25032108434601064,0.044149199676003913,0.084049092142373036,0.13152477755070355,0.18922318926142842,0.59228497915886757,False,False,False
30min:T09:W5,9,5,211,73,0.058241167509419468,0.044071039195893731,0.49697837036750081,0.058550405877410963,0.034679295117848112,0.067162154995010104,0.090133441756128765,0.11186653794073345,0.26169019547498296,False,True,True
30min:T09:W8,9,8,549,189,0.086342114803513656,0.06756865112277774,1.1400984631107463,0.10339276199357951,0.050129585530134142,0.091784873834692887,0.1343975779809288,0.19563924249348866,0.38751911252929483,False,False,True
30min:T10:W1,10,1,2333,832,0.10033136150160907,0.048661547521547874,8.7273530151884717,0.40389452008058446,0.039025614258129462,0.066743259810897348,0.11058869429332525,0.15664621358152811,1.1253486571761075,False,False,False
30min:T10:W2,10,2,1110,387,0.067270618057494305,0.050140562644005002,0.95682807864799979,0.087821633113909073,0.04054526065935319,0.067007126100527753,0.096591145643471599,0.14349567575899877,0.38820894315464943,False,False,True
30min:T10:W3,10,3,6806,2362,0.080962495087749373,0.05210852513422512,6.7501103258825008,0.22317579997794348,0.042191843953417962,0.069254319580135129,0.11051419608017138,0.15300607815419504,0.59886856022321389,False,False,False
30min:T11:W1,11,1,3996,1324,0.07425766713665663,0.057194890314499355,6.4245882794462137,0.19932361068122403,0.04626848885316031,0.071971288902303948,0.096884412993493998,0.12929310758272136,0.36591216196310505,False,False,False
30min:T11:W2,11,2,1329,0,,,,,,,,,,True,True,True
30min:T11:W3,11,3,9317,1450,0.013160192373660277,0.012181229135476285,0.089452191851887797,0.008948345760086452,0.0077926037091025861,0.016488826672602215,0.021819604217815244,0.028498049697126375,0.044583778405310616,False,False,False
30min:T12:W1,12,1,6085,2113,0.070652818281512847,0.050624379478493034,3.2728504955852746,0.14559276811743335,0.040434438976928687,0.067169250521588716,0.0927681591685591,0.14125586678552438,0.44724324983369218,False,False,False
30min:T12:W14,12,14,921,280,0.12067852910956177,0.060041770899048066,5.2282323391333776,0.40377672526235564,0.03151193999661784,0.095081451196676131,0.15820268604045457,0.29181159838153686,1.0194614085125067,False,False,True
30min:T12:W2,12,2,1817,627,0.10374959548814269,0.053703316211681819,6.0165142007693406,0.3873288039096795,0.041660503548828887,0.069457923057835574,0.10854911311759807,0.15419091130544957,1.1575853997527084,False,False,False
30min:T12:W3,12,3,8869,56,0.0039972028774191383,0.0024345582265228819,0.035290270460740979,0.0051579142726583295,0.0011233414517310997,0.0055302226441613983,0.0075973308887386905,0.011024577325467072,0.022311979633162508,False,True,True
30min:T12:W5,12,5,876,320,0.061988008270603169,0.052519746061572538,1.1427900407425826,0.068950341423098027,0.039526757456998615,0.070057099379888355,0.095027902530847502,0.11834846310736452,0.18477353026120535,False,False,True
30min:T13:W1,13,1,9988,607,1.0929209026435751,0.0035677290162626908,659.99394404678139,26.766027282674738,0.0019181958245815065,0.0061144508371172987,0.0099409070615400236,0.01493851780530317,0.044944575490411406,False,False,False
30min:T13:W14,13,14,1091,336,0.098749627467672615,0.06478717628282718,3.0322324828233778,0.19862827348361986,0.035109821232589919,0.10115597701793147,0.15218917296868978,0.27967377921964864,0.84781340770584901,False,False,True
30min:T13:W2,13,2,2938,907,0.2746630391475422,0.060989966861037859,142.50356236496523,4.7746058151466864,0.047090549571175276,0.079021640372767127,0.11802064411865441,0.17504280435183567,0.85997044643189546,False,False,False
30min:T13:W3,13,3,14127,4328,0.088719999367559865,0.061256539690667369,16.993890743417488,0.31662680231563328,0.045637480888929015,0.081635819609476565,0.12005149024996069,0.18051658319712183,0.61618431085686065,False,False,False
30min:T13:W5,13,5,1467,442,0.16080964551054172,0.064527088397335536,32.868947517261887,1.5675040781491711,0.049239934111455448,0.08089407704776011,0.1143249112542721,0.15328079601608072,0.60175159570064496,False,False,True
30min:T14:W1,14,1,11909,2232,0.29582564697281738,0.022595220928599776,596.91717300446885,12.631964014437823,0.012857917172944554,0.031083973231486088,0.040188874709174441,0.04928090052884284,0.083501336252941344,False,False,False
30min:T14:W14,14,14,945,299,0.088151122565596721,0.059026940286892454,2.2160956761540551,0.17130915907398811,0.036453627352101968,0.082622200087592371,0.14312890607313472,0.21128923573396668,0.52157022948167742,False,False,True
30min:T14:W3,14,3,21719,245,22.165951793457996,0.0014609362902256713,3216.7624148340797,248.46459042251573,0.00067644771116719322,0.0035317258649079585,0.0064591525542655988,0.0091947314986152995,0.088332432655842688,False,False,True
30min:T14:W5,14,5,1954,578,0.08054489818510964,0.067039028384219546,1.7460741567853082,0.1191240222927039,0.044127734789540157,0.08608490216986886,0.11666519578643256,0.15804274077368369,0.46148316393405164,False,False,False
30min:T15:W1,15,1,16379,7,160.72796869964282,0.0070497558887258355,489.54827889043582,201.07612154259911,0.0014544872025887765,317.76876999498438,449.75726061158116,469.65276975100841,485.5691770625503,True,True,True
30min:T15:W14,15,14,923,290,0.42453301114015113,0.062127516996780659,97.340181647810226,5.7032895180216139,0.042413549390324837,0.087049847749036985,0.14151827395930983,0.23643045878730687,0.63183718613686779,False,False,True
30min:T15:W3,15,3,29977,8121,0.16326630335455974,0.073399705468341347,224.51852328239389,2.5526788737842319,0.046168709116261065,0.098427527039219018,0.14459205585555074,0.22977840278269043,1.6457339987746424,False,False,False
30min:T15:W5,15,5,2754,93,4.9642090359035445,0.0030849868992212149,461.23035406600303,47.569034577044377,0.0015414208039505302,0.0050277511225791461,0.0094855411570103961,0.012170144500195384,36.961897937831608,False,True,True
30min:T16:W1,16,1,20122,496,2.8695365084135749,0.0023138124566425694,938.71579376394811,47.306847365167663,0.0013150687541884038,0.0042363981871834516,0.0068774837704665692,0.010602725165637223,0.070828088484728866,False,False,True
30min:T16:W3,16,3,30656,2004,0.42171875263840908,0.009958636588163261,819.15358379079851,18.293945028761289,0.0045439449120707135,0.013374329118242252,0.017553120084550251,0.023420410054879479,0.044871640189464317,False,False,False
30min:T16:W5,16,5,2912,806,0.083572799239711296,0.072357758845959852,2.101084127628789,0.099655710734737557,0.040849164069608215,0.10373770407317219,0.1391269202861159,0.16624714464734863,0.35460700012044627,False,False,False
30min:T17:W1,17,1,22358,1437,3.9767743142800134,0.011553826561808742,5687.1807645696763,149.97414804095865,0.0052660361540485656,0.01608879323002798,0.021124551670262375,0.026036361725354208,0.047647347255731692,False,False,False
30min:T17:W3,17,3,34708,8153,0.10601765273401849,0.067410872985204012,85.83548003344346,1.0782986102135308,0.038510178669426583,0.086904260143635226,0.1197812229051608,0.17207962567907734,0.51850611519430734,False,False,False
30min:T17:W5,17,5,3154,2,80.385692282798729,80.385692282798729,160.73174432290992,80.346052040111189,40.212666262743134,120.55871830285433,144.66253391488769,152.6971391188988,159.12482328210768,True,True,True
30min:T18:W1,18,1,18795,1313,0.32466249393884933,0.011075722014704211,403.844801949832,11.140980281752658,0.005310266197571926,0.016554178237501348,0.022587768956675896,0.031369236019058604,0.069011460050351442,False,False,False
30min:T18:W14,18,14,2055,590,0.11901471395679422,0.080304058947404069,4.4852902819751579,0.24583138881090238,0.046189215690520508,0.1108611270336909,0.18710354711942734,0.31974953177643561,0.8695293438917916,False,False,False
30min:T18:W2,18,2,5668,80,1.8594300790124567,0.0017697132313731852,148.52923792001971,16.501643021949604,0.00071365456554844595,0.0037305076129782685,0.006964392583316042,0.010833648199553049,31.211116441334358,False,True,True
30min:T18:W3,18,3,29042,6689,0.080431762422543698,0.060561781815442202,9.0029252585444564,0.27448298541137095,0.03692706358135707,0.076338737953970892,0.1023250330702859,0.13623389129745436,0.43909128245928142,False,False,False
30min:T18:W5,18,5,2878,716,0.088425209402000438,0.080888585137304889,1.921370597059713,0.11014888076323645,0.044842394313033676,0.1052768680951917,0.13643025107467446,0.16277549344246986,0.38651895774818823,False,False,False
30min:T19:W1,19,1,19667,1819,1.463503583270777,0.012654828513075393,2619.6397130278719,61.405214090397742,0.0065243810222702621,0.021188497710253065,0.027738114999659769,0.033438303438057676,0.052072456063768278,False,False,False
30min:T19:W14,19,14,2702,754,33.166840235082233,0.087924194679209894,24929.908468305526,907.28770799587107,0.05871371240092875,0.10848008159649557,0.16618251602726616,0.25889622759120839,0.60734276765403639,False,False,False
30min:T19:W2,19,2,5596,1425,0.09926536057969397,0.086877440901728623,6.0059773556408302,0.21119437226675819,0.053876500598423693,0.10878307593505848,0.14168180617322618,0.18945482923568416,0.37191031610436098,False,False,False
30min:T19:W3,19,3,32264,1833,0.38806742740684969,0.0097624825090469273,685.8488361689092,16.014988049878152,0.004360223015140093,0.013130654739517343,0.017519207504621874,0.021654729932092429,0.047251026435694649,False,False,False
30min:T19:W5,19,5,2854,737,0.11376185890516742,0.080334457742657128,7.2448616193119699,0.38630785555589936,0.046741109741584852,0.10860039647453341,0.14387359162360006,0.19105839070981792,0.50307542509587466,False,False,False
30min:T20:W1,20,1,19246,4876,0.099535412189974568,0.082463142518298213,12.718677968643728,0.24566702460742998,0.052668276511024452,0.10529951162863033,0.14148531935783679,0.18869534048770792,0.54849802880398357,False,False,False
30min:T20:W2,20,2,5674,1455,0.13397112990495366,0.087889512057316585,40.827387551000285,1.0807642756383837,0.051071225706653248,0.11427141949373643,0.15437175055089286,0.22568431322108562,0.63574733230186287,False,False,False
30min:T20:W3,20,3,31761,1842,0.28800629097004093,0.01016521633820941,466.3362718164899,10.900137185268628,0.0037913998270678417,0.013528056033007366,0.018166669820190436,0.024988674982967956,0.044236195345468257,False,False,False
30min:T20:W5,20,5,2653,698,0.086707439379035842,0.077347282841094905,1.5413407072885965,0.09621139539543036,0.049976300966008969,0.09888813055377467,0.13306310610311903,0.16032172700457117,0.44276824720952779,False,False,False
30min:T20:W7,20,7,2235,620,0.085910192436336949,0.079890681495646182,0.96049716300737842,0.073360442474268373,0.055018668775570649,0.095651056620953162,0.12672423027372676,0.1661354153564413,0.35166483779506014,False,False,False
30min:T21:W1,21,1,19668,4906,0.097473497061042969,0.08475577676786171,6.8377941626905212,0.16733474066773796,0.054910451112664287,0.10704187915804228,0.13665222853168674,0.181661653740676,0.50775222584649149,False,False,False
30min:T21:W2,21,2,6018,1488,0.12572029877320187,0.090150085041660388,28.040959787069937,0.73894524087061353,0.055628870368375632,0.11641022669065131,0.15744037423480528,0.21429483441246602,0.72879118562449707,False,False,False
30min:T21:W3,21,3,34223,233,17.914927944654334,0.0018773169370922256,3029.6190494954353,204.86657582857924,0.00066774316946927351,0.0038915466165223458,0.0073430434204901588,0.011017382280345283,319.1202528936189,False,False,True
30min:T21:W5,21,5,2663,687,0.087798066190092935,0.081218971979403948,0.76914428832433912,0.073386422775584548,0.055664032632503885,0.10308557439959273,0.13063410273201792,0.1630982085371864,0.49888439389971545,False,False,False
30min:T21:W7,21,7,2653,728,0.11099435263502863,0.084430681060262372,4.2908857706041603,0.2517626300259978,0.055040577463325649,0.10593764316140919,0.15563759788953482,0.21068707891250887,0.57727439494256649,False,False,False
30min:T22:W1,22,1,17026,4254,0.10266930447020638,0.086112435624408984,11.235053795803404,0.28850062213564281,0.051743291862111046,0.11121152270088536,0.1438314547457718,0.18098875939481476,0.46536609439287935,False,False,False
30min:T22:W14,22,14,3200,852,0.13007749959048259,0.096787131476813171,4.279376644749294,0.25647949515305601,0.053939271600907959,0.12628768028233792,0.19006294231696061,0.29213484788961974,1.1774360225693805,False,False,False
30min:T22:W2,22,2,2325,623,0.10309508980318456,0.078675876416437682,7.2261552907677302,0.33140036882114365,0.056119634223644348,0.096492558209399545,0.1199528924803949,0.15047909720951017,0.40705598023135281,False,False,False
30min:T22:W21,22,21,1839,0,,,,,,,,,,True,True,True
30min:T22:W3,22,3,37169,4208,0.28200107253650841,0.01924184206709911,1018.7838779496917,15.723431895124577,0.011949485812940796,0.028323416548104795,0.036122719494350544,0.043584609044653826,0.066782253293110563,False,False,False
30min:T22:W5,22,5,2553,657,0.12423292401728388,0.087905316593155272,5.8680968787271928,0.35838441351008177,0.055113844134858814,0.11253030537939859,0.14113129088276197,0.18667073082221311,1.3378398920931009,False,False,False
30min:T23:W1,23,1,18502,4495,0.12138041353162114,0.08786016372433815,76.256635814692288,1.2043448121465508,0.05154613480483302,0.11471217497309966,0.1492264022442791,0.18880655491281204,0.42301261302543908,False,False,False
30min:T23:W14,23,14,3828,975,0.26554124392721112,0.095518468486314304,125.9905604407376,4.0429582698330231,0.055901599833023737,0.12684859440118706,0.18995447715116276,0.32029861261443465,1.0708137270964533,False,False,False
30min:T23:W2,23,2,2563,636,0.082818950771081465,0.084211354321983942,0.82592694931339949,0.054487734439214709,0.055920833576308338,0.10182616801098314,0.12146354608951873,0.14340715202209775,0.21429892469958134,False,False,False
30min:T23:W21,23,21,2319,600,0.089494430929595026,0.078649538262882915,1.192365905531557,0.095690049261824714,0.052237496327780505,0.096776081865503474,0.13475652621548909,0.18507807136047935,0.47299547163276601,False,False,False
30min:T23:W3,23,3,41704,2460,3.7553840351110379,0.0113793040085594,8160.4506096362065,165.1960850594015,0.0047837836078445974,0.014978629497545106,0.019740469079798505,0.025572252848263911,0.049328626317825031,False,False,False
30min:T23:W5,23,5,2841,701,0.092490682479656638,0.087981712184900931,1.1132567581597259,0.081083193150336311,0.048464193947773883,0.1166246642459105,0.14997248625398468,0.18581263248435329,0.41577862425062834,False,False,False
30min:T24:W1,24,1,18996,4631,0.095630893113987342,0.084376726263095336,10.969772271434062,0.21769119589955993,0.052327741717494006,0.10624023842693694,0.13517115995386447,0.16900038719167756,0.43941277853811539,False,False,False
30min:T24:W15,24,15,6460,1632,0.13525804830380611,0.092258458257806236,17.078789085000952,0.47730029064849089,0.052173030702111288,0.12036467876767187,0.18326368517668798,0.29758794961415169,1.1337959057172904,False,False,False
30min:T24:W3,24,3,45601,10266,0.23790119428938908,0.06858220783061722,835.58344131308172,8.4177499596339533,0.041025355012388201,0.083509796304951617,0.10706137248558187,0.13769190421705776,0.47215517015102559,False,False,False
30min:T24:W5,24,5,2732,660,0.10420509668938939,0.086223407602264948,11.18077037644705,0.43545287954245238,0.053604670333549535,0.1072348171556558,0.13297019828931764,0.16500082021334858,0.28986030784532302,False,False,False
30min:T25:W1,25,1,18854,1744,0.015006522312623193,0.013421602944010009,0.48655494092032303,0.018106996290321527,0.0064797014013110808,0.02015691799970119,0.026399786773831493,0.032195345708865758,0.049581758729000981,False,False,False
30min:T25:W15,25,15,6673,129,3.6033781965843392,0.001392484684604667,464.59673490229261,40.746441117668383,0.00045703175288823656,0.0024441843269427583,0.0045689158396955629,0.0058572038498209732,0.0091766207514685037,False,False,True
30min:T25:W3,25,3,47234,10215,0.19174273216552759,0.064176712243964526,1237.259411934024,12.242435641110365,0.037771017743073704,0.079060889605224199,0.10000699477773203,0.124741225633253,0.29323640333014139,False,False,False
30min:T25:W5,25,5,2861,718,0.091770704420648427,0.081568744854540548,1.930617174486251,0.1146216801610479,0.051960419303321334,0.1046078836400734,0.13741974498168208,0.16943636747432059,0.43661400276500961,False,False,False
30min:T26:W1,26,1,15299,3720,0.1233997144038366,0.084550029796835555,8.8184278585347524,0.41287375535652093,0.053197427159826359,0.1040498732859131,0.13404725581409824,0.18748898425951424,1.4133553390865157,False,False,False
30min:T26:W15,26,15,4031,1013,0.11363569580285096,0.093690642689047199,4.1239104539224085,0.17296479778634749,0.053455248815610923,0.12118519795267076,0.17666281650990009,0.27253340432400874,0.64264386870984302,False,False,False
30min:T26:W2,26,2,9036,2225,0.092373502319562248,0.080464983757957936,4.8492473181673343,0.15995027847583451,0.047714239347753734,0.10093725774588974,0.12896590589007845,0.16315292493582315,0.60230559841830511,False,False,False
30min:T26:W3,26,3,45868,11369,0.24318021510515869,0.084536692722043852,106.54206447406418,1.9529423239184784,0.050498416882527153,0.10622623389805731,0.14285376795436744,0.19921661303566501,3.9489880391445387,False,False,False
30min:T26:W5,26,5,2970,733,0.08444821904012545,0.08284141104521292,1.3548782962878563,0.078990091792288969,0.051243261580847375,0.10263154513720602,0.12702694454684577,0.14951674958430214,0.26866965707520879,False,False,False
30min:T27:W1,27,1,16000,1069,0.012944003036181491,0.01182558619736921,1.5618331322314367,0.047916785377633837,0.0064039907694767055,0.014802474928213809,0.018844177724297848,0.022193501853584648,0.03656329415301722,False,False,False
30min:T27:W15,27,15,4119,988,0.15852194666818639,0.090020215116939944,12.866151061679279,0.65830749672462174,0.053566315173703832,0.11327017547342401,0.16145057234234983,0.28896179953941414,1.5547723184738849,False,False,False
30min:T27:W2,27,2,9439,2283,0.084584718946829493,0.080567197447102543,2.3081408054635357,0.09204866953942592,0.052110609913967793,0.09789962891184828,0.12493257280633482,0.15462163086943165,0.33004712302646738,False,False,False
30min:T27:W3,27,3,46289,7274,0.036408865026592255,0.035797690249763627,3.291507133282733,0.051083310641752692,0.021272986933723648,0.045664714192574708,0.055657987031876403,0.064773945883314477,0.10723166041288226,False,False,False
30min:T27:W5,27,5,2899,722,0.087158071004196147,0.083854335020763823,1.1279037184507883,0.074762323485252233,0.054428537076393876,0.1032803738594347,0.13101272464504524,0.15767863888274061,0.30291977555589583,False,False,False
30min:T28:W1,28,1,23178,5741,0.082260627608321146,0.078117732441238916,6.189459709214935,0.11848922952521923,0.050458554238290598,0.095154449123227874,0.12124784520769019,0.14797122323251122,0.31233720220604883,False,False,False
30min:T28:W15,28,15,4254,1022,0.11443746932769383,0.087571766536641366,4.3126492491901782,0.23262340998197314,0.054794560854925609,0.11055522570680171,0.16603551451361348,0.23587544982841785,0.81498125542332334,False,False,False
30min:T28:W2,28,2,5945,1,0.00014541089992082664,0.00014541089992082664,0.00014541089992082664,0,0.00014541089992082664,0.00014541089992082664,0.00014541089992082664,0.00014541089992082664,0.00014541089992082664,True,True,True
30min:T28:W3,28,3,40010,5641,0.40318559749172322,0.025020273985902744,1868.4982971267505,25.099839339322827,0.016412671643928609,0.033689339996061461,0.041192872688885288,0.048962446733670499,0.076421118363017126,False,False,False
30min:T28:W5,28,5,5714,1463,0.095757353760157163,0.08042877568466042,12.10398117099572,0.32624077455523032,0.050985840226746328,0.09823603498013031,0.13262939438719118,0.17319929826348998,0.47305947818419691,False,False,False
30min:T29:W1,29,1,25508,5387,0.13971345710934693,0.056742707926475199,441.48040508482626,6.0140889651805294,0.0374995767637651,0.067291507969653552,0.084068628088080147,0.099908331101948689,0.17673112465445454,False,False,False
30min:T29:W15,29,15,4218,1035,0.1945378158530138,0.090136694173720097,12.583544114221624,0.76928948716896384,0.052249064138553944,0.11627641119331,0.20044527893540767,0.35500549561097439,3.3485529856627951,False,False,False
30min:T29:W2,29,2,6248,1527,0.12131151446472295,0.073079839478180156,22.698920058626555,0.76104653000425249,0.051038262087499321,0.087364464353662602,0.11029749806161776,0.1408607497650641,0.59623951173250078,False,False,False
30min:T29:W3,29,3,42761,9696,0.11048795513070395,0.068636539761387477,352.18201686496184,3.5783328529567631,0.043709890240369934,0.083091373070919294,0.10491245376836865,0.13064021397009193,0.31164162603713957,False,False,False
30min:T29:W5,29,5,6168,1509,0.12331847517780353,0.080487067113670707,55.542803913929916,1.4309923968396399,0.05303540782195313,0.097813654128761807,0.12372314329636645,0.15134920312731653,0.42618183096213941,False,False,False
30min:T30:W1,30,1,25499,2914,0.016091668027548228,0.015174716892765186,0.73062737168411984,0.019517228281110004,0.0073353259039799622,0.021892740258447209,0.026926170239778204,0.03097157522819181,0.046732247781304206,False,False,False
30min:T30:W16,30,16,822,192,0.148980406346892,0.047925114987317649,4.5820675397290493,0.47801193388373797,0.021376467597968102,0.10034640290311761,0.22483890318944247,0.35572397770987713,2.5879046663641838,False,False,True
30min:T30:W2,30,2,10111,2443,0.083884016272100098,0.07839035809167938,1.3847520508563553,0.076228331971733301,0.052695473829737355,0.094609008935955363,0.12244414756541722,0.16380919609314626,0.3957279910455192,False,False,False
30min:T30:W3,30,3,41095,2958,0.99940368066699625,0.011724104604896387,2358.419028607304,44.576788367189984,0.0055371572382198649,0.01470195489754748,0.018518316610267808,0.021266847973048491,0.035516052503853993,False,False,False
30min:T30:W5,30,5,6606,1619,0.13570132469603177,0.076799455384215135,83.76675161536744,2.0811112310068367,0.051920122847601016,0.091910094123059227,0.12287037941656577,0.17065053574115893,0.46637938936438128,False,False,False
30min:T30:W7,30,7,3380,855,0.077230399662877952,0.074213185115626384,1.2321482473465686,0.069298658263591467,0.051729263312795384,0.087301777652181556,0.10984856755485602,0.13844958828217446,0.34214773069422089,False,False,False
30min:T31:W1,31,1,25085,5652,0.097308078374796311,0.083445114292142769,10.43681548009595,0.22683117871415542,0.055158523880181366,0.10186175598351582,0.13385673039369325,0.16875506405021823,0.5401744651784478,False,False,False
30min:T31:W16,31,16,788,192,0.89818653003239179,0.057756813479173774,112.94272270477083,8.5416040230845756,0.025548064520826287,0.10878123684095158,0.2469853321340294,0.42998619733800525,6.5817975396969643,False,False,True
30min:T31:W2,31,2,10099,2377,0.086613760086790614,0.081301292623418828,3.4244649423461868,0.10194433148556874,0.05197251993923678,0.099179988519617887,0.1254887533383667,0.16172841070694746,0.41007411799370364,False,False,False
30min:T31:W3,31,3,40654,9461,0.091491601441519313,0.082529018682478625,6.0291430607207719,0.14263909136067732,0.051063428980845517,0.10122841829025263,0.13199410684361351,0.17354153473807138,0.42627802866063058,False,False,False
30min:T31:W5,31,5,6520,1543,0.11176208252709863,0.080689205221588178,23.893640032002953,0.62782375425476311,0.053698126183950826,0.098205164281360918,0.12718464776019175,0.16386503581415671,0.66210601973594407,False,False,False
30min:T31:W7,31,7,3433,834,0.088757129463265028,0.073780651909645029,2.8498657445625115,0.15884678962957194,0.051179837669494292,0.086938815042804901,0.11681945338113084,0.16674913705216002,0.40184355761430063,False,False,False
30min:T32:W1,32,1,32934,7568,0.1000044971395004,0.077794081473991097,113.62790732002753,1.3332666075557222,0.054464663716417755,0.092209414319492727,0.11619067298997399,0.1389670542270976,0.31947340344048653,False,False,False
30min:T32:W12,32,12,3275,835,0.098218082516169064,0.077376429312202274,6.0902804043557586,0.23264238966997605,0.052043790632574381,0.093895264448325966,0.13966876254760024,0.20521121690631283,0.54774652395587231,False,False,False
30min:T32:W14,32,14,3438,276,0.017333881866079516,0.017887165467915144,0.24088967085277399,0.017941583205357457,0.0080278274199162003,0.02235795813259648,0.026162277238398972,0.029221127585410973,0.058431909258772959,False,False,True
30min:T32:W16,32,16,831,192,0.11402666548146857,0.058040851330196715,3.4074879734877843,0.30167827644117468,0.024039554401059891,0.11327846549229348,0.17708760193454909,0.26221826514375518,0.79248173379605358,False,False,True
30min:T32:W3,32,3,42071,8355,0.1808727687509627,0.055476052985657123,935.81561411340647,10.278161543272281,0.035615479587206358,0.065682585005283983,0.080545269367570338,0.09413141697408485,0.16228485094300948,False,False,False
30min:T33:W1,33,1,32889,7441,0.11032934560668484,0.079343180950569719,82.098743233398622,1.151841963024794,0.055312370809441951,0.093864902242956127,0.11830326993204875,0.14740580027026259,0.44400216340578502,False,False,False
30min:T33:W12,33,12,3333,829,0.084084229222321213,0.078094057493759847,1.6335694758625412,0.089231440263191089,0.04852559444394957,0.095857002739161007,0.12681835359007651,0.1710927373209214,0.42230146515076017,False,False,False
30min:T33:W14,33,14,3781,965,0.13745261294336758,0.08462085212729753,18.039532368310272,0.73322343956327718,0.048153474111611388,0.10807961824534819,0.15573877411041173,0.2132040109615165,0.80130050594247071,False,False,False
30min:T33:W16,33,16,762,185,0.28188474495763638,0.058517592399442001,31.910864325041398,2.35244385690488,0.0300158621954963,0.10159648973099267,0.1788881045325191,0.27824549140750499,1.9973245813395488,False,False,True
30min:T33:W3,33,3,42519,2720,0.28123473386390546,0.0097164843960906109,736.38120626108059,14.116676981389855,0.0066689342295200753,0.01222202416668183,0.015530459010387822,0.018321035194437788,0.035031558235375876,False,False,False
30min:T34:W1,34,1,27241,2331,0.038841478021610629,0.013995576186267466,58.64694443134686,1.2142848603754994,0.0058445394561623711,0.018569132566276136,0.022737194711331524,0.025322851970519443,0.039324002996237055,False,False,False
30min:T34:W12,34,12,3713,989,0.11160127133511216,0.081881106628407474,7.3218942276917209,0.29882384489598851,0.044057712275184034,0.10087617945148057,0.14725211901412333,0.21486726562974859,1.116975475933111,False,False,False
30min:T34:W15,34,15,4039,166,1.887589250470622,0.0081082855650339812,312.0121908402358,24.143167765468213,0.0063007868579097398,0.010092963373391394,0.012108892251173262,0.014667520609036117,0.01853743991085547,False,False,True
30min:T34:W2,34,2,3711,880,0.10953980355504686,0.083349754704752865,11.939967835734368,0.44349135634374492,0.053419546075245176,0.10472362066790364,0.13804654807243874,0.17240315616202465,0.43598919279894777,False,False,False
30min:T34:W3,34,3,48372,7785,0.27339676319218253,0.043399486309381848,1733.2007128635614,19.651113791087102,0.025929847740689783,0.05394210494146387,0.064845563336479714,0.075255862623931094,0.11489989251948543,False,False,False
30min:T35:W1,35,1,28525,2677,0.41543448127494909,0.017300736191067374,1062.9887656852327,20.540736555838158,0.009691423525198346,0.025079632378208424,0.029864573209677701,0.033540315725867187,0.051909927431258829,False,False,False
30min:T35:W12,35,12,3613,959,0.096957868984587567,0.080656535051986666,6.4667699939253556,0.2393442782507377,0.044409253539365562,0.1029718426051791,0.1377628148823736,0.18334157057190778,0.4924818941657777,False,False,False
30min:T35:W15,35,15,4349,1096,0.17806152240220344,0.091723334656960989,7.350600025394753,0.53279448817953612,0.050030937579902894,0.12232190971335073,0.21046784186759185,0.41728195053264799,3.0769332992937821,False,False,False
30min:T35:W2,35,2,3882,899,0.33571636183618919,0.086491663599411892,214.38970167886092,7.1440260062019103,0.054142927772516058,0.10797025660262252,0.14180240074329586,0.17016790064849707,0.67019564644875285,False,False,False
30min:T35:W3,35,3,50340,2449,0.24043736168300331,0.0097091153264230508,563.27932586742781,11.37977128840001,0.0066479042431329283,0.011944407440913317,0.014994299220097483,0.017357885221762813,0.029310627570370285,False,False,False
30min:T36:W1,36,1,20081,2839,0.57774575696290631,0.045161924993571974,1520.1842928907051,28.524967734836846,0.024832517329984004,0.056051004591359505,0.06373648860230452,0.072264434505549327,0.1011840310098429,False,False,False
30min:T36:W12,36,12,3913,1018,0.10404634243584084,0.079623507194568927,13.989507785915098,0.4490199022526708,0.045503319124082509,0.10226923892340524,0.1436016101000484,0.20682123550234768,0.50396970443510214,False,False,False
30min:T36:W15,36,15,3697,940,0.097512283371416625,0.083762767418220002,4.652672588539561,0.18617439599745181,0.048849625541372482,0.10475056049744136,0.14031415741082981,0.18883087688727523,0.45749771928834487,False,False,False
30min:T36:W16,36,16,868,0,,,,,,,,,,True,True,True
30min:T36:W2,36,2,6058,1411,0.15058143476560995,0.091740653818595364,6.8563631443906328,0.45210406113323887,0.060770184282675721,0.109959411230765,0.14851692347034431,0.25244250936378887,2.3289045045648673,False,False,False
30min:T36:W3,36,3,58619,11440,0.068374200880052804,0.064891796849652586,15.254179198695848,0.18308246072350268,0.035536254167088596,0.080648903150981138,0.097074131611098291,0.11626627397211699,0.25652297130054108,False,False,False
30min:T37:W1,37,1,18544,3747,0.076765642137640866,0.075266071387025207,2.6971095675729391,0.10171051353778693,0.046504320807164108,0.088858366061387611,0.10443686411130119,0.12332034756834098,0.26093080682229169,False,False,False
30min:T37:W12,37,12,4000,1127,0.1767070556949554,0.085359703466757614,38.898920322081963,1.3738335570927978,0.048810511292679701,0.1131693888137059,0.16588833859718852,0.26380643679246019,1.6333331288435793,False,False,False
30min:T37:W15,37,15,3733,1019,0.13183614930526596,0.086519680306768362,14.546364341453534,0.57211616313069469,0.049329409935650367,0.11566755312480462,0.16786288659260587,0.25129901873399774,0.59089367722676867,False,False,False
30min:T37:W2,37,2,6088,1435,0.10485585613632739,0.095750686964863677,4.6698949024735859,0.15877943126977703,0.064758487498477735,0.11396992411417173,0.14987285229992192,0.19663056443815988,0.50098671098552028,False,False,False
30min:T37:W3,37,3,56806,12307,0.092452367004208724,0.077440259993889107,73.197311704152639,0.83544850051415354,0.042974559302512032,0.093946751028766151,0.1142723568254355,0.14246040581381109,0.29977039168431446,False,False,False
30min:T38:W1,38,1,15444,3582,0.1052317186126301,0.090422890023570734,2.9346026103579126,0.14242380134491156,0.066132630075716167,0.10475893331960126,0.13396640891383615,0.19252318829271534,0.86132304733300713,False,False,False
30min:T38:W12,38,12,3429,948,0.10013983929101898,0.084833500579581708,3.2681641934298655,0.16212254687592584,0.047934218871653604,0.10674156980927293,0.14868476642823603,0.20996047145105518,0.59552139347871147,False,False,False
30min:T38:W13,38,13,3880,1115,0.12566246249465102,0.088214442667180828,6.8838166256117432,0.32704118476042299,0.049420660000640215,0.11869866646858251,0.18052236883007614,0.24324017829918201,1.1006022694940214,False,False,False
30min:T38:W2,38,2,6772,1624,0.10013409727426802,0.087200996706314537,3.4470191623912676,0.1619084854275061,0.059464051203670001,0.10307486913737693,0.13671755961491378,0.18096137036909152,0.46031654718428983,False,False,False
30min:T38:W3,38,3,47426,5509,1.7984200032163538,0.024417511994046424,9770.1292186329265,131.62045743509287,0.015161044371375184,0.033757940037912,0.039320512677634402,0.04400339096112247,0.064895722835543443,False,False,False
30min:T38:W8,38,8,5280,1404,0.1266068262702969,0.074446431229540727,13.055513907223505,0.41518797900452487,0.03695640894266139,0.12363236120550089,0.18415502532390224,0.28663530071980081,1.2554456360819621,False,False,False
30min:T39:W1,39,1,15297,3569,0.10019821952359727,0.08694804412894809,15.36845392941993,0.2974454350147237,0.067148265486860592,0.10117967890641701,0.12962359945266758,0.17612656274932731,0.40984077493042642,False,False,False
30min:T39:W12,39,12,3013,814,0.1051657164024514,0.081433914446296926,4.814056832733395,0.25083008564267295,0.051334365046277627,0.10025832088065455,0.14975001068268556,0.2068712341577249,0.60705547218197731,False,False,False
30min:T39:W13,39,13,3406,930,0.11210704570936116,0.084704904379575369,6.4661994849002493,0.27571442310053301,0.049600827197871504,0.10887958775815372,0.17411537522647652,0.24615118210669115,0.62802336536151937,False,False,False
30min:T39:W2,39,2,6655,1641,0.10535241288069652,0.084472120624573627,7.2836913616264294,0.30140835425773044,0.056334788363443938,0.099921799567935343,0.13603837593618803,0.18469417586978834,0.43680841403106591,False,False,False
30min:T39:W3,39,3,46050,11190,0.10479543837034108,0.087928768349389688,64.780661297969985,0.63819874311606029,0.057211518944088463,0.10489347768272925,0.14156445388198596,0.19062267124789742,0.51253740255503821,False,False,False
30min:T39:W8,39,8,4855,1320,0.12030659428359579,0.077308761675389095,23.924300383966351,0.68359395388744493,0.037951110891645601,0.11160488360858914,0.16049425469048553,0.23117046101026856,0.67454175750688294,False,False,False
30min:T40:W1,40,1,19906,1622,0.37319066134649137,0.014823166896093405,583.28953265824941,14.47821422287287,0.0065166308948952549,0.018246748501426543,0.021730139664925142,0.023241352277377416,0.034944161137830519,False,False,False
30min:T40:W12,40,12,6243,1680,0.15643870334639848,0.08222902019058112,57.128195030597354,1.4826798429541632,0.053230865535947157,0.10482915384729177,0.15476363998510287,0.24433269971590701,0.74843832794004428,False,False,False
30min:T40:W2,40,2,5702,640,0.015249733477707205,0.016562389565207003,0.078271640343156812,0.0090560631758208297,0.0079764800965362766,0.021005461234337677,0.025273892663176655,0.028381214269087907,0.041573681995911153,False,False,False
30min:T40:W3,40,3,42803,11130,0.093417717658104693,0.078693024408518886,30.879399939365921,0.36408968763332478,0.051985336116764855,0.094019732545110576,0.12770263717683569,0.1760631186297561,0.44679650374583246,False,False,False
30min:T40:W9,40,9,4374,1186,0.11195683630731335,0.08292970817881426,8.0064070596453458,0.31997183060818396,0.044237660429579231,0.10729579006689915,0.1503955995230202,0.23487873595253433,0.73373804265458031,False,False,False
30min:T41:W1,41,1,19499,1019,0.0081550932771883647,0.0079584384015325277,0.10311614402849734,0.0048574413281078392,0.0058916590565851346,0.010062339945559615,0.012624194382347329,0.014066444857961762,0.020777264238231636,False,False,False
30min:T41:W12,41,12,6081,1680,0.16092707308968998,0.078948419524413338,53.163885988481063,1.4667386444007382,0.052885462172410226,0.099988743490239368,0.15433858235519959,0.2302589491001556,0.70222528994386069,False,False,False
30min:T41:W2,41,2,5546,1496,0.089718415263222329,0.072425116265277811,3.8769896209524917,0.15143299071338234,0.053748682911432408,0.086907648670637133,0.12446925213587046,0.17639531624172938,0.52744143492013262,False,False,False
30min:T41:W3,41,3,42825,11269,0.095692931352884661,0.078961453029416373,15.56175089231855,0.22581628313356936,0.052082195301797397,0.094265529460420688,0.13135707727775625,0.18944313820099162,0.64715235627378775,False,False,False
30min:T41:W9,41,9,3680,995,0.11901685338739751,0.080938933452339767,19.085142383962108,0.62429760843908899,0.046917376541704567,0.10087676692146103,0.13893547160236097,0.19807849576776299,0.92971959652556957,False,False,False
30min:T42:W1,42,1,14551,3761,0.29592024449626314,0.083378158804493605,646.16032946754353,10.657090628507115,0.053933350836380567,0.10106022509649963,0.14176791527833404,0.20546194090297137,0.50930845622524268,False,False,False
30min:T42:W12,42,12,2778,768,0.11120785390395406,0.081146022819929609,4.8756443831320304,0.25006966845110917,0.057587110483163492,0.098118707686920853,0.15420179612133997,0.21686983983434566,1.1099132548755224,False,False,False
30min:T42:W2,42,2,6648,1815,0.11203842034148474,0.082137466849919308,15.482381085468743,0.4048834830418741,0.050455764692763881,0.10315367830201919,0.15590035038036482,0.23646515569126525,0.7335992686679097,False,False,False
30min:T42:W3,42,3,51537,2502,0.24824983055348149,0.0089464640275709814,597.82543563088029,11.949157208746104,0.0067000048448393546,0.011239863131983023,0.014072397697986317,0.015676696185900937,0.025883707856319091,False,False,False
30min:T42:W9,42,9,3428,923,0.1041303153008076,0.082053736581956721,1.7696966934501912,0.13212146680968537,0.05258544956136639,0.10429072278757429,0.16639955891374494,0.2647303666434016,0.66438804421107633,False,False,False
30min:T43:W1,43,1,14244,3780,0.43972162867760933,0.086110076611012179,665.95587712567294,14.026052067756774,0.056163317949781154,0.10529595369139666,0.15888061725058,0.26370636777956064,1.0807599945139812,False,False,False
30min:T43:W12,43,12,2662,721,0.08691591423788822,0.076691339488610913,0.68429554235009238,0.072470110266833726,0.054522957852840559,0.093958456927326406,0.13897331286830328,0.19707673565604192,0.49480081754580807,False,False,False
30min:T43:W2,43,2,6364,1768,0.10014171129031976,0.083522735780307444,4.0777370528530881,0.1668720611348003,0.050699083642306624,0.10410949412850376,0.14850708649875674,0.20583541012831061,0.57784091924872483,False,False,False
30min:T43:W3,43,3,50416,5542,0.45594541504813141,0.016891407314094956,2429.1108728531185,32.626596714311141,0.0086912965435282357,0.024847542968342483,0.029558866485829786,0.033143317680645143,0.049983996802185487,False,False,False
30min:T43:W9,43,9,3707,1040,0.095705836606357828,0.080812996712186558,2.0987528240061635,0.1206199772109281,0.046905834026368297,0.1044928451978436,0.14600773072239301,0.22486706392151481,0.53951963020444715,False,False,False
30min:T44:W1,44,1,14989,1039,10.386355012416034,0.013405507885289896,10778.256559356005,334.21900107440769,0.0061040175284552238,0.016033427538713011,0.019249911564972667,0.021004936684754352,0.031326124539653354,False,False,False
30min:T44:W12,44,12,3418,920,0.15183967739885795,0.0839704704194464,4.8383364674945906,0.3766565325262608,0.05328301329078855,0.11624069739167224,0.20104636125617809,0.34507884366738056,2.1307016215027526,False,False,False
30min:T44:W3,44,3,53492,14578,0.12920436970583241,0.078754294943861491,147.48863340823544,1.6438885090204709,0.051332701423852149,0.098272775223038372,0.14493789330146675,0.21223147885516569,0.68628345088788878,False,False,False
30min:T44:W9,44,9,4246,1167,0.10249494089070024,0.080789849728028523,8.584181868133987,0.26803366606780893,0.050155232306933847,0.10582699707600052,0.15400845769514721,0.21755356062989947,0.53456709391623269,False,False,False
30min:T45:W1,45,1,12184,3435,0.288905184927015,0.071515604442381836,620.14131070617043,10.590617529287552,0.052472453439909458,0.086518897569293457,0.13393274828314591,0.20787253531653685,0.794164476193012,False,False,False
30min:T45:W12,45,12,2817,125,0.006759500770987123,0.0064358558311373212,0.017961569275300123,0.003379555600525057,0.0049210149002136818,0.0083352351736594582,0.011413180966254705,0.012553458334661392,0.016780631988176926,False,False,True
30min:T45:W3,45,3,47900,13544,0.12632360312691837,0.076328604919738197,70.981233683485854,0.79862528227187146,0.051735517960715613,0.096317983935804763,0.15195393833130494,0.24693363449638517,1.2575804215298008,False,False,False
30min:T45:W9,45,9,4056,1160,0.12181155807520845,0.077829897045029933,14.71849514329241,0.512677415104134,0.047749441802900139,0.10742325743526043,0.16036808389009377,0.24698092565277624,0.72765621440502515,False,False,False
30min:T46:W1,46,1,17253,4912,0.13293825776445323,0.072085542678305442,105.3730503737946,1.6897206501208268,0.0497719314211598,0.089452293846560005,0.14260483582650238,0.20560261440030062,0.71602245411773002,False,False,False
30min:T46:W12,46,12,2399,722,0.12705006538370098,0.06563513606898759,19.558930755518759,0.78703557663933588,0.054345250790705082,0.08409919131593073,0.14295535053929628,0.21058272512330936,0.73416284612870952,False,False,False
30min:T46:W2,46,2,5355,1555,0.10482201477946815,0.061853849201394043,11.954467173303566,0.46397445185498504,0.051900071934010236,0.07405121407785889,0.12531561495591748,0.189336120421673,0.63230494792594427,False,False,False
30min:T46:W3,46,3,30463,8794,0.10663297433931818,0.073730992118711064,10.464907769651393,0.30469661123643998,0.050318311971138618,0.092775424854944527,0.14666792382870836,0.2318019739417039,0.73694291282468527,False,False,False
30min:T46:W9,46,9,3741,1077,0.13450853482356886,0.076840831472345814,26.508317582327397,0.85030881627870736,0.047335783886259176,0.10292389090638686,0.15173482390954354,0.220308941169131,0.9155447670403124,False,False,False
30min:T47:W1,47,1,15997,4695,0.13098115406749153,0.072507049589675368,77.274561924032724,1.2313315893402625,0.051941236593959522,0.089232541439460716,0.14671816437322169,0.22803444685422575,0.83604349492422825,False,False,False
30min:T47:W12,47,12,2223,690,0.093939016908667364,0.063257220698754488,1.3818928174384377,0.12623614867746058,0.055257173881190773,0.081275250673376709,0.151233603321098,0.25420165064956279,0.72256332887446884,False,False,False
30min:T47:W2,47,2,3992,1285,0.22799178371478687,0.05500243132447271,137.52152835401108,3.9207474479570359,0.047801993367531471,0.065675721336481585,0.11066153865652209,0.17137153040817235,0.94621381932451865,False,False,False
30min:T47:W3,47,3,26145,7612,0.097684313202441489,0.073027686718627624,9.2411556877209549,0.21258055868662501,0.051089886878720715,0.09062737265295473,0.1419773261182288,0.21902224112843183,0.6263767880595249,False,False,False
30min:T47:W9,47,9,4559,1239,0.14339499319895507,0.089547493783696336,13.003621552110378,0.47324985398845187,0.050293382651351665,0.12795073543120591,0.21941930827696671,0.34808820888647485,0.86911511968749722,False,False,False
