variant,WeatherCode,count,mean,std_population,min,p01,p05,p10,p25,median,p75,p90,p95,p99,p995,p999,max,skewness
30min,1,135009,0.32879803769415755,34.914025151024099,2.0433146292906289e-07,0.0010034486665393893,0.0050158519980928219,0.010121830662523441,0.027522748155373242,0.067115208344874902,0.092370823068853136,0.12588165680539123,0.169764226291826,0.53383136150258692,0.90677720775480042,4.6152265061530189,10778.256559356005,254.52441994943689
30min,2,40689,0.133488476377214,2.2946673806803566,4.5198434602676828e-06,0.0018499773298116056,0.011134016557975098,0.022388956869738477,0.049429978303186295,0.076804268332763825,0.10056989676493995,0.13742125932335036,0.18695240875771249,0.58831500179877549,1.1094095510777588,6.0092648513209053,283.37925696667639,87.19166567365734
30min,3,276424,0.41464692809838816,75.716001177587287,2.8596815000258423e-06,0.00098637453087530502,0.0053484716026836205,0.01026828564368782,0.027126652456949174,0.061363395604216713,0.086945453532941919,0.11976794345622402,0.16790066850337554,0.52739977889521783,1.0230487048342543,7.4886427709109427,36880.697397900592,431.61407189541251
30min,5,16496,0.1436182605291999,3.9085571013243681,1.2277635102437756e-05,0.0020849869935508922,0.010770235746928787,0.022353393638074079,0.048740244231951446,0.077469918347476463,0.099585376790104083,0.13167923744581184,0.16855274726243405,0.48920258370095088,0.8960257112061496,3.169248829705583,461.23035406600303,104.59079723273419
30min,7,3037,0.090261325555796315,0.15725460159636082,6.5850368779877283e-05,0.0033131220537899742,0.013559178099587897,0.026794939493712141,0.053135047900974043,0.076718782794892207,0.093307290402256979,0.12728300257891206,0.17276203816206309,0.40618588745428008,0.76618860230697161,2.8378780373341659,4.2908857706041603,16.10760259857684
30min,8,6051,0.13471123804025933,0.51895181346074759,1.9321115790199921e-05,0.0022003428179708752,0.010331161839195697,0.019317996592668547,0.046238310915345512,0.08028634319398642,0.11917640961237758,0.1815341328586243,0.26960337413246038,1.1449762724012678,2.633208154179405,6.3148525201362347,23.924300383966351,24.896391702414242
30min,9,14081,0.13073495096910492,0.63300632707124482,4.4312021267661245e-07,0.0028634281076186309,0.012905258367379243,0.023805437998769999,0.051013541249081709,0.083789126766730518,0.11402006880421232,0.18042987991154541,0.28959883839149131,1.0571893030700343,1.6778311265197334,4.8855284224199229,55.388600787912836,57.306008844685152
30min,12,16436,0.12854338625178344,1.2208678256187608,6.5511375520363913e-05,0.0025451592379604556,0.011426980376071871,0.022951540719365254,0.050763544508954046,0.076688958491346076,0.10010908242144193,0.14927898485245739,0.21881274438088805,0.74577545392389821,1.3300493880497164,6.9499151860022321,116.7908803385165,67.704593954927034
30min,13,2045,0.11949789642603509,0.30484770686287715,0.00019343720573817877,0.0035814190866855847,0.01291026080753863,0.022810263337633575,0.049448162490465394,0.085755778613689437,0.11356552070002932,0.17859847054325489,0.2432425231159977,0.90000524413927729,1.4078353596384496,4.2923735220015891,6.8838166256117432,14.778600166924978
30min,14,6079,4.2543524250543667,319.72408416491334,2.3728836494607804e-05,0.001845555652732054,0.0083923876793828515,0.017231135751145162,0.041797518694295543,0.079529257983034701,0.11090709859177009,0.16971601683621443,0.27583627137702482,0.91493294303811523,1.6694197387059413,5.1801034321251631,24929.908468305526,77.963035020328249
30min,15,9184,0.22089135888685527,5.8579696391641072,4.3917455441369752e-06,0.00091309392910406064,0.0068711052346470932,0.014153903043369279,0.046954425867601082,0.08752283334260498,0.1144183522770605,0.17126431652617188,0.28396956987111333,1.276738469175364,2.6579684159982691,8.8219961857732532,464.59673490229261,70.682129307960963
30min,16,761,0.36149520285732878,4.4648085968721976,0.00042522778829204695,0.0011798578492137131,0.0045037012719680468,0.0098586270255873552,0.02564885114555043,0.056008477113169378,0.10806216263224293,0.21080340516521467,0.33161169619178993,2.844343826430181,3.9706818414537675,55.415666183778512,112.94272270477083,22.31905845362288
30min,21,600,0.089494430929595026,0.095690049261824714,0.00027889662345320052,0.0016453414369397793,0.011064239542213529,0.021194048862089511,0.052237496327780505,0.078649538262882915,0.096776081865503474,0.13475652621548909,0.18507807136047935,0.47299547163276601,0.74460184463425638,1.0546400472031656,1.192365905531557,5.9769603466678625
hourly,1,127078,0.40305369364430954,66.517004324833621,1.3764799155808907e-06,0.0010151061528525817,0.0049899724061354339,0.0095915216310834238,0.024245617147521669,0.058303040956345059,0.08721092553439537,0.1189138948422068,0.15888883633170348,0.48347047714641755,0.93036878255123023,3.7848774300891419,22843.74540774916,322.69280789830447
hourly,2,35902,0.17224383995906523,4.1710894532481015,3.7220756029790912e-07,0.0012645002752731858,0.0056777283180281576,0.012174223234010526,0.037606857734112244,0.071649741481236068,0.097791913598777827,0.13115298518965215,0.17486559352664718,0.58104070989115619,1.1909689070472873,14.697187996446663,509.43211462888485,91.314765586445318
hourly,3,254000,0.86026707060081486,208.93785353847699,1.1299521784049418e-06,0.00080656975456345592,0.0037847609201136436,0.0075612890531993942,0.018300832513585878,0.043023855501289732,0.075745607355665032,0.099608004003164829,0.13380483599382342,0.40232823646738342,0.77299543973913343,3.5133640166309132,97164.03212104032,415.96480737512229
hourly,5,15365,0.15760554954241066,5.8779844277347415,2.7292162116784666e-05,0.001908955850893321,0.0097199277444345762,0.019521685738428832,0.047277420343088357,0.077448796130431222,0.099090722369280709,0.13051552215352888,0.16508009768113519,0.44805613038739378,0.70563397214732759,2.831190724097175,665.77059148178216,102.05690186327303
hourly,7,3028,0.090943716853341572,0.15041438894795284,0.0002791241604723128,0.0028732431532193462,0.014268062153129438,0.028038701248808584,0.053065378974335158,0.0767749154677759,0.092926640852593612,0.12630133676969996,0.16916858689483558,0.48291648345404992,0.92000329400106362,1.9907269977299862,4.7876715669000376,16.126501731703407
hourly,8,6018,0.13051501232249116,0.86402310245396263,8.177737234580153e-05,0.0017639598826862119,0.010123823616185364,0.01962132446153236,0.046048154370584307,0.080814325224422667,0.11923553960153582,0.17875956965358072,0.25708074231617278,0.76059118561107353,1.3731291334128146,3.4322993259448618,48.157837135006204,45.134393358778226
hourly,9,14085,0.13488153278588699,0.85420164908257212,3.2606705694700108e-06,0.0024962813172092245,0.012837052142502331,0.023619634908301702,0.051003801595348029,0.083900373096112132,0.11387937061853369,0.17799954179583855,0.27656667210905478,0.88827421264265227,1.7532928906088885,5.2336174072397306,55.509594297738765,50.246154516727501
hourly,12,16129,0.16741549723824964,4.951485694455644,1.2984778697533739e-05,0.0021119178241796326,0.0099849531554965041,0.019369112633496888,0.045782162924435293,0.074350145432166947,0.097758395766514461,0.14403114990620375,0.20840851623970519,0.7031578887707236,1.2200990854759657,7.4250551021879474,605.67824794176511,114.38899618361818
hourly,13,2047,0.17312106345806749,1.52612808146856,0.00015572807035870454,0.0033112405144307801,0.012430253788660117,0.020888762090649212,0.049251221380452792,0.087295008569113791,0.11629126210372187,0.1786955999590803,0.26462509420302605,1.1467234786719931,2.1790202829026701,22.180869627548205,50.310019530670161,27.899604233702707
hourly,14,5827,0.12843294852558509,0.45392002749312182,2.5004844611244447e-06,0.0015873624187345316,0.0079774691563102955,0.015563632416056192,0.035943532975403911,0.069801706679397765,0.1069559632440813,0.16767037977057345,0.27492344452724932,1.5433299343139468,2.4493082709488245,8.3451163941831901,12.705890313024467,15.57535931281727
hourly,15,7491,0.26929356892940298,10.585637611290954,2.424604552838348e-05,0.00067461415498980097,0.0043066538598991004,0.0095971709228600422,0.024679531213832907,0.073518623484401399,0.10567617118243755,0.14818392665839017,0.22656965633279275,0.77712851123007809,1.1485202553956189,5.1083512058750955,768.98346801659056,64.989919253118074
hourly,16,740,0.11769400601499558,0.31663577670687948,0.00029667095223928224,0.0022278845229931027,0.0072128305077551009,0.012031537780025652,0.026473203626702094,0.056505924932705565,0.11047950984977488,0.1956698775752288,0.34075817262925145,1.372681707240401,2.1973120970816171,3.9953825249995996,5.09527946475629,9.9412618281479261
hourly,21,0,,,,,,,,,,,,,,,,
