price,count,price_minus_P_base,delta_P,abs(delta_P)
21.25,12,-0.09586956773506827,-0.004491246769350547,0.004491246769350547
21.26,12,-0.08586956773506671,-0.004022772061947815,0.004022772061947815
21.27,4,-0.0758695677350687,-0.0035542973545452496,0.0035542973545452496
21.28,8,-0.06586956773506714,-0.0030858226471425177,0.0030858226471425177
21.29,7,-0.055869567735069126,-0.0026173479397399524,0.0026173479397399524
21.3,9,-0.04586956773506756,-0.0021488732323372206,0.0021488732323372206
21.31,9,-0.03586956773506955,-0.001680398524934655,0.001680398524934655
21.32,5,-0.02586956773506799,-0.0012119238175319232,0.0012119238175319232
21.33,7,-0.015869567735069978,-0.0007434491101293579,0.0007434491101293579
21.34,12,-0.005869567735068415,-0.0002749744027266261,0.0002749744027266261
21.35,11,0.004130432264933148,0.0001935003046761057,0.0001935003046761057
21.36,7,0.014130432264931159,0.000661975012078671,0.000661975012078671
21.37,3,0.024130432264932722,0.0011304497194814028,0.0011304497194814028
21.38,10,0.03413043226493073,0.0015989244268839681,0.0015989244268839681
21.39,7,0.044130432264932296,0.0020673991342867,0.0020673991342867
21.4,5,0.054130432264930306,0.0025358738416892653,0.0025358738416892653
21.41,8,0.06413043226493187,0.003004348549091997,0.003004348549091997
21.42,13,0.07413043226493343,0.003472823256494729,0.003472823256494729
21.43,11,0.08413043226493144,0.003941297963897294,0.003941297963897294
21.44,22,0.094130432264933,0.004409772671300026,0.004409772671300026
