bin_left,bin_right,count,percentage
-10599.50944994294,-9631.585175385515,1,0.0008789277081960009
-9631.585175385515,-8663.66090082809,0,0.0
-8663.66090082809,-7695.736626270664,0,0.0
-7695.736626270664,-6727.812351713239,0,0.0
-6727.812351713239,-5759.888077155814,0,0.0
-5759.888077155814,-4791.963802598389,0,0.0
-4791.963802598389,-3824.039528040963,0,0.0
-3824.039528040963,-2856.1152534835383,3,0.0026367831245880024
-2856.1152534835383,-1888.1909789261135,2,0.0017578554163920018
-1888.1909789261135,-920.2667043686888,3,0.0026367831245880024
-920.2667043686888,47.657570188737736,113398,99.6686442540101
47.657570188737736,1015.5818447461625,361,0.3172929026587563
1015.5818447461625,1983.5061193035872,2,0.0017578554163920018
1983.5061193035872,2951.4303938610137,4,0.0035157108327840037
2951.4303938610137,3919.354668418438,1,0.0008789277081960009
