rank,source_row_index,weather_code,weather_name,hour,price,distance,delta_P,delta_L,epsilon,abs_epsilon
1,2201675,1,Clear,23,21.34,13.58,-0.0002749744027266261,2.914593780193289,-10599.50944994294,10599.50944994294
2,2200481,1,Clear,23,21.35,6.1,0.0001935003046761057,0.758396322472685,3919.354668418438,3919.354668418438
3,2256775,1,Clear,23,21.35,1.13,0.0001935003046761057,-0.6742642878042403,-3484.5644761793574,3484.5644761793574
4,2442952,1,Clear,23,21.35,1.17,0.0001935003046761057,-0.6627338201158949,-3424.975589703721,3424.975589703721
5,2329035,1,Clear,23,21.35,1.42,0.0001935003046761057,-0.5906683970637356,-3052.545049230995,3052.545049230995
6,2329562,1,Clear,23,21.34,1.05,-0.0002749744027266261,-0.6973252231809312,2535.9641343568896,2535.9641343568896
7,1235999,1,Clear,23,21.34,1.12,-0.0002749744027266261,-0.6771469047263267,2462.581600366388,2462.581600366388
8,3327799,1,Clear,23,21.35,1.83,0.0001935003046761057,-0.4724811032581945,-2441.758962855724,2441.758962855724
9,1234921,1,Clear,23,21.35,1.88,0.0001935003046761057,-0.45806801864776264,-2367.272854761179,2367.272854761179
10,2304879,1,Clear,23,21.34,1.43,-0.0002749744027266261,-0.5877857801416492,2137.6018069798797,2137.6018069798797
11,2331107,1,Clear,23,21.34,1.52,-0.0002749744027266261,-0.561842227842872,2043.2528347063778,2043.2528347063778
12,2257174,1,Clear,23,21.34,1.69,-0.0002749744027266261,-0.5128377401674037,1865.0381093008734,1865.0381093008734
13,1019851,1,Clear,23,21.35,2.38,0.0001935003046761057,-0.3139371725434442,-1622.4117738157267,1622.4117738157267
14,952060,1,Clear,23,21.34,4.86,-0.0002749744027266261,0.4009518241339754,-1458.1423585547104,1458.1423585547104
15,953066,1,Clear,23,21.35,4.3,0.0001935003046761057,0.2395252764971386,1237.8547770148098,1237.8547770148098
16,2302947,1,Clear,23,21.36,1.34,0.000661975012078671,-0.6137293324404265,-927.1185788618394,927.1185788618394
17,952090,1,Clear,23,21.33,5.63,-0.0007434491101293579,0.6229133271346257,-837.8694905240261,837.8694905240261
18,2302726,1,Clear,23,21.35,2.93,0.0001935003046761057,-0.15539324182869385,-803.0645847757288,803.0645847757288
19,2302988,1,Clear,23,21.36,1.7,0.000661975012078671,-0.5099551232453173,-770.3540374492455,770.3540374492455
20,2305258,1,Clear,23,21.33,1.57,-0.0007434491101293579,-0.5474291432324401,736.3370750920518,736.3370750920518
21,1149992,1,Clear,23,21.36,1.78,0.000661975012078671,-0.4868941878686263,-735.5174726908912,735.5174726908912
22,1186651,1,Clear,23,21.36,1.8,0.000661975012078671,-0.4811289540244536,-726.8083315013027,726.8083315013027
23,1235064,1,Clear,23,21.33,1.76,-0.0007434491101293579,-0.4926594217127991,662.6673097060777,662.6673097060777
24,1001433,1,Clear,23,21.34,2.87,-0.0002749744027266261,-0.17268894336121207,628.018250603842,628.018250603842
25,2256721,1,Clear,23,21.37,1.26,0.0011304497194814028,-0.6367902678171175,-563.3070244904363,563.3070244904363
26,2445010,1,Clear,23,21.36,2.19,0.000661975012078671,-0.3687068940630852,-556.9800783043258,556.9800783043258
27,2303244,1,Clear,23,21.34,3.0,-0.0002749744027266261,-0.13521492337408933,491.73640176433884,491.73640176433884
28,1022941,1,Clear,23,21.37,1.62,0.0011304497194814028,-0.5330160586220082,-471.50797548654435,471.50797548654435
29,952297,1,Clear,23,21.4,7.56,0.0025358738416892653,1.1792583930972946,465.0303866503607,465.0303866503607
30,2394778,1,Clear,23,21.37,5.25,0.0011304497194814028,0.5133738840953437,454.1324353027001,454.1324353027001
31,1021353,1,Clear,23,21.33,4.63,-0.0007434491101293579,0.3346516349259888,-450.1338832294257,450.1338832294257
32,1023896,1,Clear,23,21.31,1.09,-0.001680398524934655,-0.6857947554925857,408.1143522303758,408.1143522303758
33,2443415,1,Clear,23,21.32,1.9,-0.0012119238175319232,-0.45230278480358993,373.2105750052031,373.2105750052031
34,2354659,1,Clear,23,21.3,6.2,-0.0021488732323372206,0.7872224916935489,-366.34198790653033,366.34198790653033
35,2395490,1,Clear,23,21.34,3.8,-0.0002749744027266261,0.09539443039282015,-346.92112955568206,346.92112955568206
36,1024288,1,Clear,23,21.35,3.7,0.0001935003046761057,0.06656826117195656,344.0214798802677,344.0214798802677
37,1235369,1,Clear,23,21.3,0.91,-0.0021488732323372206,-0.7376818600901404,343.28775145465477,343.28775145465477
38,2405385,1,Clear,23,21.32,2.08,-0.0012119238175319232,-0.40041568020603524,330.3967414564719,330.3967414564719
39,1020355,1,Clear,23,21.42,7.42,0.003472823256494729,1.1389017561880856,327.94693886542,327.94693886542
40,953446,1,Clear,23,21.34,3.16,-0.0002749744027266261,-0.08909305262070737,324.0048955003344,324.0048955003344
41,1000720,1,Clear,23,21.29,6.4,-0.0026173479397399524,0.8448748301352762,-322.7980572652557,322.7980572652557
42,1148878,1,Clear,23,21.38,1.78,0.0015989244268839681,-0.4868941878686263,-304.51357154978257,304.51357154978257
43,2329249,1,Clear,23,21.41,0.31,0.003004348549091997,-0.9106388754153225,-303.1069333451821,303.1069333451821
44,1187038,1,Clear,23,21.32,2.2,-0.0012119238175319232,-0.3658242771409988,301.85418575731774,301.85418575731774
45,1237182,1,Clear,23,21.41,0.49,0.003004348549091997,-0.858751770817768,-285.83626592770275,285.83626592770275
46,2444497,1,Clear,23,21.29,0.92,-0.0026173479397399524,-0.7347992431680541,280.74190366950614,280.74190366950614
47,1082269,1,Clear,23,21.29,6.0,-0.0026173479397399524,0.7295701532518214,-278.74404551819276,278.74404551819276
48,31429,1,Clear,23,21.39,5.37,0.0020673991342867,0.5479652871603802,265.0505546184437,265.0505546184437
49,2406302,1,Clear,23,21.32,2.37,-0.0012119238175319232,-0.3168197894655305,261.41889851684937,261.41889851684937
50,1149086,1,Clear,23,21.3,5.4,-0.0021488732323372206,0.5566131379266394,-259.02558119784453,259.02558119784453
51,1187192,1,Clear,23,21.38,2.04,0.0015989244268839681,-0.4119461478943807,-257.6395362832712,257.6395362832712
52,1235346,1,Clear,23,21.31,1.99,-0.001680398524934655,-0.42635923250481256,253.72506948694937,253.72506948694937
53,1188982,1,Clear,23,21.44,7.27,0.004409772671300026,1.09566250235679,248.46235487095586,248.46235487095586
54,2328195,1,Clear,23,21.3,1.63,-0.0021488732323372206,-0.5301334416999219,246.70298541683758,246.70298541683758
55,1053501,1,Clear,23,21.44,7.24,0.004409772671300026,1.0870146515905312,246.50128988850417,246.50128988850417
56,1082308,1,Clear,23,21.44,7.23,0.004409772671300026,1.0841320346684449,245.84760156102027,245.84760156102027
57,1188505,1,Clear,23,21.43,6.76,0.003941297963897294,0.9486490393303854,240.69457524402134,240.69457524402134
58,1019977,1,Clear,23,21.36,4.0,0.000661975012078671,0.15304676883454757,231.1971993534388,231.1971993534388
59,1235261,1,Clear,23,21.39,1.82,0.0020673991342867,-0.47536372018028084,-229.93321042687396,229.93321042687396
60,1237326,1,Clear,23,21.42,0.7,0.003472823256494729,-0.7982168154539543,-229.84665688389484,229.84665688389484
61,3327203,1,Clear,23,21.42,0.7,0.003472823256494729,-0.7982168154539543,-229.84665688389484,229.84665688389484
62,2255261,1,Clear,23,21.26,0.3,-0.004022772061947815,-0.913521492337409,227.08756008787742,227.08756008787742
63,1000476,1,Clear,23,21.33,4.03,-0.0007434491101293579,0.16169461960080675,-217.49251885266548,217.49251885266548
64,2330149,1,Clear,23,21.26,0.46,-0.004022772061947815,-0.8673996215840271,215.62236393876978,215.62236393876978
65,1053916,1,Clear,23,21.46,7.46,0.005346722086105323,1.1504322238764313,215.16589142833735,215.16589142833735
66,2199784,1,Clear,23,21.31,2.22,-0.001680398524934655,-0.36005904329682603,214.27003056362923,214.27003056362923
67,2406024,1,Clear,23,21.25,6.8,-0.004491246769350547,0.9601795070187308,-213.78907825133305,213.78907825133305
68,2304518,1,Clear,23,21.3,1.92,-0.0021488732323372206,-0.44653755095941716,207.80078798493892,207.80078798493892
69,2306116,1,Clear,23,21.43,0.64,0.003941297963897294,-0.8155125169864723,-206.91470791009792,206.91470791009792
70,2302749,1,Clear,23,21.3,1.95,-0.0021488732323372206,-0.4378897001931581,203.7764227333632,203.7764227333632
71,1082668,1,Clear,23,21.2,8.25,-0.006833620306363873,1.3781589607212545,-201.67332964604884,201.67332964604884
72,2442715,1,Clear,23,21.44,0.45,0.004409772671300026,-0.8702822385061133,-197.35308447307085,197.35308447307085
73,1150019,1,Clear,23,21.31,2.32,-0.001680398524934655,-0.33123287407596247,197.11566581435972,197.11566581435972
74,2200959,1,Clear,23,21.3,2.02,-0.0021488732323372206,-0.4177113817385535,194.3862371463532,194.3862371463532
75,1020889,1,Clear,23,21.21,7.76,-0.006365145598961141,1.2369107315390224,-194.32559904692508,194.32559904692508
76,919894,1,Clear,23,21.23,7.07,-0.005428196184155844,1.038010163915063,-191.22561688998482,191.22561688998482
77,2306008,1,Clear,23,21.42,1.18,0.003472823256494729,-0.6598512031938084,-190.00425718751515,190.00425718751515
78,2256349,1,Clear,23,21.46,6.88,0.005346722086105323,0.9832404423954219,183.8959322293179,183.8959322293179
79,2444488,1,Clear,23,21.46,6.88,0.005346722086105323,0.9832404423954219,183.8959322293179,183.8959322293179
80,3205599,1,Clear,23,21.21,7.46,-0.006365145598961141,1.1504322238764313,-180.7393414636413,180.7393414636413
81,919659,1,Clear,23,21.21,7.44,-0.006365145598961141,1.1446669900322586,-179.83359095808905,179.83359095808905
82,1235618,1,Clear,23,21.43,1.05,0.003941297963897294,-0.6973252231809312,-176.9278114896422,176.9278114896422
83,3383918,1,Clear,23,21.31,4.5,-0.001680398524934655,0.297177614938866,-176.84948571971773,176.84948571971773
84,2444962,1,Clear,23,21.31,2.44,-0.001680398524934655,-0.296641471010926,176.53042811523613,176.53042811523613
85,1149964,1,Clear,23,21.39,2.21,0.0020673991342867,-0.3629416602189125,-175.55471229513486,175.55471229513486
86,1236722,1,Clear,23,21.38,2.5,0.0015989244268839681,-0.2793457694784078,-174.7085508117511,174.7085508117511
87,1150075,1,Clear,23,21.21,7.32,-0.006365145598961141,1.110075586967222,-174.39908792477553,174.39908792477553
88,1236135,1,Clear,23,21.24,0.49,-0.004959721476753279,-0.858751770817768,173.14516043750143,173.14516043750143
89,1236999,1,Clear,23,21.3,2.18,-0.0021488732323372206,-0.3715895109851715,172.92295580461598,172.92295580461598
90,2443293,1,Clear,23,21.46,0.28,0.005346722086105323,-0.9192867261815817,-171.93463796642018,171.93463796642018
91,1083020,1,Clear,23,21.49,7.48,0.006752146208313186,1.1561974577206042,171.23406722104204,171.23406722104204
92,2329368,1,Clear,23,21.26,1.08,-0.004022772061947815,-0.6886773724146721,171.19472886097762,171.19472886097762
93,2303268,1,Clear,23,21.27,1.36,-0.0035542973545452496,-0.6079640985962539,171.05043218142313,171.05043218142313
94,3327696,1,Clear,23,21.47,6.9,0.005815196793507889,0.9890056762395947,170.07260654424024,170.07260654424024
95,2256082,1,Clear,23,21.21,7.18,-0.006365145598961141,1.0697189500580129,-168.05883438590976,168.05883438590976
96,952977,1,Clear,23,21.35,3.58,0.0001935003046761057,0.0319768581069201,165.25482045335895,165.25482045335895
97,1024629,1,Clear,23,21.18,7.89,-0.00777056972116917,1.2743847515261448,-164.0014564253082,164.0014564253082
98,1082489,1,Clear,23,21.42,1.5,0.003472823256494729,-0.5676074616870447,-163.44265738992877,163.44265738992877
99,2444030,1,Clear,23,21.25,0.94,-0.004491246769350547,-0.7290340093238813,162.32330280736338,162.32330280736338
100,1024118,1,Clear,23,21.3,2.26,-0.0021488732323372206,-0.34852857560848066,162.19131513374745,162.19131513374745
