rank,weather_code,weather_name,hour,n,canonical_mean,recomputed_mean,canonical_sd,recomputed_sd,sd_abs_difference,verification_passed,canonical_variance,recomputed_variance
1,1,Clear,23,113775,1.1229147998552993,1.122914799855299,43.9864029153689,43.98640291536874,1.5631940186722204e-13,True,1934.8036414331737,1934.8036414331598
2,1,Clear,5,32073,1.2416901520664898,1.2416901520664898,41.11424601699597,41.11424601699605,7.815970093361102e-14,True,1690.3812255460691,1690.3812255460757
3,8,Rain,19,19235,1.4964210771588795,1.4964210771588797,39.574818973756045,39.57481897375605,7.105427357601002e-15,True,1566.166296805562,1566.1662968055618
4,1,Clear,3,23657,1.3350056581582577,1.3350056581582577,35.83376918531018,35.833769185310224,4.263256414560601e-14,True,1284.0590140260856,1284.0590140260886
5,8,Rain,2,5155,0.8028742865299326,0.8028742865299328,35.42616384241937,35.42616384241936,7.105427357601002e-15,True,1255.0130845899416,1255.0130845899412
6,1,Clear,8,165769,1.3873381413665091,1.3873381413665093,33.45248156134732,33.4524815613474,7.815970093361102e-14,True,1119.0685226122823,1119.0685226122876
7,8,Rain,3,6361,1.5476920174707602,1.5476920174707602,33.12125970000199,33.121259700002014,2.1316282072803006e-14,True,1097.017844114976,1097.0178441149774
8,1,Clear,1,57138,1.278495470247504,1.278495470247504,32.55865832649558,32.558658326495525,5.684341886080802e-14,True,1060.06623202148,1060.0662320214763
9,1,Clear,7,119329,1.118809947631637,1.1188099476316373,30.44094157023238,30.44094157023236,1.7763568394002505e-14,True,926.6509236823016,926.6509236823007
10,1,Clear,4,19549,1.4340575056592024,1.4340575056592024,30.391032024834832,30.391032024834896,6.394884621840902e-14,True,923.6148275345364,923.6148275345403
11,8,Rain,20,9975,1.4652394688391397,1.4652394688391397,30.127504065828305,30.12750406582829,1.4210854715202004e-14,True,907.6665012365012,907.6665012365003
12,1,Clear,11,143812,1.806084462589587,1.8060844625895875,28.81552289687216,28.815522896872256,9.592326932761353e-14,True,830.3343598201636,830.3343598201692
13,8,Rain,7,25151,0.9321596071072132,0.9321596071072134,28.433130653179855,28.433130653179905,4.973799150320701e-14,True,808.4429187407959,808.4429187407987
14,8,Rain,17,11290,1.1542064414138646,1.1542064414138646,27.264742142301955,27.264742142301934,2.1316282072803006e-14,True,743.3661640862164,743.366164086215
15,1,Clear,2,35962,0.9204058882823368,0.9204058882823369,27.146609494423963,27.146609494424045,8.171241461241152e-14,True,736.9384070427491,736.9384070427536
16,1,Clear,0,95857,1.1975739569720976,1.1975739569720973,25.990988317769457,25.990988317769425,3.197442310920451e-14,True,675.5314737344283,675.5314737344268
17,1,Clear,9,165688,1.621392041378913,1.621392041378913,25.78695469826399,25.78695469826419,1.9895196601282805e-13,True,664.9670326103195,664.9670326103295
18,1,Clear,21,157395,1.2465658789851026,1.2465658789851026,25.433848883625274,25.433848883625284,1.0658141036401503e-14,True,646.8806690350866,646.8806690350872
19,8,Rain,8,12292,1.6827933567786777,1.6827933567786775,25.198385690539915,25.198385690539887,2.842170943040401e-14,True,634.9586414092067,634.9586414092054
20,1,Clear,19,149037,1.4289003709149168,1.428900370914917,24.734435225394098,24.734435225393966,1.3145040611561853e-13,True,611.7922859192164,611.7922859192099
21,1,Clear,22,143199,1.2446142541751477,1.2446142541751475,24.35889504410748,24.35889504410738,9.947598300641403e-14,True,593.355767769844,593.3557677698392
22,8,Rain,18,18540,1.4111322180992163,1.4111322180992165,23.79531028953594,23.795310289535916,2.4868995751603507e-14,True,566.2167917752951,566.2167917752938
23,1,Clear,17,187292,1.5427693120080763,1.5427693120080765,23.138350526607216,23.13835052660722,3.552713678800501e-15,True,535.3832650921444,535.3832650921446
24,8,Rain,0,14421,0.9473290939461004,0.9473290939461005,22.264749087576806,22.26474908757681,3.552713678800501e-15,True,495.7190519327522,495.71905193275234
25,1,Clear,20,169635,1.3341627547452153,1.3341627547452157,21.088186468282224,21.088186468282338,1.1368683772161603e-13,True,444.7116085210415,444.71160852104634
26,1,Clear,16,189733,1.561572309581447,1.5615723095814473,21.03831818092939,21.038318180929426,3.552713678800501e-14,True,442.61083188202434,442.6108318820257
27,1,Clear,13,153917,1.7252633115321945,1.725263311532194,20.93612985222416,20.93612985222416,0.0,True,438.3215331891916,438.32153318919165
28,8,Rain,22,6028,1.0503685357739367,1.0503685357739365,20.175469202033263,20.17546920203324,2.1316282072803006e-14,True,407.04955752219274,407.0495575221919
29,1,Clear,15,209387,1.6841829078362207,1.6841829078362214,20.16120045040252,20.16120045040228,2.4158453015843406e-13,True,406.4740036013108,406.47400360130115
30,1,Clear,6,64967,1.0714938097411404,1.0714938097411404,19.522667527834116,19.522667527834138,2.1316282072803006e-14,True,381.13454740234863,381.13454740234954
31,1,Clear,18,170739,1.4797087515285867,1.479708751528587,19.519216778776983,19.51921677877694,4.263256414560601e-14,True,380.999823656889,380.9998236568872
32,8,Rain,21,12438,1.382931727568806,1.382931727568806,17.631904205356797,17.63190420535679,7.105427357601002e-15,True,310.8840459068787,310.88404590687844
33,1,Clear,10,154738,1.895926600805885,1.8959266008058853,17.43678017926099,17.436780179261103,1.1368683772161603e-13,True,304.0413030198689,304.0413030198729
34,8,Rain,23,6912,0.9316496524437732,0.9316496524437733,17.379644344539884,17.379644344539866,1.7763568394002505e-14,True,302.0520375426972,302.0520375426965
35,8,Rain,14,14207,1.6428152283240145,1.6428152283240143,17.108257998439235,17.108257998439235,0.0,True,292.6924917411601,292.69249174116004
36,1,Clear,14,193383,1.6662831708303882,1.6662831708303882,15.060558837168562,15.060558837168715,1.5276668818842154e-13,True,226.82043248781608,226.82043248782068
37,8,Rain,15,17036,1.6565641762732095,1.6565641762732097,14.838537692478145,14.83853769247815,5.329070518200751e-15,True,220.18220085109465,220.18220085109476
38,8,Rain,9,10663,1.4170083640853677,1.4170083640853675,14.316197803991706,14.316197803991713,7.105427357601002e-15,True,204.95351956301695,204.95351956301712
39,1,Clear,12,169540,1.816428666769042,1.8164286667690426,12.194799451526372,12.194799451526308,6.394884621840902e-14,True,148.71313366294788,148.71313366294632
40,8,Rain,16,3628,1.3201752022182685,1.3201752022182685,12.169816591344787,12.16981659134479,3.552713678800501e-15,True,148.1044358669709,148.10443586697093
41,8,Rain,4,2463,1.0551405007209913,1.055140500720991,10.202446054933908,10.202446054933917,8.881784197001252e-15,True,104.08990550383646,104.08990550383666
42,8,Rain,1,978,1.195889439203211,1.1958894392032107,9.453586660117365,9.45358666011737,5.329070518200751e-15,True,89.370300740349,89.37030074034911
43,8,Rain,13,18437,1.6725555786995017,1.6725555786995017,8.557251643083449,8.557251643083442,7.105427357601002e-15,True,73.22655568305439,73.22655568305426
44,8,Rain,6,2326,1.201653810888406,1.2016538108884058,5.271877939311509,5.271877939311511,1.7763568394002505e-15,True,27.792697006999365,27.79269700699939
